#
# There is insufficient memory for the Java Runtime Environment to continue.
# Native memory allocation (mmap) failed to map 65536 bytes. Error detail: Failed to commit metaspace.
# Possible reasons:
#   The system is out of physical RAM or swap space
#   This process is running with CompressedOops enabled, and the Java Heap may be blocking the growth of the native heap
# Possible solutions:
#   Reduce memory load on the system
#   Increase physical memory or swap space
#   Check if swap backing store is full
#   Decrease Java heap size (-Xmx/-Xms)
#   Decrease number of Java threads
#   Decrease Java thread stack sizes (-Xss)
#   Set larger code cache with -XX:ReservedCodeCacheSize=
#   JVM is running with Unscaled Compressed Oops mode in which the Java heap is
#     placed in the first 4GB address space. The Java Heap base address is the
#     maximum limit for the native heap growth. Please use -XX:HeapBaseMinAddress
#     to set the Java Heap base and to place the Java Heap above 4GB virtual address.
# This output file may be truncated or incomplete.
#
#  Out of Memory Error (virtualSpaceNode.cpp:113), pid=6736, tid=26340
#
# JRE version: OpenJDK Runtime Environment Temurin-21.0.10+7 (21.0.10+7) (build 21.0.10+7-LTS)
# Java VM: OpenJDK 64-Bit Server VM Temurin-21.0.10+7 (21.0.10+7-LTS, mixed mode, sharing, tiered, compressed oops, compressed class ptrs, g1 gc, windows-amd64)
# No core dump will be written. Minidumps are not enabled by default on client versions of Windows
#

---------------  S U M M A R Y ------------

Command Line: --add-opens=java.base/java.util=ALL-UNNAMED --add-opens=java.base/java.lang=ALL-UNNAMED --add-opens=java.base/java.lang.invoke=ALL-UNNAMED --add-opens=java.prefs/java.util.prefs=ALL-UNNAMED --add-exports=jdk.compiler/com.sun.tools.javac.api=ALL-UNNAMED --add-exports=jdk.compiler/com.sun.tools.javac.util=ALL-UNNAMED --add-opens=java.base/java.nio.charset=ALL-UNNAMED --add-opens=java.base/java.net=ALL-UNNAMED --add-opens=java.base/java.util.concurrent.atomic=ALL-UNNAMED -XX:MaxMetaspaceSize=384m -XX:+HeapDumpOnOutOfMemoryError -Xms256m -Xmx512m -Dfile.encoding=utf8 -Duser.country=IN -Duser.language=en -Duser.variant -javaagent:C:\Users\vsing\.gradle\wrapper\dists\gradle-8.9-bin\90cnw93cvbtalezasaz0blq0a\gradle-8.9\lib\agents\gradle-instrumentation-agent-8.9.jar org.gradle.launcher.daemon.bootstrap.GradleDaemon 8.9

Host: 11th Gen Intel(R) Core(TM) i3-1125G4 @ 2.00GHz, 8 cores, 7G,  Windows 11 , 64 bit Build 26100 (10.0.26100.8328)
Time: Tue May 26 15:03:30 2026 India Standard Time elapsed time: 60.355851 seconds (0d 0h 1m 0s)

---------------  T H R E A D  ---------------

Current thread (0x000001674cae62e0):  JavaThread "Daemon worker"        [_thread_in_vm, id=26340, stack(0x0000003479600000,0x0000003479700000) (1024K)]

Stack: [0x0000003479600000,0x0000003479700000]
Native frames: (J=compiled Java code, j=interpreted, Vv=VM code, C=native code)
V  [jvm.dll+0x6d7a39]
V  [jvm.dll+0x8b4b26]
V  [jvm.dll+0x8b70de]
V  [jvm.dll+0x8b77c3]
V  [jvm.dll+0x284346]
V  [jvm.dll+0x8b086e]
V  [jvm.dll+0x679444]
V  [jvm.dll+0x1e82bb]
V  [jvm.dll+0x1e807e]
V  [jvm.dll+0x67bd42]
V  [jvm.dll+0x67bb72]
V  [jvm.dll+0x679e1e]
V  [jvm.dll+0x26e1f0]
V  [jvm.dll+0x684085]
V  [jvm.dll+0x21955e]
V  [jvm.dll+0x219a05]
V  [jvm.dll+0x21a3f8]
V  [jvm.dll+0x20f62e]
V  [jvm.dll+0x5b644f]
V  [jvm.dll+0x82ead6]
V  [jvm.dll+0x478db8]
V  [jvm.dll+0x47ebe8]
C  [java.dll+0x17ec]

Java frames: (J=compiled Java code, j=interpreted, Vv=VM code)
J 808  java.lang.ClassLoader.defineClass1(Ljava/lang/ClassLoader;Ljava/lang/String;[BIILjava/security/ProtectionDomain;Ljava/lang/String;)Ljava/lang/Class; java.base@21.0.10 (0 bytes) @ 0x0000016727046691 [0x00000167270465c0+0x00000000000000d1]
J 12408 c2 java.security.SecureClassLoader.defineClass(Ljava/lang/String;[BIILjava/security/CodeSource;)Ljava/lang/Class; java.base@21.0.10 (16 bytes) @ 0x000001672782f8cc [0x000001672782f720+0x00000000000001ac]
J 13761 c2 java.net.URLClassLoader$1.run()Ljava/lang/Object; java.base@21.0.10 (5 bytes) @ 0x00000167272380b0 [0x00000167272370e0+0x0000000000000fd0]
J 13779 c2 java.net.URLClassLoader.findClass(Ljava/lang/String;)Ljava/lang/Class; java.base@21.0.10 (47 bytes) @ 0x000001672759375c [0x00000167275936a0+0x00000000000000bc]
J 8340 c1 org.gradle.internal.classloader.VisitableURLClassLoader$InstrumentingVisitableURLClassLoader.findClass(Ljava/lang/String;)Ljava/lang/Class; (36 bytes) @ 0x00000167203ede1c [0x00000167203edd40+0x00000000000000dc]
J 8370 c2 java.lang.ClassLoader.loadClass(Ljava/lang/String;Z)Ljava/lang/Class; java.base@21.0.10 (121 bytes) @ 0x0000016727489148 [0x0000016727488e20+0x0000000000000328]
J 3484 c2 java.lang.ClassLoader.loadClass(Ljava/lang/String;)Ljava/lang/Class; java.base@21.0.10 (7 bytes) @ 0x00000167271e2c6c [0x00000167271e2c20+0x000000000000004c]
v  ~StubRoutines::call_stub 0x0000016726a510e7
J 808  java.lang.ClassLoader.defineClass1(Ljava/lang/ClassLoader;Ljava/lang/String;[BIILjava/security/ProtectionDomain;Ljava/lang/String;)Ljava/lang/Class; java.base@21.0.10 (0 bytes) @ 0x0000016727046691 [0x00000167270465c0+0x00000000000000d1]
J 12408 c2 java.security.SecureClassLoader.defineClass(Ljava/lang/String;[BIILjava/security/CodeSource;)Ljava/lang/Class; java.base@21.0.10 (16 bytes) @ 0x000001672782f8cc [0x000001672782f720+0x00000000000001ac]
J 13761 c2 java.net.URLClassLoader$1.run()Ljava/lang/Object; java.base@21.0.10 (5 bytes) @ 0x00000167272380b0 [0x00000167272370e0+0x0000000000000fd0]
J 13779 c2 java.net.URLClassLoader.findClass(Ljava/lang/String;)Ljava/lang/Class; java.base@21.0.10 (47 bytes) @ 0x000001672759375c [0x00000167275936a0+0x00000000000000bc]
J 8340 c1 org.gradle.internal.classloader.VisitableURLClassLoader$InstrumentingVisitableURLClassLoader.findClass(Ljava/lang/String;)Ljava/lang/Class; (36 bytes) @ 0x00000167203ede1c [0x00000167203edd40+0x00000000000000dc]
J 8370 c2 java.lang.ClassLoader.loadClass(Ljava/lang/String;Z)Ljava/lang/Class; java.base@21.0.10 (121 bytes) @ 0x0000016727489148 [0x0000016727488e20+0x0000000000000328]
J 3484 c2 java.lang.ClassLoader.loadClass(Ljava/lang/String;)Ljava/lang/Class; java.base@21.0.10 (7 bytes) @ 0x00000167271e2c6c [0x00000167271e2c20+0x000000000000004c]
v  ~StubRoutines::call_stub 0x0000016726a510e7
J 808  java.lang.ClassLoader.defineClass1(Ljava/lang/ClassLoader;Ljava/lang/String;[BIILjava/security/ProtectionDomain;Ljava/lang/String;)Ljava/lang/Class; java.base@21.0.10 (0 bytes) @ 0x0000016727046691 [0x00000167270465c0+0x00000000000000d1]
J 12408 c2 java.security.SecureClassLoader.defineClass(Ljava/lang/String;[BIILjava/security/CodeSource;)Ljava/lang/Class; java.base@21.0.10 (16 bytes) @ 0x000001672782f8cc [0x000001672782f720+0x00000000000001ac]
J 13761 c2 java.net.URLClassLoader$1.run()Ljava/lang/Object; java.base@21.0.10 (5 bytes) @ 0x00000167272380b0 [0x00000167272370e0+0x0000000000000fd0]
J 13779 c2 java.net.URLClassLoader.findClass(Ljava/lang/String;)Ljava/lang/Class; java.base@21.0.10 (47 bytes) @ 0x000001672759375c [0x00000167275936a0+0x00000000000000bc]
J 8340 c1 org.gradle.internal.classloader.VisitableURLClassLoader$InstrumentingVisitableURLClassLoader.findClass(Ljava/lang/String;)Ljava/lang/Class; (36 bytes) @ 0x00000167203ede1c [0x00000167203edd40+0x00000000000000dc]
J 8370 c2 java.lang.ClassLoader.loadClass(Ljava/lang/String;Z)Ljava/lang/Class; java.base@21.0.10 (121 bytes) @ 0x0000016727489148 [0x0000016727488e20+0x0000000000000328]
J 3484 c2 java.lang.ClassLoader.loadClass(Ljava/lang/String;)Ljava/lang/Class; java.base@21.0.10 (7 bytes) @ 0x00000167271e2c6c [0x00000167271e2c20+0x000000000000004c]
j  org.apache.xerces.parsers.ObjectFactory.findProviderClass(Ljava/lang/String;Ljava/lang/ClassLoader;Z)Ljava/lang/Class;+55
j  org.apache.xerces.parsers.ObjectFactory.newInstance(Ljava/lang/String;Ljava/lang/ClassLoader;Z)Ljava/lang/Object;+3
j  org.apache.xerces.parsers.ObjectFactory.createObject(Ljava/lang/String;Ljava/lang/String;Ljava/lang/String;)Ljava/lang/Object;+594
j  org.apache.xerces.parsers.ObjectFactory.createObject(Ljava/lang/String;Ljava/lang/String;)Ljava/lang/Object;+3
j  org.apache.xerces.parsers.DOMParser.<init>(Lorg/apache/xerces/util/SymbolTable;Lorg/apache/xerces/xni/grammars/XMLGrammarPool;)V+5
j  org.apache.xerces.parsers.DOMParser.<init>()V+3
j  org.apache.xerces.jaxp.DocumentBuilderImpl.<init>(Lorg/apache/xerces/jaxp/DocumentBuilderFactoryImpl;Ljava/util/Hashtable;Ljava/util/Hashtable;Z)V+9
j  org.apache.xerces.jaxp.DocumentBuilderImpl.<init>(Lorg/apache/xerces/jaxp/DocumentBuilderFactoryImpl;Ljava/util/Hashtable;Ljava/util/Hashtable;)V+5
j  org.apache.xerces.jaxp.DocumentBuilderFactoryImpl.setFeature(Ljava/lang/String;Z)V+205
j  com.android.utils.XmlUtils.createDocumentBuilder(Z)Ljavax/xml/parsers/DocumentBuilder;+18
j  com.android.utils.XmlUtils.parseDocument(Ljava/io/Reader;Z)Lorg/w3c/dom/Document;+10
j  com.android.support.AndroidxMigrationParserKt.parseMigrationFile(Lcom/android/support/MigrationParserVisitor;)V+61
j  com.android.support.AndroidxNameUtils.<clinit>()V+33
v  ~StubRoutines::call_stub 0x0000016726a510e7
j  com.android.support.AndroidxName.of(Ljava/lang/String;Ljava/lang/String;)Lcom/android/support/AndroidxName;+108
j  com.android.SdkConstants.<clinit>()V+1246
v  ~StubRoutines::call_stub 0x0000016726a510e7
j  com.android.build.gradle.internal.res.Aapt2FromMaven$Companion.create(Lorg/gradle/api/Project;Lcom/android/build/gradle/options/ProjectOptions;)Lcom/android/build/gradle/internal/res/Aapt2FromMaven;+322
j  com.android.build.gradle.internal.res.Aapt2FromMaven.create(Lorg/gradle/api/Project;Lcom/android/build/gradle/options/ProjectOptions;)Lcom/android/build/gradle/internal/res/Aapt2FromMaven;+5
j  com.android.build.gradle.internal.plugins.BasePlugin.createProjectServices(Lorg/gradle/api/Project;)V+73
j  com.android.build.gradle.internal.plugins.BasePlugin.basePluginApply(Lorg/gradle/api/Project;)V+55
j  com.android.build.gradle.internal.plugins.BasePlugin.lambda$apply$0(Lorg/gradle/api/Project;)V+2
j  com.android.build.gradle.internal.plugins.BasePlugin$$Lambda+0x0000016733e72030.run()V+8
j  com.android.build.gradle.internal.crash.CrashReporting.runAction(Ljava/lang/Runnable;)V+8
j  com.android.build.gradle.internal.plugins.BasePlugin.apply(Lorg/gradle/api/Project;)V+7
j  com.android.build.gradle.internal.plugins.BasePlugin.apply(Ljava/lang/Object;)V+5
j  org.gradle.api.internal.plugins.ImperativeOnlyPluginTarget.applyImperative(Ljava/lang/String;Lorg/gradle/api/Plugin;)V+13
j  org.gradle.api.internal.plugins.RuleBasedPluginTarget.applyImperative(Ljava/lang/String;Lorg/gradle/api/Plugin;)V+6
j  org.gradle.api.internal.plugins.AddSoftwareTypesAsExtensionsPluginTarget.applyImperative(Ljava/lang/String;Lorg/gradle/api/Plugin;)V+150
j  org.gradle.api.internal.plugins.DefaultPluginManager.addPlugin(Ljava/lang/Runnable;Lorg/gradle/api/internal/plugins/PluginImplementation;Ljava/lang/String;Ljava/lang/Class;)V+54
j  org.gradle.api.internal.plugins.DefaultPluginManager.access$100(Lorg/gradle/api/internal/plugins/DefaultPluginManager;Ljava/lang/Runnable;Lorg/gradle/api/internal/plugins/PluginImplementation;Ljava/lang/String;Ljava/lang/Class;)V+6
j  org.gradle.api.internal.plugins.DefaultPluginManager$AddPluginBuildOperation.run(Lorg/gradle/internal/operations/BuildOperationContext;)V+20
J 10686 c1 org.gradle.internal.operations.DefaultBuildOperationRunner$1.execute(Lorg/gradle/internal/operations/BuildOperation;Lorg/gradle/internal/operations/BuildOperationContext;)V (10 bytes) @ 0x000001672078cac4 [0x000001672078c860+0x0000000000000264]
J 11900 c2 org.gradle.internal.operations.DefaultBuildOperationRunner.execute(Lorg/gradle/internal/operations/BuildOperation;Lorg/gradle/internal/operations/BuildOperationWorker;Lorg/gradle/internal/operations/BuildOperationState;)V (23 bytes) @ 0x000001672779e478 [0x000001672779c820+0x0000000000001c58]
J 10685 c1 org.gradle.internal.operations.DefaultBuildOperationRunner.run(Lorg/gradle/internal/operations/RunnableBuildOperation;)V (13 bytes) @ 0x000001672078c35c [0x000001672078bf80+0x00000000000003dc]
j  org.gradle.api.internal.plugins.DefaultPluginManager.lambda$doApply$0(Ljava/lang/Runnable;Lorg/gradle/api/internal/plugins/PluginImplementation;Ljava/lang/String;Ljava/lang/Class;Lorg/gradle/internal/code/UserCodeApplicationId;)V+20
j  org.gradle.api.internal.plugins.DefaultPluginManager$$Lambda+0x000001673366a000.execute(Ljava/lang/Object;)V+24
j  org.gradle.internal.code.DefaultUserCodeApplicationContext.apply(Lorg/gradle/internal/code/UserCodeSource;Lorg/gradle/api/Action;)V+37
j  org.gradle.api.internal.plugins.DefaultPluginManager.doApply(Lorg/gradle/api/internal/plugins/PluginImplementation;)V+144
j  org.gradle.api.internal.plugins.DefaultPluginManager.apply(Ljava/lang/String;)V+52
j  org.gradle.api.internal.plugins.DefaultObjectConfigurationAction.applyType(Ljava/lang/String;)V+43
j  org.gradle.api.internal.plugins.DefaultObjectConfigurationAction.access$200(Lorg/gradle/api/internal/plugins/DefaultObjectConfigurationAction;Ljava/lang/String;)V+2
j  org.gradle.api.internal.plugins.DefaultObjectConfigurationAction$3.run()V+8
j  org.gradle.api.internal.plugins.DefaultObjectConfigurationAction.execute()V+58
j  org.gradle.api.internal.project.AbstractPluginAware.apply(Ljava/util/Map;)V+12
j  com.android.build.gradle.LibraryPlugin.apply(Lorg/gradle/api/Project;)V+15
j  com.android.build.gradle.LibraryPlugin.apply(Ljava/lang/Object;)V+5
j  org.gradle.api.internal.plugins.ImperativeOnlyPluginTarget.applyImperative(Ljava/lang/String;Lorg/gradle/api/Plugin;)V+13
j  org.gradle.api.internal.plugins.RuleBasedPluginTarget.applyImperative(Ljava/lang/String;Lorg/gradle/api/Plugin;)V+6
j  org.gradle.api.internal.plugins.AddSoftwareTypesAsExtensionsPluginTarget.applyImperative(Ljava/lang/String;Lorg/gradle/api/Plugin;)V+150
j  org.gradle.api.internal.plugins.DefaultPluginManager.addPlugin(Ljava/lang/Runnable;Lorg/gradle/api/internal/plugins/PluginImplementation;Ljava/lang/String;Ljava/lang/Class;)V+54
j  org.gradle.api.internal.plugins.DefaultPluginManager.access$100(Lorg/gradle/api/internal/plugins/DefaultPluginManager;Ljava/lang/Runnable;Lorg/gradle/api/internal/plugins/PluginImplementation;Ljava/lang/String;Ljava/lang/Class;)V+6
j  org.gradle.api.internal.plugins.DefaultPluginManager$AddPluginBuildOperation.run(Lorg/gradle/internal/operations/BuildOperationContext;)V+20
J 10686 c1 org.gradle.internal.operations.DefaultBuildOperationRunner$1.execute(Lorg/gradle/internal/operations/BuildOperation;Lorg/gradle/internal/operations/BuildOperationContext;)V (10 bytes) @ 0x000001672078cac4 [0x000001672078c860+0x0000000000000264]
J 11900 c2 org.gradle.internal.operations.DefaultBuildOperationRunner.execute(Lorg/gradle/internal/operations/BuildOperation;Lorg/gradle/internal/operations/BuildOperationWorker;Lorg/gradle/internal/operations/BuildOperationState;)V (23 bytes) @ 0x000001672779e478 [0x000001672779c820+0x0000000000001c58]
J 10685 c1 org.gradle.internal.operations.DefaultBuildOperationRunner.run(Lorg/gradle/internal/operations/RunnableBuildOperation;)V (13 bytes) @ 0x000001672078c35c [0x000001672078bf80+0x00000000000003dc]
j  org.gradle.api.internal.plugins.DefaultPluginManager.lambda$doApply$0(Ljava/lang/Runnable;Lorg/gradle/api/internal/plugins/PluginImplementation;Ljava/lang/String;Ljava/lang/Class;Lorg/gradle/internal/code/UserCodeApplicationId;)V+20
j  org.gradle.api.internal.plugins.DefaultPluginManager$$Lambda+0x000001673366a000.execute(Ljava/lang/Object;)V+24
j  org.gradle.internal.code.DefaultUserCodeApplicationContext.apply(Lorg/gradle/internal/code/UserCodeSource;Lorg/gradle/api/Action;)V+37
j  org.gradle.api.internal.plugins.DefaultPluginManager.doApply(Lorg/gradle/api/internal/plugins/PluginImplementation;)V+144
j  org.gradle.api.internal.plugins.DefaultPluginManager.apply(Ljava/lang/String;)V+52
j  org.gradle.api.internal.plugins.DefaultObjectConfigurationAction.applyType(Ljava/lang/String;)V+43
j  org.gradle.api.internal.plugins.DefaultObjectConfigurationAction.access$200(Lorg/gradle/api/internal/plugins/DefaultObjectConfigurationAction;Ljava/lang/String;)V+2
j  org.gradle.api.internal.plugins.DefaultObjectConfigurationAction$3.run()V+8
j  org.gradle.api.internal.plugins.DefaultObjectConfigurationAction.execute()V+58
j  org.gradle.api.internal.project.AbstractPluginAware.apply(Ljava/util/Map;)V+12
j  org.gradle.api.internal.project.ProjectScript.apply(Ljava/util/Map;)V+5
j  org.gradle.api.Script$apply$0.callCurrent(Lgroovy/lang/GroovyObject;[Ljava/lang/Object;)Ljava/lang/Object;+19
j  org.codehaus.groovy.runtime.callsite.CallSiteArray.defaultCallCurrent(Lorg/codehaus/groovy/runtime/callsite/CallSite;Lgroovy/lang/GroovyObject;[Ljava/lang/Object;)Ljava/lang/Object;+17
j  org.codehaus.groovy.runtime.callsite.AbstractCallSite.callCurrent(Lgroovy/lang/GroovyObject;[Ljava/lang/Object;)Ljava/lang/Object;+3
j  org.codehaus.groovy.runtime.callsite.AbstractCallSite.callCurrent(Lgroovy/lang/GroovyObject;Ljava/lang/Object;)Ljava/lang/Object;+33
j  build_8x3mg3yczhdpqqaencx5uv4yo.run()Ljava/lang/Object;+27
j  org.gradle.groovy.scripts.internal.DefaultScriptRunnerFactory$ScriptRunnerImpl.run(Ljava/lang/Object;Lorg/gradle/internal/service/ServiceRegistry;)V+57
j  org.gradle.configuration.DefaultScriptPluginFactory$ScriptPluginImpl.lambda$apply$0(Lorg/gradle/groovy/scripts/ScriptRunner;Ljava/lang/Object;Lorg/gradle/internal/service/DefaultServiceRegistry;)V+3
j  org.gradle.configuration.DefaultScriptPluginFactory$ScriptPluginImpl$$Lambda+0x0000016733532830.run()V+12
j  org.gradle.configuration.ProjectScriptTarget.addConfiguration(Ljava/lang/Runnable;Z)V+18
j  org.gradle.configuration.DefaultScriptPluginFactory$ScriptPluginImpl.apply(Ljava/lang/Object;)V+402
j  org.gradle.configuration.BuildOperationScriptPlugin$1.run(Lorg/gradle/internal/operations/BuildOperationContext;)V+11
J 10686 c1 org.gradle.internal.operations.DefaultBuildOperationRunner$1.execute(Lorg/gradle/internal/operations/BuildOperation;Lorg/gradle/internal/operations/BuildOperationContext;)V (10 bytes) @ 0x000001672078cac4 [0x000001672078c860+0x0000000000000264]
J 11900 c2 org.gradle.internal.operations.DefaultBuildOperationRunner.execute(Lorg/gradle/internal/operations/BuildOperation;Lorg/gradle/internal/operations/BuildOperationWorker;Lorg/gradle/internal/operations/BuildOperationState;)V (23 bytes) @ 0x000001672779e478 [0x000001672779c820+0x0000000000001c58]
J 10685 c1 org.gradle.internal.operations.DefaultBuildOperationRunner.run(Lorg/gradle/internal/operations/RunnableBuildOperation;)V (13 bytes) @ 0x000001672078c35c [0x000001672078bf80+0x00000000000003dc]
j  org.gradle.configuration.BuildOperationScriptPlugin.lambda$apply$0(Ljava/lang/Object;Lorg/gradle/internal/code/UserCodeApplicationId;)V+14
j  org.gradle.configuration.BuildOperationScriptPlugin$$Lambda+0x00000167334f4c00.execute(Ljava/lang/Object;)V+12
j  org.gradle.internal.code.DefaultUserCodeApplicationContext.apply(Lorg/gradle/internal/code/UserCodeSource;Lorg/gradle/api/Action;)V+37
j  org.gradle.configuration.BuildOperationScriptPlugin.apply(Ljava/lang/Object;)V+71
j  org.gradle.configuration.project.BuildScriptProcessor$$Lambda+0x00000167336a5d58.accept(Ljava/lang/Object;)V+8
j  org.gradle.api.internal.project.DefaultProjectStateRegistry$ProjectStateImpl.lambda$applyToMutableState$1(Ljava/util/function/Consumer;Lorg/gradle/api/internal/project/ProjectInternal;)Ljava/lang/Object;+2
j  org.gradle.api.internal.project.DefaultProjectStateRegistry$ProjectStateImpl$$Lambda+0x0000016733639b08.apply(Ljava/lang/Object;)Ljava/lang/Object;+8
j  org.gradle.api.internal.project.DefaultProjectStateRegistry$ProjectStateImpl.fromMutableState(Ljava/util/function/Function;)Ljava/lang/Object;+97
j  org.gradle.api.internal.project.DefaultProjectStateRegistry$ProjectStateImpl.applyToMutableState(Ljava/util/function/Consumer;)V+7
j  org.gradle.configuration.project.BuildScriptProcessor.execute(Lorg/gradle/api/internal/project/ProjectInternal;)V+88
j  org.gradle.configuration.project.BuildScriptProcessor.execute(Ljava/lang/Object;)V+5
j  org.gradle.configuration.project.ConfigureActionsProjectEvaluator.evaluate(Lorg/gradle/api/internal/project/ProjectInternal;Lorg/gradle/api/internal/project/ProjectStateInternal;)V+33
j  org.gradle.configuration.project.LifecycleProjectEvaluator$EvaluateProject.lambda$run$0(Lorg/gradle/internal/operations/BuildOperationContext;Lorg/gradle/api/internal/project/ProjectInternal;)V+67
j  org.gradle.configuration.project.LifecycleProjectEvaluator$EvaluateProject$$Lambda+0x0000016733645e20.accept(Ljava/lang/Object;)V+12
j  org.gradle.api.internal.project.DefaultProjectStateRegistry$ProjectStateImpl.lambda$applyToMutableState$1(Ljava/util/function/Consumer;Lorg/gradle/api/internal/project/ProjectInternal;)Ljava/lang/Object;+2
j  org.gradle.api.internal.project.DefaultProjectStateRegistry$ProjectStateImpl$$Lambda+0x0000016733639b08.apply(Ljava/lang/Object;)Ljava/lang/Object;+8
j  org.gradle.api.internal.project.DefaultProjectStateRegistry$ProjectStateImpl.lambda$fromMutableState$2(Ljava/util/function/Function;)Ljava/lang/Object;+5
j  org.gradle.api.internal.project.DefaultProjectStateRegistry$ProjectStateImpl$$Lambda+0x0000016733639d50.create()Ljava/lang/Object;+8
j  org.gradle.internal.work.DefaultWorkerLeaseService.withReplacedLocks(Ljava/util/Collection;Lorg/gradle/internal/resources/ResourceLock;Lorg/gradle/internal/Factory;)Ljava/lang/Object;+40
j  org.gradle.api.internal.project.DefaultProjectStateRegistry$ProjectStateImpl.fromMutableState(Ljava/util/function/Function;)Ljava/lang/Object;+132
j  org.gradle.api.internal.project.DefaultProjectStateRegistry$ProjectStateImpl.applyToMutableState(Ljava/util/function/Consumer;)V+7
j  org.gradle.configuration.project.LifecycleProjectEvaluator$EvaluateProject.run(Lorg/gradle/internal/operations/BuildOperationContext;)V+16
J 10686 c1 org.gradle.internal.operations.DefaultBuildOperationRunner$1.execute(Lorg/gradle/internal/operations/BuildOperation;Lorg/gradle/internal/operations/BuildOperationContext;)V (10 bytes) @ 0x000001672078cac4 [0x000001672078c860+0x0000000000000264]
J 11900 c2 org.gradle.internal.operations.DefaultBuildOperationRunner.execute(Lorg/gradle/internal/operations/BuildOperation;Lorg/gradle/internal/operations/BuildOperationWorker;Lorg/gradle/internal/operations/BuildOperationState;)V (23 bytes) @ 0x000001672779e478 [0x000001672779c820+0x0000000000001c58]
J 10685 c1 org.gradle.internal.operations.DefaultBuildOperationRunner.run(Lorg/gradle/internal/operations/RunnableBuildOperation;)V (13 bytes) @ 0x000001672078c35c [0x000001672078bf80+0x00000000000003dc]
j  org.gradle.configuration.project.LifecycleProjectEvaluator.evaluate(Lorg/gradle/api/internal/project/ProjectInternal;Lorg/gradle/api/internal/project/ProjectStateInternal;)V+42
j  org.gradle.api.internal.project.DefaultProject.evaluate()Lorg/gradle/api/internal/project/DefaultProject;+9
j  org.gradle.api.internal.project.DefaultProject.evaluate()Lorg/gradle/api/Project;+1
j  org.gradle.api.internal.project.ProjectLifecycleController.lambda$ensureSelfConfigured$2()V+4
j  org.gradle.api.internal.project.ProjectLifecycleController$$Lambda+0x0000016733644610.run()V+4
j  org.gradle.internal.model.StateTransitionController.lambda$doTransition$14(Ljava/lang/Runnable;)Lorg/gradle/internal/build/ExecutionResult;+1
j  org.gradle.internal.model.StateTransitionController$$Lambda+0x00000167333b76a8.get()Ljava/lang/Object;+4
j  org.gradle.internal.model.StateTransitionController.doTransition(Lorg/gradle/internal/model/StateTransitionController$State;Lorg/gradle/internal/model/StateTransitionController$State;Ljava/util/function/Supplier;)Lorg/gradle/internal/build/ExecutionResult;+24
j  org.gradle.internal.model.StateTransitionController.doTransition(Lorg/gradle/internal/model/StateTransitionController$State;Lorg/gradle/internal/model/StateTransitionController$State;Ljava/lang/Runnable;)V+9
j  org.gradle.internal.model.StateTransitionController.lambda$maybeTransitionIfNotCurrentlyTransitioning$10(Lorg/gradle/internal/model/StateTransitionController$State;Lorg/gradle/internal/model/StateTransitionController$State;Ljava/lang/Runnable;)V+16
j  org.gradle.internal.model.StateTransitionController$$Lambda+0x0000016733644838.run()V+16
j  org.gradle.internal.work.DefaultSynchronizer.withLock(Ljava/lang/Runnable;)V+6
j  org.gradle.internal.model.StateTransitionController.maybeTransitionIfNotCurrentlyTransitioning(Lorg/gradle/internal/model/StateTransitionController$State;Lorg/gradle/internal/model/StateTransitionController$State;Ljava/lang/Runnable;)V+13
j  org.gradle.api.internal.project.ProjectLifecycleController.ensureSelfConfigured()V+16
j  org.gradle.api.internal.project.DefaultProjectStateRegistry$ProjectStateImpl.ensureConfigured()V+19
j  org.gradle.execution.TaskPathProjectEvaluator.configure(Lorg/gradle/api/internal/project/ProjectInternal;)V+6
j  org.gradle.execution.TaskPathProjectEvaluator.configureHierarchy(Lorg/gradle/api/internal/project/ProjectInternal;)V+2
j  org.gradle.configuration.DefaultProjectsPreparer.prepareProjects(Lorg/gradle/api/internal/GradleInternal;)V+29
j  org.gradle.configuration.BuildTreePreparingProjectsPreparer.prepareProjects(Lorg/gradle/api/internal/GradleInternal;)V+114
j  org.gradle.configuration.BuildOperationFiringProjectsPreparer$ConfigureBuild.run(Lorg/gradle/internal/operations/BuildOperationContext;)V+11
J 10686 c1 org.gradle.internal.operations.DefaultBuildOperationRunner$1.execute(Lorg/gradle/internal/operations/BuildOperation;Lorg/gradle/internal/operations/BuildOperationContext;)V (10 bytes) @ 0x000001672078cac4 [0x000001672078c860+0x0000000000000264]
J 11900 c2 org.gradle.internal.operations.DefaultBuildOperationRunner.execute(Lorg/gradle/internal/operations/BuildOperation;Lorg/gradle/internal/operations/BuildOperationWorker;Lorg/gradle/internal/operations/BuildOperationState;)V (23 bytes) @ 0x000001672779e478 [0x000001672779c820+0x0000000000001c58]
J 10685 c1 org.gradle.internal.operations.DefaultBuildOperationRunner.run(Lorg/gradle/internal/operations/RunnableBuildOperation;)V (13 bytes) @ 0x000001672078c35c [0x000001672078bf80+0x00000000000003dc]
j  org.gradle.configuration.BuildOperationFiringProjectsPreparer.prepareProjects(Lorg/gradle/api/internal/GradleInternal;)V+13
j  org.gradle.initialization.VintageBuildModelController.lambda$prepareProjects$2()V+8
j  org.gradle.initialization.VintageBuildModelController$$Lambda+0x00000167336112e8.run()V+4
j  org.gradle.internal.model.StateTransitionController.lambda$doTransition$14(Ljava/lang/Runnable;)Lorg/gradle/internal/build/ExecutionResult;+1
j  org.gradle.internal.model.StateTransitionController$$Lambda+0x00000167333b76a8.get()Ljava/lang/Object;+4
j  org.gradle.internal.model.StateTransitionController.doTransition(Lorg/gradle/internal/model/StateTransitionController$State;Lorg/gradle/internal/model/StateTransitionController$State;Ljava/util/function/Supplier;)Lorg/gradle/internal/build/ExecutionResult;+24
j  org.gradle.internal.model.StateTransitionController.doTransition(Lorg/gradle/internal/model/StateTransitionController$State;Lorg/gradle/internal/model/StateTransitionController$State;Ljava/lang/Runnable;)V+9
j  org.gradle.internal.model.StateTransitionController.lambda$transitionIfNotPreviously$11(Lorg/gradle/internal/model/StateTransitionController$State;Lorg/gradle/internal/model/StateTransitionController$State;Ljava/lang/Runnable;)V+16
j  org.gradle.internal.model.StateTransitionController$$Lambda+0x00000167333b7af8.run()V+16
j  org.gradle.internal.work.DefaultSynchronizer.withLock(Ljava/lang/Runnable;)V+6
j  org.gradle.internal.model.StateTransitionController.transitionIfNotPreviously(Lorg/gradle/internal/model/StateTransitionController$State;Lorg/gradle/internal/model/StateTransitionController$State;Ljava/lang/Runnable;)V+13
j  org.gradle.initialization.VintageBuildModelController.prepareProjects()V+16
j  org.gradle.initialization.VintageBuildModelController.prepareToScheduleTasks()V+5
j  org.gradle.internal.build.DefaultBuildLifecycleController.lambda$prepareToScheduleTasks$6()V+9
j  org.gradle.internal.build.DefaultBuildLifecycleController$$Lambda+0x00000167333b7258.run()V+4
j  org.gradle.internal.model.StateTransitionController.lambda$doTransition$14(Ljava/lang/Runnable;)Lorg/gradle/internal/build/ExecutionResult;+1
j  org.gradle.internal.model.StateTransitionController$$Lambda+0x00000167333b76a8.get()Ljava/lang/Object;+4
j  org.gradle.internal.model.StateTransitionController.doTransition(Lorg/gradle/internal/model/StateTransitionController$State;Lorg/gradle/internal/model/StateTransitionController$State;Ljava/util/function/Supplier;)Lorg/gradle/internal/build/ExecutionResult;+24
j  org.gradle.internal.model.StateTransitionController.doTransition(Lorg/gradle/internal/model/StateTransitionController$State;Lorg/gradle/internal/model/StateTransitionController$State;Ljava/lang/Runnable;)V+9
j  org.gradle.internal.model.StateTransitionController.lambda$maybeTransition$9(Lorg/gradle/internal/model/StateTransitionController$State;Lorg/gradle/internal/model/StateTransitionController$State;Ljava/lang/Runnable;)V+16
j  org.gradle.internal.model.StateTransitionController$$Lambda+0x00000167333b7480.run()V+16
j  org.gradle.internal.work.DefaultSynchronizer.withLock(Ljava/lang/Runnable;)V+6
j  org.gradle.internal.model.StateTransitionController.maybeTransition(Lorg/gradle/internal/model/StateTransitionController$State;Lorg/gradle/internal/model/StateTransitionController$State;Ljava/lang/Runnable;)V+13
j  org.gradle.internal.build.DefaultBuildLifecycleController.prepareToScheduleTasks()V+16
j  org.gradle.internal.buildtree.DefaultBuildTreeWorkPreparer.scheduleRequestedTasks(Lorg/gradle/internal/buildtree/BuildTreeWorkGraph;Lorg/gradle/execution/EntryTaskSelector;)Lorg/gradle/internal/buildtree/BuildTreeWorkGraph$FinalizedGraph;+4
j  org.gradle.internal.cc.impl.VintageBuildTreeWorkController$scheduleAndRunRequestedTasks$1.apply(Lorg/gradle/internal/buildtree/BuildTreeWorkGraph;)Lorg/gradle/internal/build/ExecutionResult;+18
j  org.gradle.internal.cc.impl.VintageBuildTreeWorkController$scheduleAndRunRequestedTasks$1.apply(Ljava/lang/Object;)Ljava/lang/Object;+5
j  org.gradle.composite.internal.DefaultIncludedBuildTaskGraph.withNewWorkGraph(Ljava/util/function/Function;)Ljava/lang/Object;+30
j  org.gradle.internal.cc.impl.VintageBuildTreeWorkController.scheduleAndRunRequestedTasks(Lorg/gradle/execution/EntryTaskSelector;)Lorg/gradle/internal/build/ExecutionResult;+16
j  org.gradle.internal.buildtree.DefaultBuildTreeLifecycleController.lambda$scheduleAndRunTasks$1(Lorg/gradle/execution/EntryTaskSelector;)Lorg/gradle/internal/build/ExecutionResult;+5
j  org.gradle.internal.buildtree.DefaultBuildTreeLifecycleController$$Lambda+0x00000167333b63b8.get()Ljava/lang/Object;+8
j  org.gradle.internal.buildtree.DefaultBuildTreeLifecycleController.lambda$runBuild$4(Ljava/util/function/Supplier;)Ljava/lang/Object;+1
j  org.gradle.internal.buildtree.DefaultBuildTreeLifecycleController$$Lambda+0x00000167333b65e0.get()Ljava/lang/Object;+8
j  org.gradle.internal.model.StateTransitionController.lambda$transition$6(Ljava/util/function/Supplier;)Lorg/gradle/internal/build/ExecutionResult;+1
j  org.gradle.internal.model.StateTransitionController$$Lambda+0x00000167333b6a30.get()Ljava/lang/Object;+4
j  org.gradle.internal.model.StateTransitionController.doTransition(Lorg/gradle/internal/model/StateTransitionController$State;Lorg/gradle/internal/model/StateTransitionController$State;Ljava/util/function/Supplier;)Lorg/gradle/internal/build/ExecutionResult;+24
j  org.gradle.internal.model.StateTransitionController.lambda$transition$7(Lorg/gradle/internal/model/StateTransitionController$State;Lorg/gradle/internal/model/StateTransitionController$State;Ljava/util/function/Supplier;)Ljava/lang/Object;+9
j  org.gradle.internal.model.StateTransitionController$$Lambda+0x00000167333b6808.create()Ljava/lang/Object;+16
j  org.gradle.internal.work.DefaultSynchronizer.withLock(Lorg/gradle/internal/Factory;)Ljava/lang/Object;+6
j  org.gradle.internal.model.StateTransitionController.transition(Lorg/gradle/internal/model/StateTransitionController$State;Lorg/gradle/internal/model/StateTransitionController$State;Ljava/util/function/Supplier;)Ljava/lang/Object;+13
j  org.gradle.internal.buildtree.DefaultBuildTreeLifecycleController.runBuild(Ljava/util/function/Supplier;)Ljava/lang/Object;+17
j  org.gradle.internal.buildtree.DefaultBuildTreeLifecycleController.scheduleAndRunTasks(Lorg/gradle/execution/EntryTaskSelector;)V+8
j  org.gradle.internal.buildtree.DefaultBuildTreeLifecycleController.scheduleAndRunTasks()V+2
j  org.gradle.tooling.internal.provider.runner.BuildModelActionRunner.run(Lorg/gradle/internal/invocation/BuildAction;Lorg/gradle/internal/buildtree/BuildTreeLifecycleController;)Lorg/gradle/internal/buildtree/BuildActionRunner$Result;+65
j  org.gradle.launcher.exec.ChainingBuildActionRunner.run(Lorg/gradle/internal/invocation/BuildAction;Lorg/gradle/internal/buildtree/BuildTreeLifecycleController;)Lorg/gradle/internal/buildtree/BuildActionRunner$Result;+34
j  org.gradle.internal.buildtree.ProblemReportingBuildActionRunner.run(Lorg/gradle/internal/invocation/BuildAction;Lorg/gradle/internal/buildtree/BuildTreeLifecycleController;)Lorg/gradle/internal/buildtree/BuildActionRunner$Result;+12
j  org.gradle.launcher.exec.BuildOutcomeReportingBuildActionRunner.run(Lorg/gradle/internal/invocation/BuildAction;Lorg/gradle/internal/buildtree/BuildTreeLifecycleController;)Lorg/gradle/internal/buildtree/BuildActionRunner$Result;+69
j  org.gradle.tooling.internal.provider.FileSystemWatchingBuildActionRunner.run(Lorg/gradle/internal/invocation/BuildAction;Lorg/gradle/internal/buildtree/BuildTreeLifecycleController;)Lorg/gradle/internal/buildtree/BuildActionRunner$Result;+335
j  org.gradle.launcher.exec.BuildCompletionNotifyingBuildActionRunner.run(Lorg/gradle/internal/invocation/BuildAction;Lorg/gradle/internal/buildtree/BuildTreeLifecycleController;)Lorg/gradle/internal/buildtree/BuildActionRunner$Result;+6
j  org.gradle.launcher.exec.RootBuildLifecycleBuildActionExecutor.lambda$execute$0(Lorg/gradle/internal/invocation/BuildAction;Lorg/gradle/internal/buildtree/BuildTreeLifecycleController;)Lorg/gradle/internal/buildtree/BuildActionRunner$Result;+6
j  org.gradle.launcher.exec.RootBuildLifecycleBuildActionExecutor$$Lambda+0x000001673339fa48.apply(Ljava/lang/Object;)Ljava/lang/Object;+12
j  org.gradle.composite.internal.DefaultRootBuildState.run(Ljava/util/function/Function;)Ljava/lang/Object;+87
j  org.gradle.launcher.exec.RootBuildLifecycleBuildActionExecutor.execute(Lorg/gradle/internal/invocation/BuildAction;Lorg/gradle/internal/buildtree/BuildTreeContext;)Lorg/gradle/internal/buildtree/BuildActionRunner$Result;+28
j  org.gradle.internal.buildtree.InitDeprecationLoggingActionExecutor.execute(Lorg/gradle/internal/invocation/BuildAction;Lorg/gradle/internal/buildtree/BuildTreeContext;)Lorg/gradle/internal/buildtree/BuildActionRunner$Result;+83
j  org.gradle.internal.buildtree.InitProblems.execute(Lorg/gradle/internal/invocation/BuildAction;Lorg/gradle/internal/buildtree/BuildTreeContext;)Lorg/gradle/internal/buildtree/BuildActionRunner$Result;+13
j  org.gradle.internal.buildtree.DefaultBuildTreeContext.execute(Lorg/gradle/internal/invocation/BuildAction;)Lorg/gradle/internal/buildtree/BuildActionRunner$Result;+64
j  org.gradle.launcher.exec.BuildTreeLifecycleBuildActionExecutor.lambda$execute$0(Lorg/gradle/internal/invocation/BuildAction;Lorg/gradle/internal/buildtree/BuildTreeContext;)Lorg/gradle/internal/buildtree/BuildActionRunner$Result;+2
j  org.gradle.launcher.exec.BuildTreeLifecycleBuildActionExecutor$$Lambda+0x00000167332a1ca8.apply(Ljava/lang/Object;)Ljava/lang/Object;+8
j  org.gradle.internal.buildtree.BuildTreeState.run(Ljava/util/function/Function;)Ljava/lang/Object;+45
j  org.gradle.launcher.exec.BuildTreeLifecycleBuildActionExecutor.execute(Lorg/gradle/internal/invocation/BuildAction;Lorg/gradle/internal/session/BuildSessionContext;)Lorg/gradle/internal/buildtree/BuildActionRunner$Result;+74
j  org.gradle.launcher.exec.RunAsBuildOperationBuildActionExecutor$3.call(Lorg/gradle/internal/operations/BuildOperationContext;)Lorg/gradle/internal/buildtree/BuildActionRunner$Result;+25
j  org.gradle.launcher.exec.RunAsBuildOperationBuildActionExecutor$3.call(Lorg/gradle/internal/operations/BuildOperationContext;)Ljava/lang/Object;+2
J 13094 c2 org.gradle.internal.operations.DefaultBuildOperationRunner$CallableBuildOperationWorker.execute(Lorg/gradle/internal/operations/BuildOperation;Lorg/gradle/internal/operations/BuildOperationContext;)V (10 bytes) @ 0x0000016727252930 [0x000001672724efa0+0x0000000000003990]
J 11900 c2 org.gradle.internal.operations.DefaultBuildOperationRunner.execute(Lorg/gradle/internal/operations/BuildOperation;Lorg/gradle/internal/operations/BuildOperationWorker;Lorg/gradle/internal/operations/BuildOperationState;)V (23 bytes) @ 0x000001672779e478 [0x000001672779c820+0x0000000000001c58]
J 13126 c2 org.gradle.internal.operations.DefaultBuildOperationRunner.call(Lorg/gradle/internal/operations/CallableBuildOperation;)Ljava/lang/Object; (24 bytes) @ 0x000001672707758c [0x0000016727077460+0x000000000000012c]
j  org.gradle.launcher.exec.RunAsBuildOperationBuildActionExecutor.execute(Lorg/gradle/internal/invocation/BuildAction;Lorg/gradle/internal/session/BuildSessionContext;)Lorg/gradle/internal/buildtree/BuildActionRunner$Result;+23
j  org.gradle.launcher.exec.RunAsWorkerThreadBuildActionExecutor.lambda$execute$0(Lorg/gradle/internal/invocation/BuildAction;Lorg/gradle/internal/session/BuildSessionContext;)Lorg/gradle/internal/buildtree/BuildActionRunner$Result;+6
j  org.gradle.launcher.exec.RunAsWorkerThreadBuildActionExecutor$$Lambda+0x000001673326f100.create()Ljava/lang/Object;+12
j  org.gradle.internal.work.DefaultWorkerLeaseService.withLocks(Ljava/util/Collection;Lorg/gradle/internal/Factory;)Ljava/lang/Object;+28
J 13451 c1 org.gradle.internal.work.DefaultWorkerLeaseService.runAsWorkerThread(Lorg/gradle/internal/Factory;)Ljava/lang/Object; (37 bytes) @ 0x000001671f8d2d14 [0x000001671f8d2760+0x00000000000005b4]
j  org.gradle.launcher.exec.RunAsWorkerThreadBuildActionExecutor.execute(Lorg/gradle/internal/invocation/BuildAction;Lorg/gradle/internal/session/BuildSessionContext;)Lorg/gradle/internal/buildtree/BuildActionRunner$Result;+12
j  org.gradle.tooling.internal.provider.continuous.ContinuousBuildActionExecutor.execute(Lorg/gradle/internal/invocation/BuildAction;Lorg/gradle/internal/session/BuildSessionContext;)Lorg/gradle/internal/buildtree/BuildActionRunner$Result;+58
j  org.gradle.tooling.internal.provider.SubscribableBuildActionExecutor.execute(Lorg/gradle/internal/invocation/BuildAction;Lorg/gradle/internal/session/BuildSessionContext;)Lorg/gradle/internal/buildtree/BuildActionRunner$Result;+30
j  org.gradle.internal.session.DefaultBuildSessionContext.execute(Lorg/gradle/internal/invocation/BuildAction;)Lorg/gradle/internal/buildtree/BuildActionRunner$Result;+64
j  org.gradle.internal.buildprocess.execution.BuildSessionLifecycleBuildActionExecutor$ActionImpl.apply(Lorg/gradle/internal/session/BuildSessionContext;)Lorg/gradle/launcher/exec/BuildActionResult;+6
j  org.gradle.internal.buildprocess.execution.BuildSessionLifecycleBuildActionExecutor$ActionImpl.apply(Ljava/lang/Object;)Ljava/lang/Object;+5
j  org.gradle.internal.session.BuildSessionState.run(Ljava/util/function/Function;)Ljava/lang/Object;+5
j  org.gradle.internal.buildprocess.execution.BuildSessionLifecycleBuildActionExecutor.execute(Lorg/gradle/internal/invocation/BuildAction;Lorg/gradle/launcher/exec/BuildActionParameters;Lorg/gradle/initialization/BuildRequestContext;)Lorg/gradle/launcher/exec/BuildActionResult;+95
j  org.gradle.internal.buildprocess.execution.BuildSessionLifecycleBuildActionExecutor.execute(Lorg/gradle/internal/invocation/BuildAction;Ljava/lang/Object;Ljava/lang/Object;)Lorg/gradle/launcher/exec/BuildActionResult;+10
j  org.gradle.internal.buildprocess.execution.StartParamsValidatingActionExecutor.execute(Lorg/gradle/internal/invocation/BuildAction;Lorg/gradle/launcher/exec/BuildActionParameters;Lorg/gradle/initialization/BuildRequestContext;)Lorg/gradle/launcher/exec/BuildActionResult;+203
j  org.gradle.internal.buildprocess.execution.StartParamsValidatingActionExecutor.execute(Lorg/gradle/internal/invocation/BuildAction;Ljava/lang/Object;Ljava/lang/Object;)Lorg/gradle/launcher/exec/BuildActionResult;+10
j  org.gradle.internal.buildprocess.execution.SessionFailureReportingActionExecutor.execute(Lorg/gradle/internal/invocation/BuildAction;Lorg/gradle/launcher/exec/BuildActionParameters;Lorg/gradle/initialization/BuildRequestContext;)Lorg/gradle/launcher/exec/BuildActionResult;+7
j  org.gradle.internal.buildprocess.execution.SessionFailureReportingActionExecutor.execute(Lorg/gradle/internal/invocation/BuildAction;Ljava/lang/Object;Ljava/lang/Object;)Lorg/gradle/launcher/exec/BuildActionResult;+10
j  org.gradle.internal.buildprocess.execution.SetupLoggingActionExecutor.execute(Lorg/gradle/internal/invocation/BuildAction;Lorg/gradle/launcher/exec/BuildActionParameters;Lorg/gradle/initialization/BuildRequestContext;)Lorg/gradle/launcher/exec/BuildActionResult;+50
j  org.gradle.internal.buildprocess.execution.SetupLoggingActionExecutor.execute(Lorg/gradle/internal/invocation/BuildAction;Ljava/lang/Object;Ljava/lang/Object;)Lorg/gradle/launcher/exec/BuildActionResult;+10
j  org.gradle.launcher.daemon.server.exec.ExecuteBuild.doBuild(Lorg/gradle/launcher/daemon/server/api/DaemonCommandExecution;Lorg/gradle/launcher/daemon/protocol/Build;)V+147
j  org.gradle.launcher.daemon.server.exec.BuildCommandOnly.execute(Lorg/gradle/launcher/daemon/server/api/DaemonCommandExecution;)V+49
j  org.gradle.launcher.daemon.server.api.DaemonCommandExecution.proceed()Z+23
j  org.gradle.launcher.daemon.server.exec.WatchForDisconnection.execute(Lorg/gradle/launcher/daemon/server/api/DaemonCommandExecution;)V+19
j  org.gradle.launcher.daemon.server.api.DaemonCommandExecution.proceed()Z+23
j  org.gradle.launcher.daemon.server.exec.ResetDeprecationLogger.execute(Lorg/gradle/launcher/daemon/server/api/DaemonCommandExecution;)V+7
j  org.gradle.launcher.daemon.server.api.DaemonCommandExecution.proceed()Z+23
j  org.gradle.launcher.daemon.server.exec.RequestStopIfSingleUsedDaemon.execute(Lorg/gradle/launcher/daemon/server/api/DaemonCommandExecution;)V+33
j  org.gradle.launcher.daemon.server.api.DaemonCommandExecution.proceed()Z+23
j  org.gradle.launcher.daemon.server.exec.ForwardClientInput.lambda$execute$0(Lorg/gradle/launcher/daemon/server/api/DaemonCommandExecution;Lorg/gradle/internal/daemon/clientinput/StdinHandler;)Ljava/lang/Object;+11
j  org.gradle.launcher.daemon.server.exec.ForwardClientInput$$Lambda+0x000001673318b6a8.apply(Ljava/lang/Object;)Ljava/lang/Object;+8
j  org.gradle.internal.daemon.clientinput.ClientInputForwarder.forwardInput(Ljava/util/function/Function;)Ljava/lang/Object;+46
j  org.gradle.launcher.daemon.server.exec.ForwardClientInput.execute(Lorg/gradle/launcher/daemon/server/api/DaemonCommandExecution;)V+10
j  org.gradle.launcher.daemon.server.api.DaemonCommandExecution.proceed()Z+23
j  org.gradle.launcher.daemon.server.exec.LogAndCheckHealth.execute(Lorg/gradle/launcher/daemon/server/api/DaemonCommandExecution;)V+51
j  org.gradle.launcher.daemon.server.api.DaemonCommandExecution.proceed()Z+23
j  org.gradle.launcher.daemon.server.exec.LogToClient.doBuild(Lorg/gradle/launcher/daemon/server/api/DaemonCommandExecution;Lorg/gradle/launcher/daemon/protocol/Build;)V+87
j  org.gradle.launcher.daemon.server.exec.BuildCommandOnly.execute(Lorg/gradle/launcher/daemon/server/api/DaemonCommandExecution;)V+49
j  org.gradle.launcher.daemon.server.api.DaemonCommandExecution.proceed()Z+23
j  org.gradle.launcher.daemon.server.exec.EstablishBuildEnvironment.doBuild(Lorg/gradle/launcher/daemon/server/api/DaemonCommandExecution;Lorg/gradle/launcher/daemon/protocol/Build;)V+356
j  org.gradle.launcher.daemon.server.exec.BuildCommandOnly.execute(Lorg/gradle/launcher/daemon/server/api/DaemonCommandExecution;)V+49
j  org.gradle.launcher.daemon.server.api.DaemonCommandExecution.proceed()Z+23
j  org.gradle.launcher.daemon.server.exec.StartBuildOrRespondWithBusy$1.run()V+44
j  org.gradle.launcher.daemon.server.DaemonStateCoordinator.lambda$runCommand$0(Ljava/lang/Runnable;)V+1
j  org.gradle.launcher.daemon.server.DaemonStateCoordinator$$Lambda+0x000001673318a030.run()V+8
J 9713 c2 org.gradle.internal.concurrent.ExecutorPolicy$CatchAndRecordFailures.onExecute(Ljava/lang/Runnable;)V (29 bytes) @ 0x000001672758b194 [0x000001672758b140+0x0000000000000054]
J 11842 c1 org.gradle.internal.concurrent.AbstractManagedExecutor$1.run()V (57 bytes) @ 0x0000016720a1a56c [0x0000016720a1a3a0+0x00000000000001cc]
j  java.util.concurrent.ThreadPoolExecutor.runWorker(Ljava/util/concurrent/ThreadPoolExecutor$Worker;)V+92 java.base@21.0.10
j  java.util.concurrent.ThreadPoolExecutor$Worker.run()V+5 java.base@21.0.10
j  java.lang.Thread.runWith(Ljava/lang/Object;Ljava/lang/Runnable;)V+5 java.base@21.0.10
j  java.lang.Thread.run()V+19 java.base@21.0.10
v  ~StubRoutines::call_stub 0x0000016726a510e7

Compiled method (n/a) 60421  808     n 0       java.lang.ClassLoader::defineClass1 (native)
 total in heap  [0x0000016727046410,0x0000016727046aa8] = 1688
 relocation     [0x0000016727046570,0x00000167270465a8] = 56
 main code      [0x00000167270465c0,0x0000016727046aa7] = 1255
 stub code      [0x0000016727046aa7,0x0000016727046aa8] = 1

[Constant Pool (empty)]

[MachCode]
[Entry Point]
  # {method} {0x0000016732434f58} 'defineClass1' '(Ljava/lang/ClassLoader;Ljava/lang/String;[BIILjava/security/ProtectionDomain;Ljava/lang/String;)Ljava/lang/Class;' in 'java/lang/ClassLoader'
  # parm0:    rdx:rdx   = 'java/lang/ClassLoader'
  # parm1:    r8:r8     = 'java/lang/String'
  # parm2:    r9:r9     = '[B'
  # parm3:    rdi       = int
  # parm4:    rsi       = int
  # parm5:    rcx:rcx   = 'java/security/ProtectionDomain'
  # parm6:    [sp+0xa0]   = 'java/lang/String'  (sp of caller)
  0x00000167270465c0: 448b 5208 | 49bb 0000 | 0032 6701 | 0000 4d03 | d349 3bc2 | 0f84 0600 

  0x00000167270465d8: ;   {runtime_call ic_miss_stub}
  0x00000167270465d8: 0000 e9a1 | 83a5 ff90 
[Verified Entry Point]
  0x00000167270465e0: 8984 2400 | 80ff ff55 | 488b ec48 | 81ec 9000 | 0000 6690 | 4181 7f20 | 0b00 0000 

  0x00000167270465fc: ;   {runtime_call StubRoutines (final stubs)}
  0x00000167270465fc: 7405 e89d | 1ca4 ff48 | 837d 1000 | 488d 4510 | 480f 4445 | 1048 8944 | 2440 4889 | 4c24 7048 
  0x000001672704661c: 83f9 0048 | 8d44 2470 | 480f 4444 | 2470 4889 | 4424 3848 | 8974 2430 | 4889 7c24 | 284c 894c 
  0x000001672704663c: 2458 4983 | f900 488d | 4424 5848 | 0f44 4424 | 5848 8944 | 2420 4c89 | 4424 5049 | 83f8 004c 
  0x000001672704665c: 8d4c 2450 | 4c0f 444c | 2450 4889 | 5424 4848 | 83fa 004c | 8d44 2448 | 4c0f 4444 

  0x0000016727046678: ;   {oop(a 'java/lang/Class'{0x00000000e089b5c0} = 'java/lang/ClassLoader')}
  0x0000016727046678: 2448 49be | c0b5 89e0 | 0000 0000 | 4c89 7424 | 784c 8d74 | 2478 498b | d6c5 f877 

  0x0000016727046694: ;   {internal_word}
  0x0000016727046694: 49ba 9166 | 0427 6701 | 0000 4d89 | 97a8 0300 | 0049 89a7 | a003 0000 

  0x00000167270466ac: ;   {external_word}
  0x00000167270466ac: 49ba c65c | bf3b fd7f | 0000 4180 | 3a00 0f84 | 4e00 0000 | 5241 5041 

  0x00000167270466c4: ;   {metadata({method} {0x0000016732434f58} 'defineClass1' '(Ljava/lang/ClassLoader;Ljava/lang/String;[BIILjava/security/ProtectionDomain;Ljava/lang/String;)Ljava/lang/Class;' in 'java/lang/ClassLoader')}
  0x00000167270466c4: 5148 ba50 | 4f43 3267 | 0100 0049 | 8bcf 4883 | ec20 40f6 | c40f 0f84 | 1900 0000 | 4883 ec08 
  0x00000167270466e4: ;   {runtime_call}
  0x00000167270466e4: 48b8 50e1 | 683b fd7f | 0000 ffd0 | 4883 c408 | e90c 0000 

  0x00000167270466f8: ;   {runtime_call}
  0x00000167270466f8: 0048 b850 | e168 3bfd | 7f00 00ff | d048 83c4 | 2041 5941 | 585a 498d | 8fc0 0300 | 0041 c787 
  0x0000016727046718: 4c04 0000 | 0400 0000 

  0x0000016727046720: ;   {runtime_call}
  0x0000016727046720: 48b8 ac16 | 30b1 fd7f | 0000 ffd0 | c5f8 7741 | c787 4c04 | 0000 0500 | 0000 f083 | 4424 c000 
  0x0000016727046740: 493b af50 | 0400 000f | 870e 0000 | 0041 83bf | 4804 0000 | 000f 842b | 0000 00c5 | f877 4889 
  0x0000016727046760: 45f8 498b | cf4c 8be4 | 4883 ec20 | 4883 e4f0 

  0x0000016727046770: ;   {runtime_call}
  0x0000016727046770: 48b8 d052 | 343b fd7f | 0000 ffd0 | 498b e44d | 33e4 488b | 45f8 41c7 | 874c 0400 | 0008 0000 
  0x0000016727046790: 0041 83bf | c804 0000 | 020f 84db 

  0x000001672704679c: ;   {external_word}
  0x000001672704679c: 0200 0049 | bac6 5cbf | 3bfd 7f00 | 0041 803a | 000f 844c | 0000 0048 

  0x00000167270467b4: ;   {metadata({method} {0x0000016732434f58} 'defineClass1' '(Ljava/lang/ClassLoader;Ljava/lang/String;[BIILjava/security/ProtectionDomain;Ljava/lang/String;)Ljava/lang/Class;' in 'java/lang/ClassLoader')}
  0x00000167270467b4: 8945 f848 | ba50 4f43 | 3267 0100 | 0049 8bcf | 4883 ec20 | 40f6 c40f | 0f84 1900 | 0000 4883 
  0x00000167270467d4: ;   {runtime_call}
  0x00000167270467d4: ec08 48b8 | 50e1 683b | fd7f 0000 | ffd0 4883 | c408 e90c 

  0x00000167270467e8: ;   {runtime_call}
  0x00000167270467e8: 0000 0048 | b850 e168 | 3bfd 7f00 | 00ff d048 | 83c4 2048 | 8b45 f849 | c787 a003 | 0000 0000 
  0x0000016727046808: 0000 49c7 | 87a8 0300 | 0000 0000 | 00c5 f877 | 4885 c00f | 8436 0200 | 00a8 030f | 8508 0000 
  0x0000016727046828: 0048 8b00 | e926 0200 | 00a8 010f | 8509 0000 | 0048 8b40 | fee9 1502 | 0000 488b | 40ff 4180 
  0x0000016727046848: 7f40 000f | 8406 0200 | 0048 83f8 | 000f 84fc | 0100 0049 | 8b4f 2848 | 83f9 000f | 8414 0000 
  0x0000016727046868: 0048 83e9 | 0849 894f | 2849 034f | 3848 8901 | e9da 0100 | 0048 81ec | f000 0000 | 4889 0424 
  0x0000016727046888: 4889 4c24 | 0848 8954 | 2410 4c89 | 4424 184c | 894c 2420 | 4c89 5424 | 284c 895c | 2430 c5fb 
  0x00000167270468a8: 1144 2440 | c5fb 114c | 2448 c5fb | 1154 2450 | c5fb 115c | 2458 c5fb | 1164 2460 | c5fb 116c 
  0x00000167270468c8: 2468 62e1 | ff08 1144 | 240e 62e1 | ff08 114c | 240f 62e1 | ff08 1154 | 2410 62e1 | ff08 115c 
  0x00000167270468e8: ;   {no_reloc}
  0x00000167270468e8: 2411 62e1 | ff08 1164 | 2412 62e1 | ff08 116c | 2413 62e1 | ff08 1174 | 2414 62e1 | ff08 117c 
  0x0000016727046908: 2415 6261 | ff08 1144 | 2416 6261 | ff08 114c | 2417 6261 | ff08 1154 | 2418 6261 | ff08 115c 
  0x0000016727046928: 2419 6261 | ff08 1164 | 241a 6261 | ff08 116c | 241b 6261 | ff08 1174 | 241c 6261 | ff08 117c 
  0x0000016727046948: 241d 498b | d748 8bc8 | 4883 ec20 | 40f6 c40f | 0f84 1900 | 0000 4883 

  0x0000016727046960: ;   {runtime_call}
  0x0000016727046960: ec08 48b8 | f0a0 273b | fd7f 0000 | ffd0 4883 | c408 e90c 

  0x0000016727046974: ;   {runtime_call}
  0x0000016727046974: 0000 0048 | b8f0 a027 | 3bfd 7f00 | 00ff d048 | 83c4 2062 | 61ff 0810 | 7c24 1d62 | 61ff 0810 
  0x0000016727046994: 7424 1c62 | 61ff 0810 | 6c24 1b62 | 61ff 0810 | 6424 1a62 | 61ff 0810 | 5c24 1962 | 61ff 0810 
  0x00000167270469b4: 5424 1862 | 61ff 0810 | 4c24 1762 | 61ff 0810 | 4424 1662 | e1ff 0810 | 7c24 1562 | e1ff 0810 
  0x00000167270469d4: 7424 1462 | e1ff 0810 | 6c24 1362 | e1ff 0810 | 6424 1262 | e1ff 0810 | 5c24 1162 | e1ff 0810 
  0x00000167270469f4: 5424 1062 | e1ff 0810 | 4c24 0f62 | e1ff 0810 | 4424 0ec5 | fb10 6c24 | 68c5 fb10 | 6424 60c5 
  0x0000016727046a14: fb10 5c24 | 58c5 fb10 | 5424 50c5 | fb10 4c24 | 48c5 fb10 | 4424 404c | 8b5c 2430 | 4c8b 5424 
  0x0000016727046a34: 284c 8b4c | 2420 4c8b | 4424 1848 | 8b54 2410 | 488b 4c24 | 0848 8b04 | 2448 81c4 | f000 0000 
  0x0000016727046a54: c5f8 7749 | 8b8f 3004 | 0000 c781 | 0001 0000 | 0000 0000 | c949 837f | 0800 0f85 | 0100 0000 
  0x0000016727046a74: ;   {runtime_call StubRoutines (initial stubs)}
  0x0000016727046a74: c3e9 86a4 | a0ff c5f8 | 7748 8945 | f84c 8be4 | 4883 ec20 | 4883 e4f0 

  0x0000016727046a8c: ;   {runtime_call}
  0x0000016727046a8c: 48b8 a018 | 693b fd7f | 0000 ffd0 | 498b e44d | 33e4 488b | 45f8 e9f8 | fcff fff4 
[/MachCode]


Compiled method (c2) 60430 12408       4       java.security.SecureClassLoader::defineClass (16 bytes)
 total in heap  [0x000001672782f310,0x0000016727832d98] = 14984
 relocation     [0x000001672782f470,0x000001672782f710] = 672
 main code      [0x000001672782f720,0x00000167278317d0] = 8368
 stub code      [0x00000167278317d0,0x0000016727831908] = 312
 oops           [0x0000016727831908,0x0000016727831918] = 16
 metadata       [0x0000016727831918,0x0000016727831a98] = 384
 scopes data    [0x0000016727831a98,0x00000167278324d0] = 2616
 scopes pcs     [0x00000167278324d0,0x00000167278329f0] = 1312
 dependencies   [0x00000167278329f0,0x0000016727832a10] = 32
 handler table  [0x0000016727832a10,0x0000016727832d28] = 792
 nul chk table  [0x0000016727832d28,0x0000016727832d98] = 112

[Constant Pool (empty)]

[MachCode]
[Entry Point]
  # {method} {0x000001673204e0e8} 'defineClass' '(Ljava/lang/String;[BIILjava/security/CodeSource;)Ljava/lang/Class;' in 'java/security/SecureClassLoader'
  # this:     rdx:rdx   = 'java/security/SecureClassLoader'
  # parm0:    r8:r8     = 'java/lang/String'
  # parm1:    r9:r9     = '[B'
  # parm2:    rdi       = int
  # parm3:    rsi       = int
  # parm4:    rcx:rcx   = 'java/security/CodeSource'
  #           [sp+0xb0]  (sp of caller)
  0x000001672782f720: 448b 5208 | 49bb 0000 | 0032 6701 | 0000 4d03 | d349 3bc2 

  0x000001672782f734: ;   {runtime_call ic_miss_stub}
  0x000001672782f734: 0f85 46f2 | 26ff 6690 | 0f1f 4000 
[Verified Entry Point]
  0x000001672782f740: 8984 2400 | 80ff ff55 | 4881 eca0 | 0000 0090 | 4181 7f20 | 0b00 0000 | 0f85 6220 | 0000 8974 
  0x000001672782f760: 243c 897c | 2438 4c89 | 4c24 304c | 8944 2428 | 4889 5424 | 4048 8be9 | 4885 c90f | 841b 1700 
  0x000001672782f780: 004d 8b87 | b801 0000 | 4d8b d049 | 83c2 104d | 3b97 c801 | 0000 0f83 | 9913 0000 | 4d89 97b8 
  0x000001672782f7a0: 0100 0041 | 0f0d 8ac0 | 0000 0049 | c700 0100 

  0x000001672782f7b0: ;   {metadata('java/security/SecureClassLoader$CodeSourceKey')}
  0x000001672782f7b0: 0000 41c7 | 4008 b8b4 | 1100 4c8b | d545 8950 | 0c4d 8b8f | b801 0000 | 4c8b 5424 | 4041 8b6a 
  0x000001672782f7d0: 504d 8bd1 | 4983 c210 | 4d3b 97c8 | 0100 000f | 8324 1300 | 004d 8997 | b801 0000 | 410f 0d8a 
  0x000001672782f7f0: c000 0000 | 49c7 0101 

  0x000001672782f7f8: ;   {metadata('java/security/SecureClassLoader$1')}
  0x000001672782f7f8: 0000 0041 | c741 0850 | ba11 004c | 8b54 2440 | 4589 510c 

  0x000001672782f80c: ; implicit exception: dispatches to 0x0000016727831590
  0x000001672782f80c: 448b 5508 

  0x000001672782f810: ;   {metadata('java/util/concurrent/ConcurrentHashMap')}
  0x000001672782f810: 4181 fa80 | 2706 000f | 850b 1600 | 0048 8bd5 

  0x000001672782f820: ;   {optimized virtual_call}
  0x000001672782f820: c5f8 77e8 

  0x000001672782f824: ; ImmutableOopMap {[40]=Oop [48]=Oop [64]=Oop }
                      ;*invokeinterface computeIfAbsent {reexecute=0 rethrow=0 return_oop=1}
                      ; - java.security.SecureClassLoader::getProtectionDomain@28
                      ; - java.security.SecureClassLoader::defineClass@9
  0x000001672782f824: b84d d7ff 

  0x000001672782f828: ;   {other}
  0x000001672782f828: 0f1f 8400 | 1805 0000 

  0x000001672782f830: ; implicit exception: dispatches to 0x00000167278315b0
  0x000001672782f830: 448b 5808 

  0x000001672782f834: ;   {metadata('java/security/ProtectionDomain')}
  0x000001672782f834: 4181 fbe8 | 5800 000f | 85eb 1c00 | 004c 8bc8 | 488b 5424 | 404c 8b44 | 2428 6690 

  0x000001672782f850: ;   {optimized virtual_call}
  0x000001672782f850: c5f8 77e8 

  0x000001672782f854: ; ImmutableOopMap {[40]=Oop [48]=Oop [64]=Oop }
                      ;*invokevirtual preDefineClass {reexecute=0 rethrow=0 return_oop=1}
                      ; - java.lang.ClassLoader::defineClass@4
                      ; - java.security.SecureClassLoader::defineClass@12
  0x000001672782f854: 88a4 deff 

  0x000001672782f858: ;   {other}
  0x000001672782f858: 0f1f 8400 | 4805 0001 | 4889 4424 | 4844 8b58 | 1045 85db | 0f84 de0e | 0000 458b | 5b0c 4585 
  0x000001672782f878: db0f 84d9 | 1200 0045 | 8b43 3845 | 85c0 0f84 | 8415 0000 | 498b d04d | 8bc3 6690 

  0x000001672782f894: ;   {optimized virtual_call}
  0x000001672782f894: c5f8 77e8 

  0x000001672782f898: ; ImmutableOopMap {[40]=Oop [48]=Oop [64]=Oop [72]=Oop }
                      ;*invokevirtual toExternalForm {reexecute=0 rethrow=0 return_oop=1}
                      ; - java.net.URL::toExternalForm@5
                      ; - java.net.URL::toString@1
                      ; - java.lang.ClassLoader::defineClassSourceLocation@22
                      ; - java.lang.ClassLoader::defineClass@12
                      ; - java.security.SecureClassLoader::defineClass@12
  0x000001672782f898: 84b9 9cff 

  0x000001672782f89c: ;   {other}
  0x000001672782f89c: 0f1f 8400 | 8c05 0002 | 488b 5424 | 404c 8b44 | 2428 4c8b | 4c24 308b | 7c24 388b | 7424 3c48 
  0x000001672782f8bc: 8b4c 2448 | 4889 0424 

  0x000001672782f8c4: ;   {static_call}
  0x000001672782f8c4: c5f8 77e8 

  0x000001672782f8c8: ; ImmutableOopMap {[64]=Oop [72]=Oop }
                      ;*invokestatic defineClass1 {reexecute=0 rethrow=0 return_oop=1}
                      ; - java.lang.ClassLoader::defineClass@27
                      ; - java.security.SecureClassLoader::defineClass@12
  0x000001672782f8c8: 146d 81ff 

  0x000001672782f8cc: ;   {other}
  0x000001672782f8cc: 0f1f 8400 | bc05 0003 | 4889 4424 | 7844 8b50 | 3c45 85d2 | 0f85 6f01 | 0000 4c8b | 5010 458b 
  0x000001672782f8ec: 5a08 4585 | db0f 8c05 | 1600 0044 | 8b50 2c45 | 85d2 0f84 | cc08 0000 | 4d8b ca45 | 8b59 1441 
  0x000001672782f90c: 8b53 0c45 | 0fbe 5110 | c4e2 2af7 | ca8d 59ff | 4585 d20f | 8502 1700 | 0049 8beb | 448d 42ff 
  0x000001672782f92c: 443b c344 | 0f4f c345 | 85c0 0f8c | 540b 0000 | 85d2 0f86 | 7815 0000 | 443b c20f | 836f 1500 
  0x000001672782f94c: 0045 85c0 | 0f8e d215 | 0000 458d | 50ff 48be | 0000 252e | 6701 0000 | 33db 430f | be7c 0310 
  0x000001672782f96c: 83ff 2e0f | 849f 0800 | 0041 ffc8 | 453b c27f | e941 83f8 | 020f 8ea4 | 0000 00b8 | a00f 0000 
  0x000001672782f98c: c4e1 f96e | d541 8d78 | fe41 83f8 | 020f 4cfb | 81ff a00f | 0000 0f47 | f841 8be8 | 2bef 660f 
  0x000001672782f9ac: 1f44 0000 | 4963 f845 | 0fbe 543b | 1041 83fa | 2e0f 84d5 | 0400 0045 | 0fbe 543b 

  0x000001672782f9c8: ;   {no_reloc}
  0x000001672782f9c8: 0f41 83fa | 2e0f 84ca | 0400 0045 | 8d50 fe43 | 0fbe 7c13 | 1083 ff2e | 0f84 bb04 | 0000 458d 
  0x000001672782f9e8: 50fd 470f | be6c 1310 | 4183 fd2e | 0f84 a704 | 0000 4183 | c0fc 443b | c57f ad4d | 8bb7 5804 
  0x000001672782fa08: 0000 4c8b | 5424 7848 | 8b7c 2440 | 4c8b 6c24 

  0x000001672782fa18: ; ImmutableOopMap {r10=Oop r11=NarrowOop r9=Oop rdi=Oop r13=Oop xmm2=Oop [64]=Oop [72]=Oop [120]=Oop }
                      ;*goto {reexecute=1 rethrow=0 return_oop=0}
                      ; - (reexecute) java.lang.StringLatin1::lastIndexOf@35
                      ; - java.lang.String::lastIndexOf@13
                      ; - java.lang.String::lastIndexOf@8
                      ; - java.lang.Class::getPackageName@47
                      ; - java.lang.ClassLoader::postDefineClass@2
                      ; - java.lang.ClassLoader::defineClass@37
                      ; - java.security.SecureClassLoader::defineClass@12
                      ;   {poll}
  0x000001672782fa18: 4841 8506 | 4183 f802 | 0f8f 6bff | ffff c4e1 | f97e d541 | 83f8 ff0f | 8e67 0a00 | 0066 6690 
  0x000001672782fa38: 430f be7c | 0310 83ff | 2e0f 8487 | 1800 0041 | ffc8 4183 | f8ff 7fe8 | e947 0a00 | 0049 8bfa 
  0x000001672782fa58: 48be 0000 | 252e 6701 | 0000 33db | 4c8b 5424 | 4045 8b5a | 3845 85db | 0f84 8013 | 0000 4889 
  0x000001672782fa78: 7c24 588b | 470c 4c8b | 5424 7845 | 8b42 3044 | 8944 2450 | 85c0 0f84 | 9d03 0000 | 458b 4328 
  0x000001672782fa98: 4585 c00f | 8410 0100 | 0045 8b58 | 0c45 85db | 0f86 be13 | 0000 448b | d041 c1ea | 1044 33d0 
  0x000001672782fab8: 41ff cb41 | 81e2 ffff | ff7f 4523 | da4d 63db | 438b 4c98 | 1085 c90f | 84dc 0000 | 0044 8b41 
  0x000001672782fad8: 0c4c 8bc9 | 453b c20f | 8473 0200 | 0045 85c0 | 0f8c a10b | 0000 448b | 5918 4585 | db0f 84b6 
  0x000001672782faf8: 0000 0049 | 8bcb 448b | 490c 4d8b | 8758 0400 

  0x000001672782fb08: ; ImmutableOopMap {rcx=Oop [64]=Oop [72]=Oop [80]=NarrowOop [88]=Oop [120]=Oop }
                      ;*if_icmpne {reexecute=1 rethrow=0 return_oop=0}
                      ; - (reexecute) java.util.concurrent.ConcurrentHashMap::get@127
                      ; - java.lang.ClassLoader::getNamedPackage@5
                      ; - java.lang.ClassLoader::postDefineClass@9
                      ; - java.lang.ClassLoader::defineClass@37
                      ; - java.security.SecureClassLoader::defineClass@12
                      ;   {poll}
  0x000001672782fb08: 0041 8500 | 453b ca74 | 1244 8b59 | 1845 85db | 0f84 9300 | 0000 498b | cbeb db8b | 6910 4c8b 
  0x000001672782fb28: dd4c 8b44 | 2458 4d3b | d874 7385 | ed0f 8408 | 1800 0048 | 894c 2468 | 4489 5424 | 6044 8b54 
  0x000001672782fb48: 2450 4489 | 5424 5489 | 5c24 5048 | 8974 2438 | 4c8b 5424 | 484c 8954 | 2430 4c8b | c548 8b54 
  0x000001672782fb68: 2458 6690 

  0x000001672782fb6c: ;   {optimized virtual_call}
  0x000001672782fb6c: c5f8 77e8 

  0x000001672782fb70: ; ImmutableOopMap {[48]=Oop [64]=Oop [84]=NarrowOop [88]=Oop [104]=Oop [120]=Oop }
                      ;*invokevirtual equals {reexecute=0 rethrow=0 return_oop=0}
                      ; - java.util.concurrent.ConcurrentHashMap::get@149
                      ; - java.lang.ClassLoader::getNamedPackage@5
                      ; - java.lang.ClassLoader::postDefineClass@9
                      ; - java.lang.ClassLoader::defineClass@37
                      ; - java.security.SecureClassLoader::defineClass@12
  0x000001672782fb70: 4cfb b6ff 

  0x000001672782fb74: ;   {other}
  0x000001672782fb74: 0f1f 8400 | 6408 0006 | 85c0 0f84 | e817 0000 | 4c8b 5424 | 304c 8954 | 2448 488b | 7424 388b 
  0x000001672782fb94: 5c24 5044 | 8b5c 2454 | 4489 5c24 | 5048 8b4c | 2468 8b69 | 1485 ed0f | 8513 0200 | 0049 8b87 
  0x000001672782fbb4: b801 0000 | 4c8b d049 | 83c2 184d | 3b97 c801 | 0000 0f83 | 5b10 0000 | 4d89 97b8 | 0100 004c 
  0x000001672782fbd4: 8bd8 4983 | c310 48c7 | 0001 0000 | 0041 0f0d | 8ac0 0000 

  0x000001672782fbe8: ;   {metadata('java/lang/NamedPackage')}
  0x000001672782fbe8: 00c7 4008 | e8c0 0100 | 4489 600c | c5fd efc0 | c4c1 79d6 | 0348 8be8 | 4c8b 5424 | 5845 8b5a 
  0x000001672782fc08: 1445 8b53 | 0c45 85d2 | 0f86 0606 | 0000 4889 | 6c24 3089 | 5c24 2848 | 8974 2420 | 448b 5c24 
  0x000001672782fc28: 5049 8beb | 488b 5424 | 5866 6690 

  0x000001672782fc34: ;   {optimized virtual_call}
  0x000001672782fc34: c5f8 77e8 

  0x000001672782fc38: ; ImmutableOopMap {rbp=Oop [48]=Oop [64]=Oop [72]=Oop [80]=NarrowOop [88]=Oop [120]=Oop }
                      ;*invokevirtual intern {reexecute=0 rethrow=0 return_oop=1}
                      ; - java.lang.NamedPackage::<init>@47
                      ; - java.lang.ClassLoader::getNamedPackage@22
                      ; - java.lang.ClassLoader::postDefineClass@9
                      ; - java.lang.ClassLoader::defineClass@37
                      ; - java.security.SecureClassLoader::defineClass@12
  0x000001672782fc38: a46b 7dff 

  0x000001672782fc3c: ;   {other}
  0x000001672782fc3c: 0f1f 8400 | 2c09 0007 | 488b d841 | 807f 4000 | 0f85 4409 | 0000 488b | 7424 304c | 8bd3 4489 
  0x000001672782fc5c: 560c 4c8b | d64c 8bdb | 4d33 da49 | c1eb 144d | 85db 741f | 4885 db74 | 1a49 c1ea | 0948 b900 
  0x000001672782fc7c: 0025 2e67 | 0100 0049 | 03ca 8039 | 020f 85a8 | 0900 0041 | 807f 4000 | 0f85 c908 | 0000 8b7c 
  0x000001672782fc9c: 2450 897e | 104c 8bd5 | 4c8b de4d | 33d3 49c1 | ea14 4d85 | d274 1e85 | ff74 1a49 | c1eb 0948 
  0x000001672782fcbc: b900 0025 | 2e67 0100 | 0049 03cb | 8039 020f | 8515 0900 | 004c 8b5c | 2440 458b | 5338 4585 
  0x000001672782fcdc: d20f 8485 | 1200 0048 | 8974 2450 | 897c 2440 | 4c89 5c24 | 3049 8bd2 | 4c8b 4424 | 584c 8bce 
  0x000001672782fcfc: ;   {optimized virtual_call}
  0x000001672782fcfc: c5f8 77e8 

  0x000001672782fd00: ; ImmutableOopMap {[48]=Oop [64]=NarrowOop [72]=Oop [80]=Oop [120]=Oop }
                      ;*invokevirtual putIfAbsent {reexecute=0 rethrow=0 return_oop=1}
                      ; - java.lang.ClassLoader::getNamedPackage@32
                      ; - java.lang.ClassLoader::postDefineClass@9
                      ; - java.lang.ClassLoader::defineClass@37
                      ; - java.security.SecureClassLoader::defineClass@12
  0x000001672782fd00: 3ce0 87ff 

  0x000001672782fd04: ;   {other}
  0x000001672782fd04: 0f1f 8400 | f409 0008 | 4885 c00f | 84b9 0800 | 0044 8b50 | 0849 bb00 | 0000 3267 | 0100 004d 
  0x000001672782fd24: 03da 4d8b 

  0x000001672782fd28: ;   {metadata('java/lang/NamedPackage')}
  0x000001672782fd28: 5338 49bb | e8c0 0132 | 6701 0000 | 4d3b d30f | 844b 1200 | 00ba deff | ffff 488b | e866 6690 
  0x000001672782fd48: ;   {runtime_call UncommonTrapBlob}
  0x000001672782fd48: c5f8 77e8 

  0x000001672782fd4c: ; ImmutableOopMap {rbp=Oop }
                      ;*checkcast {reexecute=0 rethrow=0 return_oop=0}
                      ; - java.lang.ClassLoader::getNamedPackage@35
                      ; - java.lang.ClassLoader::postDefineClass@9
                      ; - java.lang.ClassLoader::defineClass@37
                      ; - java.security.SecureClassLoader::defineClass@12
  0x000001672782fd4c: b07d 27ff 

  0x000001672782fd50: ;   {other}
  0x000001672782fd50: 0f1f 8400 | 400a 0009 | 8b69 104c | 8bdd 4c8b | 4424 584d | 3bd8 7451 | 85ed 0f84 | 6615 0000 
  0x000001672782fd70: 894c 2438 | 4489 5424 | 3489 5c24 | 3048 8974 | 2428 4c8b | c54c 894c | 2420 488b | 5424 5848 
  0x000001672782fd90: 8bea 6690 

  0x000001672782fd94: ;   {optimized virtual_call}
  0x000001672782fd94: c5f8 77e8 

  0x000001672782fd98: ; ImmutableOopMap {rbp=Oop [32]=Oop [56]=NarrowOop [64]=Oop [72]=Oop [80]=NarrowOop [88]=Oop [120]=Oop }
                      ;*invokevirtual equals {reexecute=0 rethrow=0 return_oop=0}
                      ; - java.util.concurrent.ConcurrentHashMap::get@73
                      ; - java.lang.ClassLoader::getNamedPackage@5
                      ; - java.lang.ClassLoader::postDefineClass@9
                      ; - java.lang.ClassLoader::defineClass@37
                      ; - java.security.SecureClassLoader::defineClass@12
  0x000001672782fd98: 24f9 b6ff 

  0x000001672782fd9c: ;   {other}
  0x000001672782fd9c: 0f1f 8400 | 8c0a 000a | 85c0 0f84 | 460d 0000 | 488b 7424 | 288b 5c24 | 308b 4c24 | 388b 6914 
  0x000001672782fdbc: 85ed 0f84 | edfd ffff | 448b 5d08 | 49ba 0000 | 0032 6701 | 0000 4d03 | d34d 8b52 

  0x000001672782fdd8: ;   {metadata('java/lang/NamedPackage')}
  0x000001672782fdd8: 3849 bbe8 | c001 3267 | 0100 004d | 3bd3 0f85 | 6810 0000 | 4c8b 5424 | 4841 8b4a | 1085 c974 
  0x000001672782fdf8: 1a44 8b59 | 1445 85db | 0f85 b605 | 0000 448b | 4110 4585 | c00f 8522 | 0a00 0048 | 8b44 2478 
  0x000001672782fe18: c5f8 7748 | 81c4 a000 

  0x000001672782fe20: ;   {poll_return}
  0x000001672782fe20: 0000 5d49 | 3ba7 5004 | 0000 0f87 | 7a19 0000 | c344 0fb6 | 5711 4585 | d20f 8549 | 0800 0044 
  0x000001672782fe40: 8b47 1449 | 8beb 498b | d080 7f10 | 000f 850c | 0d00 0044 | 895c 242c | 895c 2428 | 4889 7424 
  0x000001672782fe60: 2066 6690 

  0x000001672782fe64: ;   {static_call}
  0x000001672782fe64: c5f8 77e8 

  0x000001672782fe68: ; ImmutableOopMap {rbp=Oop [44]=NarrowOop [64]=Oop [72]=Oop [80]=NarrowOop [88]=Oop [120]=Oop }
                      ;*invokestatic hashCode {reexecute=0 rethrow=0 return_oop=0}
                      ; - java.lang.String::hashCode@27
                      ; - java.util.concurrent.ConcurrentHashMap::get@1
                      ; - java.lang.ClassLoader::getNamedPackage@5
                      ; - java.lang.ClassLoader::postDefineClass@9
                      ; - java.lang.ClassLoader::defineClass@37
                      ; - java.security.SecureClassLoader::defineClass@12
  0x000001672782fe68: 14fa 26ff 

  0x000001672782fe6c: ;   {other}
  0x000001672782fe6c: 0f1f 8400 | 5c0b 000b | 85c0 0f84 | 090d 0000 | 4c8b 5424 | 5841 8942 | 0c48 8b74 | 2420 8b5c 
  0x000001672782fe8c: 2428 448b | 5c24 2ce9 | fcfb ffff | 458b d0eb | 0445 8d50 | ffc4 e1f9 | 7ed5 4183 | faff 0f84 
  0x000001672782feac: d105 0000 | 4585 d20f | 8cd7 1100 | 0044 3bd1 | 0f8f 1212 | 0000 443b | d10f 84f4 | 0200 0045 
  0x000001672782fecc: 85d2 0f84 | d904 0000 | 4d8b afb8 | 0100 004d | 8bc5 4983 | c018 4d3b | 87c8 0100 | 000f 83b5 
  0x000001672782feec: 0c00 004d | 8987 b801 | 0000 410f | 0d88 c000 | 0000 49c7 | 4500 0100 | 0000 4d8b | c549 83c0 
  0x000001672782ff0c: ;   {metadata('java/lang/String')}
  0x000001672782ff0c: 1041 c745 | 0878 e800 | 0045 8965 | 0cc5 fdef | c0c4 c179 | d600 4d8d | 7310 443b | d20f 84ef 
  0x000001672782ff2c: 0000 0041 | 81fa 0000 | 1000 0f87 | 4012 0000 | 4d63 ca41 | 3bd2 448b | c245 0f4f | c244 8984 
  0x000001672782ff4c: 2488 0000 | 0041 3bd0 | 0f82 9d12 | 0000 453b | d00f 8294 | 1200 0049 | 83c1 174d | 8bc1 4983 
  0x000001672782ff6c: e0f8 4181 | fa00 0010 | 000f 87de | 0d00 004c | 8bdd 498b | afb8 0100 | 0048 8bcd | 4903 c849 
  0x000001672782ff8c: 3b8f c801 | 0000 0f83 | be0d 0000 | 4989 8fb8 | 0100 000f | 0d89 c000 | 0000 48c7 | 4500 0100 
  0x000001672782ffac: 0000 0f0d | 8900 0100 

  0x000001672782ffb4: ;   {metadata({type array byte})}
  0x000001672782ffb4: 00c7 4508 | 1823 0000 | 4489 550c | 0f0d 8940 | 0100 000f | 0d89 8001 | 0000 4c8b | dd49 83c3 
  0x000001672782ffd4: 1049 c1e9 | 038b 8c24 | 8800 0000 | 85c9 0f84 | 9c11 0000 | 418b fa3b | cf0f 8c64 | 0700 0049 
  0x000001672782fff4: 83c0 f049 | c1e8 0349 | 8bce 498b | d3c5 f877 | 49ba 8043 | a826 6701 | 0000 41ff 

  0x0000016727830010: ;   {other}
  0x0000016727830010: d20f 1f84 | 0000 0000 | 00e9 9300 | 0000 4c63 | c281 fa00 | 0010 000f | 878f 0c00 | 004c 8bd5 
  0x0000016727830030: 498b afb8 | 0100 004d | 8d48 1749 | 83e1 f848 | 8bcd 4903 | c949 3b8f | c801 0000 | 0f83 670c 
  0x0000016727830050: 0000 4989 | 8fb8 0100 | 000f 0d89 | c000 0000 | 48c7 4500 | 0100 0000 | 0f0d 8900 

  0x000001672783006c: ;   {metadata({type array byte})}
  0x000001672783006c: 0100 00c7 | 4508 1823 | 0000 8955 | 0c0f 0d89 | 4001 0000 | 0f0d 8980 | 0100 0048 | 8bd5 4883 
  0x000001672783008c: c210 4983 | c007 49c1 | e803 498b | cec5 f877 | 49ba 8043 | a826 6701 | 0000 41ff 

  0x00000167278300a8: ;   {other}
  0x00000167278300a8: d20f 1f84 | 0000 0000 | 0041 807f | 4000 0f85 | 2304 0000 | 4d8b d54c | 8bc5 4589 | 4514 4c8b 
  0x00000167278300c8: dd4d 33da | 49c1 eb14 | 4d85 db74 | 1a49 c1ea | 0948 b900 | 0025 2e67 | 0100 0049 | 03ca 8039 
  0x00000167278300e8: 020f 8523 | 0400 0045 | 8865 1048 | 8974 2428 | 895c 2430 | 498b d590 

  0x0000016727830100: ;   {optimized virtual_call}
  0x0000016727830100: c5f8 77e8 

  0x0000016727830104: ; ImmutableOopMap {[64]=Oop [72]=Oop [120]=Oop }
                      ;*invokevirtual intern {reexecute=0 rethrow=0 return_oop=1}
                      ; - java.lang.Class::getPackageName@65
                      ; - java.lang.ClassLoader::postDefineClass@2
                      ; - java.lang.ClassLoader::defineClass@37
                      ; - java.security.SecureClassLoader::defineClass@12
  0x0000016727830104: d866 7dff 

  0x0000016727830108: ;   {other}
  0x0000016727830108: 0f1f 8400 | f80d 000c | 488b 7424 | 288b 5c24 | 3048 8bf8 | 4180 7f40 | 000f 8580 | 0300 004c 
  0x0000016727830128: 8b54 2478 | 4c8b c74c | 8b5c 2478 | 4589 433c | 4c8b df4d | 33da 49c1 | eb14 4d85 | db0f 8419 
  0x0000016727830148: f9ff ff48 | 85ff 0f84 | 10f9 ffff | 49c1 ea09 | 48b9 0000 | 252e 6701 | 0000 4903 | ca80 3902 
  0x0000016727830168: 0f84 f6f8 | ffff 4d8b | 5748 4d8b | 5f58 f083 | 4424 c000 | 8039 000f | 84df f8ff | ff44 8821 
  0x0000016727830188: 4d85 d275 | 2049 8bd7 | c5f8 7749 | bad0 a027 | 3bfd 7f00 | 0041 ffd2 

  0x00000167278301a0: ;   {other}
  0x00000167278301a0: 0f1f 8400 | 0000 0000 | e9b7 f8ff | ff4b 894c | 13f8 4983 | c2f8 4d89 | 5748 e9a5 | f8ff ff48 
  0x00000167278301c0: 8974 2428 | 895c 2430 | 4d8b e9e9 | 2cff ffff | 488b d04c | 8b54 2440 | 4c89 5424 | 2848 8be8 
  0x00000167278301e0: ;   {optimized virtual_call}
  0x00000167278301e0: c5f8 77e8 

  0x00000167278301e4: ; ImmutableOopMap {rbp=Oop [40]=Oop [64]=Oop [72]=Oop [120]=Oop }
                      ;*invokevirtual initClassName {reexecute=0 rethrow=0 return_oop=1}
                      ; - java.lang.Class::getName@14
                      ; - java.lang.Class::getPackageName@40
                      ; - java.lang.ClassLoader::postDefineClass@2
                      ; - java.lang.ClassLoader::defineClass@37
                      ; - java.security.SecureClassLoader::defineClass@12
  0x00000167278301e4: f8c1 7fff 

  0x00000167278301e8: ;   {other}
  0x00000167278301e8: 0f1f 8400 | d80e 000d | 4c8b c848 | 85c0 0f85 | 0bf7 ffff | baf6 ffff | ff66 6690 

  0x0000016727830204: ;   {runtime_call UncommonTrapBlob}
  0x0000016727830204: c5f8 77e8 

  0x0000016727830208: ; ImmutableOopMap {}
                      ;*invokevirtual lastIndexOf {reexecute=0 rethrow=0 return_oop=0}
                      ; - java.lang.Class::getPackageName@47
                      ; - java.lang.ClassLoader::postDefineClass@2
                      ; - java.lang.ClassLoader::defineClass@37
                      ; - java.security.SecureClassLoader::defineClass@12
  0x0000016727830208: f478 27ff 

  0x000001672783020c: ;   {other}
  0x000001672783020c: 0f1f 8400 | fc0e 000e | 458b d0e9 | 8afc ffff | 448b 5424 | 5045 85d2 | 0f84 4f12 | 0000 453b 
  0x000001672783022c: 621c 0f84 | e2f9 ffff | 498b 87b8 | 0100 004c | 8bd8 4983 | c328 4d3b | 9fc8 0100 | 000f 8365 
  0x000001672783024c: 0d00 004d | 899f b801 | 0000 410f | 0d8b c000 | 0000 48c7 | 0001 0000 | 004c 8bd8 | 4983 c310 
  0x000001672783026c: ;   {metadata('java/lang/InternalError')}
  0x000001672783026c: c740 0838 | 0701 0044 | 8960 0cc5 | fdef c041 | b807 0000 | 00c4 c178 | 92f8 62d1 | fe2f 7f03 
  0x000001672783028c: 4c8b d84c | 895c 2468 | 498b 87b8 | 0100 004c | 8bd8 4983 | c318 4d3b | 9fc8 0100 | 000f 832f 
  0x00000167278302ac: 0d00 004d | 899f b801 | 0000 4c8b | c049 83c0 | 1048 c700 | 0100 0000 | 410f 0d8b | c000 0000 
  0x00000167278302cc: ;   {metadata('java/lang/StringBuilder')}
  0x00000167278302cc: c740 0840 | 8000 0044 | 8960 0cc5 | fdef c0c4 | c179 d600 | 4c89 9424 | 8800 0000 | 4c8b d04c 
  0x00000167278302ec: 8994 2480 | 0000 0049 | 8bd2 6690 

  0x00000167278302f8: ;   {optimized virtual_call}
  0x00000167278302f8: c5f8 77e8 

  0x00000167278302fc: ; ImmutableOopMap {rbp=Oop [64]=Oop [72]=Oop [80]=NarrowOop [88]=Oop [104]=Oop [120]=Oop [128]=Oop [136]=Oop }
                      ;*invokespecial <init> {reexecute=0 rethrow=0 return_oop=0}
                      ; - java.lang.NamedPackage::<init>@26
                      ; - java.lang.ClassLoader::getNamedPackage@22
                      ; - java.lang.ClassLoader::postDefineClass@9
                      ; - java.lang.ClassLoader::defineClass@37
                      ; - java.security.SecureClassLoader::defineClass@12
  0x00000167278302fc: 80eb 26ff 

  0x0000016727830300: ;   {other}
  0x0000016727830300: 0f1f 8400 | f00f 000f 

  0x0000016727830308: ;   {oop("unnamed package in  "{0x00000000e09fe1a0})}
  0x0000016727830308: 49b8 a0e1 | 9fe0 0000 | 0000 488b | 9424 8000 | 0000 6690 

  0x000001672783031c: ;   {optimized virtual_call}
  0x000001672783031c: c5f8 77e8 

  0x0000016727830320: ; ImmutableOopMap {rbp=Oop [64]=Oop [72]=Oop [80]=NarrowOop [88]=Oop [104]=Oop [120]=Oop [136]=Oop }
                      ;*invokevirtual append {reexecute=0 rethrow=0 return_oop=1}
                      ; - java.lang.NamedPackage::<init>@31
                      ; - java.lang.ClassLoader::getNamedPackage@22
                      ; - java.lang.ClassLoader::postDefineClass@9
                      ; - java.lang.ClassLoader::defineClass@37
                      ; - java.security.SecureClassLoader::defineClass@12
  0x0000016727830320: 5ceb 26ff 

  0x0000016727830324: ;   {other}
  0x0000016727830324: 0f1f 8400 | 1410 0010 | 4885 c00f | 845b 1100 | 0048 8bd0 | 4c8b 8424 | 8800 0000 

  0x0000016727830340: ;   {optimized virtual_call}
  0x0000016727830340: c5f8 77e8 

  0x0000016727830344: ; ImmutableOopMap {rbp=Oop [64]=Oop [72]=Oop [80]=NarrowOop [88]=Oop [104]=Oop [120]=Oop }
                      ;*invokevirtual append {reexecute=0 rethrow=0 return_oop=1}
                      ; - java.lang.NamedPackage::<init>@35
                      ; - java.lang.ClassLoader::getNamedPackage@22
                      ; - java.lang.ClassLoader::postDefineClass@9
                      ; - java.lang.ClassLoader::defineClass@37
                      ; - java.security.SecureClassLoader::defineClass@12
  0x0000016727830344: 38eb 26ff 

  0x0000016727830348: ;   {other}
  0x0000016727830348: 0f1f 8400 | 3810 0011 | 4885 c00f | 844f 1100 | 0048 8bd0 

  0x000001672783035c: ;   {optimized virtual_call}
  0x000001672783035c: c5f8 77e8 

  0x0000016727830360: ; ImmutableOopMap {rbp=Oop [64]=Oop [72]=Oop [80]=NarrowOop [88]=Oop [104]=Oop [120]=Oop }
                      ;*invokevirtual toString {reexecute=0 rethrow=0 return_oop=1}
                      ; - java.lang.NamedPackage::<init>@38
                      ; - java.lang.ClassLoader::getNamedPackage@22
                      ; - java.lang.ClassLoader::postDefineClass@9
                      ; - java.lang.ClassLoader::defineClass@37
                      ; - java.security.SecureClassLoader::defineClass@12
  0x0000016727830360: 1ceb 26ff 

  0x0000016727830364: ;   {other}
  0x0000016727830364: 0f1f 8400 | 5410 0012 | 4c8b 5c24 | 484c 895c | 2438 4c8b | 5c24 584c | 895c 2448 | 488b 5424 
  0x0000016727830384: 684c 8bc0 

  0x0000016727830388: ;   {optimized virtual_call}
  0x0000016727830388: c5f8 77e8 

  0x000001672783038c: ; ImmutableOopMap {rbp=Oop [56]=Oop [64]=Oop [72]=Oop [80]=NarrowOop [104]=Oop [120]=Oop }
                      ;*invokespecial <init> {reexecute=0 rethrow=0 return_oop=0}
                      ; - java.lang.NamedPackage::<init>@41
                      ; - java.lang.ClassLoader::getNamedPackage@22
                      ; - java.lang.ClassLoader::postDefineClass@9
                      ; - java.lang.ClassLoader::defineClass@37
                      ; - java.security.SecureClassLoader::defineClass@12
  0x000001672783038c: f0ea 26ff 

  0x0000016727830390: ;   {other}
  0x0000016727830390: 0f1f 8400 | 8010 0013 | 488b 5424 | 68c5 f877 | 4881 c4a0 | 0000 005d 

  0x00000167278303a8: ;   {runtime_call _rethrow_Java}
  0x00000167278303a8: e9d3 ad34 

  0x00000167278303ac: ;   {oop(""{0x00000000e0700c00})}
  0x00000167278303ac: ff49 bd00 | 0c70 e000 | 0000 00e9 | 37fd ffff | 418b 5b0c | 458b 5308 | 498b eb48 | 63fb 48c1 
  0x00000167278303cc: e702 81fb | 0000 0400 | 0f87 260f | 0000 498b | 87b8 0100 | 004c 8d47 | 1749 83e0 | f84c 8bc8 
  0x00000167278303ec: 4d03 c84d | 3b8f c801 | 0000 0f83 | 040f 0000 | 4d89 8fb8 | 0100 0041 | 0f0d 89c0 | 0000 0048 
  0x000001672783040c: c700 0100 | 0000 4489 | 5008 8958 | 0c41 0f0d | 8900 0100 | 0041 0f0d | 8940 0100 | 0041 0f0d 
  0x000001672783042c: 8980 0100 | 0048 8bd8 | 498d 4b10 | 488b d348 | 83c2 1048 | 83c7 0748 | c1ef 034c | 8bc7 c5f8 
  0x000001672783044c: 7749 ba80 | 43a8 2667 | 0100 0041 

  0x0000016727830458: ;   {other}
  0x0000016727830458: ffd2 0f1f | 8400 0000 | 0000 488b | 5424 784c | 8bc3 6690 

  0x000001672783046c: ;   {optimized virtual_call}
  0x000001672783046c: c5f8 77e8 

  0x0000016727830470: ; ImmutableOopMap {[120]=Oop }
                      ;*invokevirtual setSigners {reexecute=0 rethrow=0 return_oop=0}
                      ; - java.lang.ClassLoader::setSigners@2
                      ; - java.lang.ClassLoader::postDefineClass@35
                      ; - java.lang.ClassLoader::defineClass@37
                      ; - java.security.SecureClassLoader::defineClass@12
  0x0000016727830470: 6a14 0000 

  0x0000016727830474: ;   {other}
  0x0000016727830474: 0f1f 8400 | 6411 0014 | e992 f9ff 

  0x0000016727830480: ;   {oop(""{0x00000000e0700c00})}
  0x0000016727830480: ff48 bf00 | 0c70 e000 | 0000 00e9 | 8cfc ffff | 48be 0000 | 252e 6701 | 0000 33db | 41ba ffff 
  0x00000167278304a0: ffff e9ff | f9ff ff4c | 8b54 2478 | 458b 523c | 4585 d20f | 846e fcff | ff4d 8b5f | 2849 8bca 
  0x00000167278304c0: 4d85 db0f | 84a7 0b00 | 004d 8b57 | 384b 894c | 1af8 4983 | c3f8 4d89 | 5f28 e948 | fcff ff45 
  0x00000167278304e0: 8b55 1445 | 85d2 0f84 | d0fb ffff | 4d8b 5f28 | 498b ca4d | 85db 0f84 | 200c 0000 | 4d8b 5738 
  0x0000016727830500: 4b89 4c1a | f849 83c3 | f84d 895f | 28e9 aafb | ffff 4d8b | 5748 4d8b | 5f58 f083 | 4424 c000 
  0x0000016727830520: 8039 000f | 84c6 fbff | ff44 8821 | 4d85 d275 | 2049 8bd7 | c5f8 7749 | bad0 a027 | 3bfd 7f00 
  0x0000016727830540: 0041 ffd2 

  0x0000016727830544: ;   {other}
  0x0000016727830544: 0f1f 8400 | 0000 0000 | e99e fbff | ff4b 894c | 13f8 4983 | c2f8 4d89 | 5748 e98c | fbff ff44 
  0x0000016727830564: 8b56 1045 | 85d2 0f84 | 2af7 ffff | 4d8b 5f28 | 498b ca4d | 85db 0f84 | bc0b 0000 | 4d8b 5738 
  0x0000016727830584: 4b89 4c1a | f849 83c3 | f84d 895f | 28e9 04f7 | ffff 488b | 7424 3044 | 8b5e 0c45 | 85db 0f84 
  0x00000167278305a4: aff6 ffff | 4d8b 5728 | 498b cb4d | 85d2 0f84 | a40b 0000 | 4d8b 5f38 | 4b89 4c13 | f849 83c2 
  0x00000167278305c4: f84d 8957 | 28e9 89f6 | ffff 4c8b | 5424 304c | 8954 2440 | 488b 7424 | 208b 5c24 | 28e9 06f8 
  0x00000167278305e4: ffff 4d8b | 5748 4d8b | 5f58 f083 | 4424 c000 | 8039 000f | 84d4 f6ff | ff44 8821 | 4d85 d275 
  0x0000016727830604: 2049 8bd7 | c5f8 7749 | bad0 a027 | 3bfd 7f00 | 0041 ffd2 

  0x0000016727830618: ;   {other}
  0x0000016727830618: 0f1f 8400 | 0000 0000 | e9ac f6ff | ff4b 894c | 13f8 4983 | c2f8 4d89 | 5748 e99a | f6ff ff4d 
  0x0000016727830638: 8b57 584d | 8b5f 48f0 | 8344 24c0 | 0080 3900 | 0f84 41f6 | ffff 4488 | 214d 85db | 7520 498b 
  0x0000016727830658: d7c5 f877 | 49ba d0a0 | 273b fd7f | 0000 41ff 

  0x0000016727830668: ;   {other}
  0x0000016727830668: d20f 1f84 | 0000 0000 | 00e9 19f6 | ffff 4b89 | 4c1a f849 | 83c3 f84d | 895f 48e9 | 07f6 ffff 
  0x0000016727830688: 33c0 e905 | f4ff ff44 

  0x0000016727830690: ;   {metadata('java/util/concurrent/ConcurrentHashMap$ForwardingNode')}
  0x0000016727830690: 8b59 0841 | 81fb 6003 | 1800 744c 

  0x000001672783069c: ;   {metadata('java/util/concurrent/ConcurrentHashMap$ReservationNode')}
  0x000001672783069c: 4181 fb48 | 6917 000f | 8408 f5ff | ffba c6ff | ffff 4c8b | 5c24 484c | 895c 2430 | 4c8b 5c24 
  0x00000167278306bc: 404c 895c | 2438 448b | 4424 5044 | 8944 2448 | 894c 244c | 4489 5424 | 5066 6690 

  0x00000167278306d8: ;   {runtime_call UncommonTrapBlob}
  0x00000167278306d8: c5f8 77e8 

  0x00000167278306dc: ; ImmutableOopMap {[48]=Oop [56]=Oop [72]=NarrowOop [76]=NarrowOop [88]=Oop [120]=Oop }
                      ;*invokevirtual find {reexecute=0 rethrow=0 return_oop=0}
                      ; - java.util.concurrent.ConcurrentHashMap::get@93
                      ; - java.lang.ClassLoader::getNamedPackage@5
                      ; - java.lang.ClassLoader::postDefineClass@9
                      ; - java.lang.ClassLoader::defineClass@37
                      ; - java.security.SecureClassLoader::defineClass@12
  0x00000167278306dc: 2074 27ff 

  0x00000167278306e0: ;   {other}
  0x00000167278306e0: 0f1f 8400 | d013 0015 | 458b da44 | 8b54 2450 | 4489 5424 | 5489 5c24 | 5048 8974 | 2438 4c8b 
  0x0000016727830700: 5424 484c | 8954 2428 | 498b d145 | 8bc3 4c8b | 4c24 5890 

  0x0000016727830714: ;   {optimized virtual_call}
  0x0000016727830714: c5f8 77e8 

  0x0000016727830718: ; ImmutableOopMap {[40]=Oop [64]=Oop [84]=NarrowOop [88]=Oop [120]=Oop }
                      ;*invokevirtual find {reexecute=0 rethrow=0 return_oop=1}
                      ; - java.util.concurrent.ConcurrentHashMap::get@93
                      ; - java.lang.ClassLoader::getNamedPackage@5
                      ; - java.lang.ClassLoader::postDefineClass@9
                      ; - java.lang.ClassLoader::defineClass@37
                      ; - java.security.SecureClassLoader::defineClass@12
  0x0000016727830718: 64e7 26ff 

  0x000001672783071c: ;   {other}
  0x000001672783071c: 0f1f 8400 | 0c14 0016 | 4885 c00f | 846a 0500 | 008b 6814 | 85ed 0f84 | cd08 0000 | 4c8b 5424 
  0x000001672783073c: 284c 8954 | 2448 488b | 7424 388b | 5c24 50e9 | 74f6 ffff | 33c0 e94d | f1ff ff44 | 8bc1 4d63 
  0x000001672783075c: c04d 8d50 | 1049 8bca | 4883 e1f8 | 488b fd48 | 03f9 49c1 | ea03 4d2b | ca49 8bc9 | 4833 c048 
  0x000001672783077c: 83f9 087f | 1048 ffc9 | 7856 4889 | 04cf 48ff | c97d f7eb | 4bc5 fdef | c0e9 0d00 | 0000 c5fe 
  0x000001672783079c: 7f07 c5fe | 7f47 2048 | 83c7 4048 | 83e9 087d | ed48 83c1 | 047c 0cc5 | fe7f 0748 | 83c7 2048 
  0x00000167278307bc: 83e9 0448 | 83c1 047e | 1748 c7c0 | ffff ffff | c4e2 f0f5 | c0c4 e1fb | 92f8 62f1 | fe2f 7f07 
  0x00000167278307dc: 4983 f820 | 7730 448b | 9424 8800 | 0000 4d63 | d249 b8ff | ffff ffff | ffff ffc4 | 42a8 f5c0 
  0x00000167278307fc: c4c1 fb92 | f862 d17f | af6f 0662 | d17f 2f7f | 03e9 07f8 | ffff 498b | ce49 8bd3 

  0x0000016727830818: ;   {no_reloc}
  0x0000016727830818: c5f8 7749 | bac0 20a8 | 2667 0100 | 0041 ffd2 

  0x0000016727830828: ;   {other}
  0x0000016727830828: 0f1f 8400 | 0000 0000 | e9e4 f7ff | ff49 8b87 | b801 0000 | 4c8b d049 | 83c2 184c | 8bc9 4d3b 
  0x0000016727830848: 97c8 0100 | 000f 835d | 0b00 004d | 8997 b801 | 0000 410f | 0d8a c000 | 0000 48c7 | 0001 0000 
  0x0000016727830868: ;   {metadata('java/util/ArrayList')}
  0x0000016727830868: 00c7 4008 | d089 0b00 | 4489 600c | 4489 6010 

  0x0000016727830878: ;   {oop(a 'java/lang/Object'[0] {0x00000000e0700418})}
  0x0000016727830878: c740 1418 | 0470 e04c | 8bd8 418b | 780c 85ff | 0f86 b900 | 0000 4533 | d2eb 2566 | 0f1f 8400 
  0x0000016727830898: 0000 0000 | 6666 6690 | 4889 6c24 | 4048 8b74 | 2428 8b5c | 2430 4c8b | 4c24 384c | 8b5c 2448 
  0x00000167278308b8: ; implicit exception: dispatches to 0x000001672783169c
  0x00000167278308b8: 418b 500c | 443b d20f | 83fb 0b00 | 0043 8b7c | 9010 448b | 4710 458b | 4010 4489 | 5424 504c 
  0x00000167278308d8: 895c 2448 | 4c89 4c24 | 3889 4c24 | 3489 5c24 | 3048 8974 | 2428 488b | 6c24 4049 | 8bd3 6690 
  0x00000167278308f8: ;   {optimized virtual_call}
  0x00000167278308f8: c5f8 77e8 

  0x00000167278308fc: ; ImmutableOopMap {rbp=Oop [52]=NarrowOop [56]=Oop [72]=Oop [120]=Oop }
                      ;*invokevirtual addAll {reexecute=0 rethrow=0 return_oop=0}
                      ; - java.security.CodeSource::getCertificates@57
                      ; - java.lang.ClassLoader::postDefineClass@24
                      ; - java.lang.ClassLoader::defineClass@37
                      ; - java.security.SecureClassLoader::defineClass@12
  0x00000167278308fc: 80e5 26ff 

  0x0000016727830900: ;   {other}
  0x0000016727830900: 0f1f 8400 | f015 0017 | 4d8b 9f58 | 0400 008b | 4c24 3444 | 8b41 1044 | 8b54 2450 

  0x000001672783091c: ; ImmutableOopMap {r8=NarrowOop rcx=NarrowOop rbp=Oop [56]=Oop [72]=Oop [120]=Oop }
                      ;*goto {reexecute=1 rethrow=0 return_oop=0}
                      ; - (reexecute) java.security.CodeSource::getCertificates@64
                      ; - java.lang.ClassLoader::postDefineClass@24
                      ; - java.lang.ClassLoader::defineClass@37
                      ; - java.security.SecureClassLoader::defineClass@12
                      ;   {poll}
  0x000001672783091c: 41ff c241 | 8503 458b | 480c 453b | d10f 8c71 | ffff ff48 | 896c 2440 | 488b 7424 | 288b 5c24 
  0x000001672783093c: 304c 8b4c | 2438 4c8b | 5c24 4849 | 8b87 b801 | 0000 4c8b | d049 83c2 | 104d 3b97 | c801 0000 
  0x000001672783095c: 0f83 a70a | 0000 4d89 | 97b8 0100 | 0041 0f0d | 8ac0 0000 | 0048 c700 | 0100 0000 | 410f 0d8a 
  0x000001672783097c: 0001 0000 

  0x0000016727830980: ;   {metadata('java/security/cert/Certificate'[])}
  0x0000016727830980: c740 0820 | 2910 0041 | 0f0d 8a40 | 0100 0044 | 8960 0c41 | 0f0d 8a80 | 0100 004c | 8b54 2440 
  0x00000167278309a0: 4c89 5424 | 204c 8b54 | 2478 4c89 | 5424 2848 | 8bee 894c | 2430 4c89 | 4c24 384c | 895c 2448 
  0x00000167278309c0: 4c8b c048 | 8b54 2448 

  0x00000167278309c8: ;   {optimized virtual_call}
  0x00000167278309c8: c5f8 77e8 

  0x00000167278309cc: ; ImmutableOopMap {[32]=Oop [40]=Oop [48]=NarrowOop [56]=Oop }
                      ;*invokevirtual toArray {reexecute=0 rethrow=0 return_oop=1}
                      ; - java.security.CodeSource::getCertificates@73
                      ; - java.lang.ClassLoader::postDefineClass@24
                      ; - java.lang.ClassLoader::defineClass@37
                      ; - java.security.SecureClassLoader::defineClass@12
  0x00000167278309cc: b0e4 26ff 

  0x00000167278309d0: ;   {other}
  0x00000167278309d0: 0f1f 8400 | c016 0019 | 488b f844 

  0x00000167278309dc: ;   {metadata('java/security/cert/Certificate'[])}
  0x00000167278309dc: 8b50 0841 | 81fa 2029 | 1000 0f85 | 880b 0000 | 4180 7f40 | 000f 853d | 0800 008b | 5c24 304c 
  0x00000167278309fc: 8bd7 4c89 | 5424 404c | 8b54 2438 | 4c8b 5c24 | 404d 8bc3 | 4489 4314 | 4d33 da49 | c1eb 144d 
  0x0000016727830a1c: 85db 7414 | 49c1 ea09 | 4c8b c54d | 03c2 4180 | 3802 0f85 | 3708 0000 | 4c8b 5424 | 4045 8b5a 
  0x0000016727830a3c: 0c45 8b52 | 0849 63eb | 48c1 e502 | 4181 fb00 | 0004 000f | 87fc 0900 | 0049 8b87 | b801 0000 
  0x0000016727830a5c: 4c8d 4517 | 4983 e0f8 | 4c8b c84d | 03c8 4d3b | 8fc8 0100 | 000f 83da | 0900 004d | 898f b801 
  0x0000016727830a7c: 0000 410f | 0d89 c000 | 0000 48c7 | 0001 0000 | 0044 8950 | 0844 8958 | 0c41 0f0d | 8900 0100 
  0x0000016727830a9c: 0041 0f0d | 8940 0100 | 0041 0f0d | 8980 0100 | 0048 8bd8 | 488b 4c24 | 4048 83c1 | 1048 8bd3 
  0x0000016727830abc: 4883 c210 | 4883 c507 | 48c1 ed03 | 4c8b c5c5 | f877 49ba | 8043 a826 | 6701 0000 

  0x0000016727830ad8: ;   {other}
  0x0000016727830ad8: 41ff d20f | 1f84 0000 | 0000 004c | 8b54 2428 | 4c89 5424 | 78e9 70f9 | ffff 488b | 7424 288b 
  0x0000016727830af8: 5c24 3044 | 8b54 2434 | 8b4c 2438 | e9e5 efff 

  0x0000016727830b08: ;   {metadata('java/security/SecureClassLoader$1')}
  0x0000016727830b08: ff48 ba50 | ba11 3267 | 0100 004c | 8944 2450 

  0x0000016727830b18: ;   {runtime_call _new_instance_Java}
  0x0000016727830b18: c5f8 77e8 

  0x0000016727830b1c: ; ImmutableOopMap {rbp=NarrowOop [40]=Oop [48]=Oop [64]=Oop [80]=Oop }
                      ;*new {reexecute=0 rethrow=0 return_oop=1}
                      ; - java.security.SecureClassLoader::getProtectionDomain@20
                      ; - java.security.SecureClassLoader::defineClass@9
  0x0000016727830b1c: e017 34ff 

  0x0000016727830b20: ;   {other}
  0x0000016727830b20: 0f1f 8400 | 1018 001a | 4c8b c84c | 8b44 2450 | e9ce ecff 

  0x0000016727830b34: ;   {metadata('java/security/SecureClassLoader$CodeSourceKey')}
  0x0000016727830b34: ff48 bab8 | b411 3267 | 0100 0090 

  0x0000016727830b40: ;   {runtime_call _new_instance_Java}
  0x0000016727830b40: c5f8 77e8 

  0x0000016727830b44: ; ImmutableOopMap {rbp=Oop [40]=Oop [48]=Oop [64]=Oop }
                      ;*new {reexecute=0 rethrow=0 return_oop=1}
                      ; - java.security.SecureClassLoader::getProtectionDomain@6
                      ; - java.security.SecureClassLoader::defineClass@9
  0x0000016727830b44: b817 34ff 

  0x0000016727830b48: ;   {other}
  0x0000016727830b48: 0f1f 8400 | 3818 001b | 4c8b c0e9 | 62ec ffff | 33c0 e945 | edff ff44 | 895c 242c | 895c 2428 
  0x0000016727830b68: 4889 7424 | 2066 6690 

  0x0000016727830b70: ;   {static_call}
  0x0000016727830b70: c5f8 77e8 

  0x0000016727830b74: ; ImmutableOopMap {rbp=Oop [44]=NarrowOop [64]=Oop [72]=Oop [80]=NarrowOop [88]=Oop [120]=Oop }
                      ;*invokestatic hashCode {reexecute=0 rethrow=0 return_oop=0}
                      ; - java.lang.String::hashCode@37
                      ; - java.util.concurrent.ConcurrentHashMap::get@1
                      ; - java.lang.ClassLoader::getNamedPackage@5
                      ; - java.lang.ClassLoader::postDefineClass@9
                      ; - java.lang.ClassLoader::defineClass@37
                      ; - java.security.SecureClassLoader::defineClass@12
  0x0000016727830b74: 08ed 26ff 

  0x0000016727830b78: ;   {other}
  0x0000016727830b78: 0f1f 8400 | 6818 001c | e9ef f2ff | ff4c 8b54 | 2458 41c6 | 4211 0133 | c048 8b74 | 2420 8b5c 
  0x0000016727830b98: 2428 448b | 5c24 2ce9 | f0ee ffff | 4489 5424 | 5c89 5424 | 5844 895c | 2454 895c | 2450 4889 
  0x0000016727830bb8: 7424 384c | 8b54 2478 | 4c89 5424 | 304c 8b54 | 2448 4c89 | 5424 284c | 8b54 2440 | 4c89 5424 
  0x0000016727830bd8: ;   {metadata('java/lang/String')}
  0x0000016727830bd8: 2048 ba78 | e800 3267 | 0100 0090 

  0x0000016727830be4: ;   {runtime_call _new_instance_Java}
  0x0000016727830be4: c5f8 77e8 

  0x0000016727830be8: ; ImmutableOopMap {rbp=Oop [32]=Oop [40]=Oop [48]=Oop [84]=NarrowOop [120]=Oop }
                      ;*new {reexecute=0 rethrow=0 return_oop=1}
                      ; - java.lang.StringLatin1::newString@7
                      ; - java.lang.String::substring@41
                      ; - java.lang.Class::getPackageName@62
                      ; - java.lang.ClassLoader::postDefineClass@2
                      ; - java.lang.ClassLoader::defineClass@37
                      ; - java.security.SecureClassLoader::defineClass@12
  0x0000016727830be8: 1417 34ff 

  0x0000016727830bec: ;   {other}
  0x0000016727830bec: 0f1f 8400 | dc18 001d | 4c8b 5424 | 204c 8954 | 2440 4c8b | 5424 284c | 8954 2448 | 488b 7424 
  0x0000016727830c0c: 388b 5c24 | 5044 8b5c | 2454 8b54 | 2458 448b | 5424 5c4c | 8be8 e9fb | f2ff ff44 | 8b5c 2450 
  0x0000016727830c2c: 4489 5c24 | 3c4c 8b54 | 2458 4c89 | 5424 5089 | 5c24 3848 | 8974 2430 | 4c8b 5424 | 484c 8954 
  0x0000016727830c4c: 2420 488b 

  0x0000016727830c50: ;   {metadata('java/lang/NamedPackage')}
  0x0000016727830c50: 6c24 4048 | bae8 c001 | 3267 0100 | 0066 6690 

  0x0000016727830c60: ;   {runtime_call _new_instance_Java}
  0x0000016727830c60: c5f8 77e8 

  0x0000016727830c64: ; ImmutableOopMap {rbp=Oop [32]=Oop [60]=NarrowOop [80]=Oop [88]=Oop [120]=Oop }
                      ;*new {reexecute=0 rethrow=0 return_oop=1}
                      ; - java.lang.ClassLoader::getNamedPackage@16
                      ; - java.lang.ClassLoader::postDefineClass@9
                      ; - java.lang.ClassLoader::defineClass@37
                      ; - java.security.SecureClassLoader::defineClass@12
  0x0000016727830c64: 9816 34ff 

  0x0000016727830c68: ;   {other}
  0x0000016727830c68: 0f1f 8400 | 5819 001e | 4889 6c24 | 404c 8b54 | 2420 4c89 | 5424 4848 | 8b74 2430 | 8b5c 2438 
  0x0000016727830c88: 448b 5424 | 3c44 8954 | 2450 e966 | efff ff4c | 8b54 2428 | 4c89 5424 | 4848 8b74 | 2438 8b5c 
  0x0000016727830ca8: 2450 448b | 5424 5444 | 8954 2450 | e9f8 eeff | ff49 8bea | 4c89 4424 | 684c 8974 | 2460 4c89 
  0x0000016727830cc8: 6c24 5844 | 8bd2 4489 | 5c24 5489 | 5c24 5048 | 8974 2438 | 4c8b 5c24 | 784c 895c | 2428 4c8b 
  0x0000016727830ce8: 5c24 484c | 895c 2430 | 4c8b 5c24 | 404c 895c 

  0x0000016727830cf8: ;   {metadata({type array byte})}
  0x0000016727830cf8: 2420 48ba | 1823 0032 | 6701 0000 | 458b c290 

  0x0000016727830d08: ;   {runtime_call _new_array_nozero_Java}
  0x0000016727830d08: c5f8 77e8 

  0x0000016727830d0c: ; ImmutableOopMap {rbp=Oop [96]=Derived_oop_rbp [32]=Oop [40]=Oop [48]=Oop [84]=NarrowOop [88]=Oop }
                      ;*invokevirtual clone {reexecute=1 rethrow=0 return_oop=1}
                      ; - (reexecute) java.util.Arrays::copyOfRange@18
                      ; - java.lang.StringLatin1::newString@16
                      ; - java.lang.String::substring@41
                      ; - java.lang.Class::getPackageName@62
                      ; - java.lang.ClassLoader::postDefineClass@2
                      ; - java.lang.ClassLoader::defineClass@37
                      ; - java.security.SecureClassLoader::defineClass@12
  0x0000016727830d0c: f06a 34ff 

  0x0000016727830d10: ;   {other}
  0x0000016727830d10: 0f1f 8400 | 001a 001f | 4c8b 5c24 | 204c 895c | 2440 4c8b | 5c24 304c | 895c 2448 | 4c8b 5c24 
  0x0000016727830d30: 284c 895c | 2478 488b | 7424 388b | 5c24 504c | 8b6c 2458 | 4c8b 7424 | 604c 8b44 | 2468 488b 
  0x0000016727830d50: e8e9 31f3 | ffff 498b | eb4c 8944 | 2470 4c89 | 4c24 684c | 8974 2460 | 4c89 6c24 | 5844 8954 
  0x0000016727830d70: 2454 895c | 2450 4889 | 7424 384c | 8b54 2478 | 4c89 5424 | 304c 8b54 | 2448 4c89 | 5424 284c 
  0x0000016727830d90: 8b54 2440 | 4c89 5424 

  0x0000016727830d98: ;   {metadata({type array byte})}
  0x0000016727830d98: 2048 ba18 | 2300 3267 | 0100 0044 | 8b44 2454 

  0x0000016727830da8: ;   {runtime_call _new_array_nozero_Java}
  0x0000016727830da8: c5f8 77e8 

  0x0000016727830dac: ; ImmutableOopMap {rbp=Oop [96]=Derived_oop_rbp [32]=Oop [40]=Oop [48]=Oop [88]=Oop [120]=Oop }
                      ;*newarray {reexecute=0 rethrow=0 return_oop=1}
                      ; - java.util.Arrays::copyOfRangeByte@10
                      ; - java.util.Arrays::copyOfRange@13
                      ; - java.lang.StringLatin1::newString@16
                      ; - java.lang.String::substring@41
                      ; - java.lang.Class::getPackageName@62
                      ; - java.lang.ClassLoader::postDefineClass@2
                      ; - java.lang.ClassLoader::defineClass@37
                      ; - java.security.SecureClassLoader::defineClass@12
  0x0000016727830dac: 506a 34ff 

  0x0000016727830db0: ;   {other}
  0x0000016727830db0: 0f1f 8400 | a01a 0020 | 4c8b 5424 | 204c 8954 | 2440 4c8b | 5424 284c | 8954 2448 | 488b 7424 
  0x0000016727830dd0: 388b 5c24 | 5044 8b54 | 2454 4c8b | 6c24 584c | 8b74 2460 | 488b e84c | 8b4c 2468 | 4c8b 4424 
  0x0000016727830df0: 70e9 d8f1 | ffff baf6 | ffff ff48 | 8bef 6690 

  0x0000016727830e00: ;   {runtime_call UncommonTrapBlob}
  0x0000016727830e00: c5f8 77e8 

  0x0000016727830e04: ; ImmutableOopMap {rbp=Oop }
                      ;*invokevirtual get {reexecute=0 rethrow=0 return_oop=0}
                      ; - java.lang.ClassLoader::getNamedPackage@5
                      ; - java.lang.ClassLoader::postDefineClass@9
                      ; - java.lang.ClassLoader::defineClass@37
                      ; - java.security.SecureClassLoader::defineClass@12
  0x0000016727830e04: f86c 27ff 

  0x0000016727830e08: ;   {other}
  0x0000016727830e08: 0f1f 8400 | f81a 0021 | baf6 ffff | ff41 8beb 

  0x0000016727830e18: ;   {runtime_call UncommonTrapBlob}
  0x0000016727830e18: c5f8 77e8 

  0x0000016727830e1c: ; ImmutableOopMap {rbp=NarrowOop }
                      ;*invokevirtual toExternalForm {reexecute=0 rethrow=0 return_oop=0}
                      ; - java.net.URL::toExternalForm@5
                      ; - java.net.URL::toString@1
                      ; - java.lang.ClassLoader::defineClassSourceLocation@22
                      ; - java.lang.ClassLoader::defineClass@12
                      ; - java.security.SecureClassLoader::defineClass@12
  0x0000016727830e1c: e06c 27ff 

  0x0000016727830e20: ;   {other}
  0x0000016727830e20: 0f1f 8400 | 101b 0022 | bade ffff | ff4c 8b54 | 2440 4c89 | 5424 204c | 8944 2440 | 4c89 4c24 
  0x0000016727830e40: 4866 6690 

  0x0000016727830e44: ;   {runtime_call UncommonTrapBlob}
  0x0000016727830e44: c5f8 77e8 

  0x0000016727830e48: ; ImmutableOopMap {rbp=NarrowOop [32]=Oop [40]=Oop [48]=Oop [64]=Oop [72]=Oop }
                      ;*invokeinterface computeIfAbsent {reexecute=0 rethrow=0 return_oop=0}
                      ; - java.security.SecureClassLoader::getProtectionDomain@28
                      ; - java.security.SecureClassLoader::defineClass@9
  0x0000016727830e48: b46c 27ff 

  0x0000016727830e4c: ;   {other}
  0x0000016727830e4c: 0f1f 8400 | 3c1b 0023 | bade ffff | ff66 6690 

  0x0000016727830e5c: ;   {runtime_call UncommonTrapBlob}
  0x0000016727830e5c: c5f8 77e8 

  0x0000016727830e60: ; ImmutableOopMap {rbp=NarrowOop }
                      ;*checkcast {reexecute=0 rethrow=0 return_oop=0}
                      ; - java.lang.ClassLoader::getNamedPackage@8
                      ; - java.lang.ClassLoader::postDefineClass@9
                      ; - java.lang.ClassLoader::defineClass@37
                      ; - java.security.SecureClassLoader::defineClass@12
  0x0000016727830e60: 9c6c 27ff 

  0x0000016727830e64: ;   {other}
  0x0000016727830e64: 0f1f 8400 | 541b 0024 | ba45 ffff | ff4c 8b54 | 2448 4c89 | 5424 304c | 8b54 2440 | 4c89 5424 
  0x0000016727830e84: 3844 895c | 244c 6690 

  0x0000016727830e8c: ;   {runtime_call UncommonTrapBlob}
  0x0000016727830e8c: c5f8 77e8 

  0x0000016727830e90: ; ImmutableOopMap {[48]=Oop [56]=Oop [80]=NarrowOop [88]=Oop [120]=Oop }
                      ;*ifle {reexecute=1 rethrow=0 return_oop=0}
                      ; - (reexecute) java.util.concurrent.ConcurrentHashMap::get@23
                      ; - java.lang.ClassLoader::getNamedPackage@5
                      ; - java.lang.ClassLoader::postDefineClass@9
                      ; - java.lang.ClassLoader::defineClass@37
                      ; - java.security.SecureClassLoader::defineClass@12
  0x0000016727830e90: 6c6c 27ff 

  0x0000016727830e94: ;   {other}
  0x0000016727830e94: 0f1f 8400 | 841b 0025 | ba45 ffff | ff4c 8b54 | 2440 4c89 | 5424 2090 

  0x0000016727830eac: ;   {runtime_call UncommonTrapBlob}
  0x0000016727830eac: c5f8 77e8 

  0x0000016727830eb0: ; ImmutableOopMap {rbp=Oop [32]=Oop [40]=Oop [48]=Oop }
                      ;*ifnonnull {reexecute=1 rethrow=0 return_oop=0}
                      ; - (reexecute) java.security.SecureClassLoader::getProtectionDomain@1
                      ; - java.security.SecureClassLoader::defineClass@9
  0x0000016727830eb0: 4c6c 27ff 

  0x0000016727830eb4: ;   {other}
  0x0000016727830eb4: 0f1f 8400 | a41b 0026 | ba76 ffff | ff48 8b6c | 2478 4c8b | 5424 404c | 8954 2420 | 4c8b 5424 
  0x0000016727830ed4: 484c 8954 | 2430 4489 | 5c24 4844 | 8944 2450 | 4c89 4c24 | 5866 6690 

  0x0000016727830eec: ;   {runtime_call UncommonTrapBlob}
  0x0000016727830eec: c5f8 77e8 

  0x0000016727830ef0: ; ImmutableOopMap {rbp=Oop [32]=Oop [48]=Oop [72]=NarrowOop [88]=Oop }
                      ;*iflt {reexecute=1 rethrow=0 return_oop=0}
                      ; - (reexecute) java.lang.StringLatin1::lastIndexOf@19
                      ; - java.lang.String::lastIndexOf@13
                      ; - java.lang.String::lastIndexOf@8
                      ; - java.lang.Class::getPackageName@47
                      ; - java.lang.ClassLoader::postDefineClass@2
                      ; - java.lang.ClassLoader::defineClass@37
                      ; - java.security.SecureClassLoader::defineClass@12
  0x0000016727830ef0: 0c6c 27ff 

  0x0000016727830ef4: ;   {other}
  0x0000016727830ef4: 0f1f 8400 | e41b 0027 | ba45 ffff | ff4c 8b54 | 2440 4c89 | 5424 2048 | 8944 2428 | 4889 4424 
  0x0000016727830f14: 4066 6690 

  0x0000016727830f18: ;   {runtime_call UncommonTrapBlob}
  0x0000016727830f18: c5f8 77e8 

  0x0000016727830f1c: ; ImmutableOopMap {[32]=Oop [40]=Oop [64]=Oop [72]=Oop }
                      ;*ifeq {reexecute=1 rethrow=0 return_oop=0}
                      ; - (reexecute) java.lang.Class::getPackageName@13
                      ; - java.lang.ClassLoader::postDefineClass@2
                      ; - java.lang.ClassLoader::defineClass@37
                      ; - java.security.SecureClassLoader::defineClass@12
  0x0000016727830f1c: e06b 27ff 

  0x0000016727830f20: ;   {other}
  0x0000016727830f20: 0f1f 8400 | 101c 0028 | ba6e ffff | ff48 8b6c | 2478 4c8b | 5424 404c | 8954 2420 | 4c8b 5424 
  0x0000016727830f40: 484c 8954 | 2430 4489 | 5c24 4844 | 8944 2450 | 4c89 4c24 | 5866 6690 

  0x0000016727830f58: ;   {runtime_call UncommonTrapBlob}
  0x0000016727830f58: c5f8 77e8 

  0x0000016727830f5c: ; ImmutableOopMap {rbp=Oop [32]=Oop [48]=Oop [72]=NarrowOop [88]=Oop }
                      ;*iflt {reexecute=1 rethrow=0 return_oop=0}
                      ; - (reexecute) java.lang.StringLatin1::lastIndexOf@19
                      ; - java.lang.String::lastIndexOf@13
                      ; - java.lang.String::lastIndexOf@8
                      ; - java.lang.Class::getPackageName@47
                      ; - java.lang.ClassLoader::postDefineClass@2
                      ; - java.lang.ClassLoader::defineClass@37
                      ; - java.security.SecureClassLoader::defineClass@12
  0x0000016727830f5c: a06b 27ff 

  0x0000016727830f60: ;   {other}
  0x0000016727830f60: 0f1f 8400 | 501c 0029 | baf6 ffff | ff48 8b6c | 2458 4889 | 7424 2090 

  0x0000016727830f78: ;   {runtime_call UncommonTrapBlob}
  0x0000016727830f78: c5f8 77e8 

  0x0000016727830f7c: ; ImmutableOopMap {rbp=Oop [32]=Oop }
                      ;*invokevirtual putIfAbsent {reexecute=0 rethrow=0 return_oop=0}
                      ; - java.lang.ClassLoader::getNamedPackage@32
                      ; - java.lang.ClassLoader::postDefineClass@9
                      ; - java.lang.ClassLoader::defineClass@37
                      ; - java.security.SecureClassLoader::defineClass@12
  0x0000016727830f7c: 806b 27ff 

  0x0000016727830f80: ;   {other}
  0x0000016727830f80: 0f1f 8400 | 701c 002a | 488b e8ba | 54ff ffff | 4c8b 5424 | 304c 8954 | 2428 4c8b | 5424 484c 
  0x0000016727830fa0: 8954 2438 

  0x0000016727830fa4: ;   {runtime_call UncommonTrapBlob}
  0x0000016727830fa4: c5f8 77e8 

  0x0000016727830fa8: ; ImmutableOopMap {rbp=Oop [40]=Oop [56]=Oop [64]=NarrowOop [80]=Oop [120]=Oop }
                      ;*ifnull {reexecute=1 rethrow=0 return_oop=0}
                      ; - (reexecute) java.lang.ClassLoader::getNamedPackage@42
                      ; - java.lang.ClassLoader::postDefineClass@9
                      ; - java.lang.ClassLoader::defineClass@37
                      ; - java.security.SecureClassLoader::defineClass@12
  0x0000016727830fa8: 546b 27ff 

  0x0000016727830fac: ;   {other}
  0x0000016727830fac: 0f1f 8400 | 9c1c 002b 

  0x0000016727830fb4: ;   {metadata('java/lang/InternalError')}
  0x0000016727830fb4: 48ba 3807 | 0132 6701 | 0000 4c89 | 5424 6890 

  0x0000016727830fc4: ;   {runtime_call _new_instance_Java}
  0x0000016727830fc4: c5f8 77e8 

  0x0000016727830fc8: ; ImmutableOopMap {rbp=Oop [64]=Oop [72]=Oop [80]=NarrowOop [88]=Oop [104]=Oop [120]=Oop }
                      ;*new {reexecute=0 rethrow=0 return_oop=1}
                      ; - java.lang.NamedPackage::<init>@18
                      ; - java.lang.ClassLoader::getNamedPackage@22
                      ; - java.lang.ClassLoader::postDefineClass@9
                      ; - java.lang.ClassLoader::defineClass@37
                      ; - java.security.SecureClassLoader::defineClass@12
  0x0000016727830fc8: 3413 34ff 

  0x0000016727830fcc: ;   {other}
  0x0000016727830fcc: 0f1f 8400 | bc1c 002c | 4c8b 5424 | 68e9 aef2 

  0x0000016727830fdc: ;   {metadata('java/lang/StringBuilder')}
  0x0000016727830fdc: ffff 48ba | 4080 0032 | 6701 0000 | 4c89 9424 | 8800 0000 

  0x0000016727830ff0: ;   {runtime_call _new_instance_Java}
  0x0000016727830ff0: c5f8 77e8 

  0x0000016727830ff4: ; ImmutableOopMap {rbp=Oop [64]=Oop [72]=Oop [80]=NarrowOop [88]=Oop [104]=Oop [120]=Oop [136]=Oop }
                      ;*new {reexecute=0 rethrow=0 return_oop=1}
                      ; - java.lang.NamedPackage::<init>@22
                      ; - java.lang.ClassLoader::getNamedPackage@22
                      ; - java.lang.ClassLoader::postDefineClass@9
                      ; - java.lang.ClassLoader::defineClass@37
                      ; - java.security.SecureClassLoader::defineClass@12
  0x0000016727830ff4: 0813 34ff 

  0x0000016727830ff8: ;   {other}
  0x0000016727830ff8: 0f1f 8400 | e81c 002d | e9e3 f2ff | ff4c 8b54 | 2428 4c89 | 5424 4848 | 8b74 2438 | 8b5c 2450 
  0x0000016727831018: 448b 5c24 | 5444 895c | 2450 e98a | ebff ff45 | 33db 4585 | d241 0f94 | c3ba 45ff | ffff 488b 
  0x0000016727831038: 6c24 784c | 8b54 2440 | 4c89 5424 | 204c 8b54 | 2448 4c89 | 5424 3044 | 895c 2448 | 4c89 4c24 
  0x0000016727831058: 5889 5c24 | 4c66 6690 

  0x0000016727831060: ;   {runtime_call UncommonTrapBlob}
  0x0000016727831060: c5f8 77e8 

  0x0000016727831064: ; ImmutableOopMap {rbp=Oop [32]=Oop [48]=Oop [88]=Oop }
                      ;*ifeq {reexecute=1 rethrow=0 return_oop=0}
                      ; - (reexecute) java.lang.String::lastIndexOf@4
                      ; - java.lang.String::lastIndexOf@8
                      ; - java.lang.Class::getPackageName@47
                      ; - java.lang.ClassLoader::postDefineClass@2
                      ; - java.lang.ClassLoader::defineClass@37
                      ; - java.security.SecureClassLoader::defineClass@12
  0x0000016727831064: 986a 27ff 

  0x0000016727831068: ;   {other}
  0x0000016727831068: 0f1f 8400 | 581d 002e | 498b d7c5 | f877 49ba | f0a0 273b | fd7f 0000 

  0x0000016727831080: ;   {other}
  0x0000016727831080: 41ff d20f | 1f84 0000 | 0000 00e9 | 97f0 ffff | ba45 ffff | ff48 8b6c | 2478 4c8b | 5c24 404c 
  0x00000167278310a0: 895c 2420 | 4c8b 5c24 | 484c 895c | 2430 4489 | 5424 4c44 | 8954 2450 | 4c89 4c24 | 5889 4c24 
  0x00000167278310c0: 6066 6690 

  0x00000167278310c4: ;   {runtime_call UncommonTrapBlob}
  0x00000167278310c4: c5f8 77e8 

  0x00000167278310c8: ; ImmutableOopMap {rbp=Oop [32]=Oop [48]=Oop [88]=Oop }
                      ;*if_icmpgt {reexecute=1 rethrow=0 return_oop=0}
                      ; - (reexecute) jdk.internal.util.Preconditions::checkFromToIndex@6
                      ; - java.lang.String::checkBoundsBeginEnd@6
                      ; - java.lang.String::substring@8
                      ; - java.lang.Class::getPackageName@62
                      ; - java.lang.ClassLoader::postDefineClass@2
                      ; - java.lang.ClassLoader::defineClass@37
                      ; - java.security.SecureClassLoader::defineClass@12
  0x00000167278310c8: 346a 27ff 

  0x00000167278310cc: ;   {other}
  0x00000167278310cc: 0f1f 8400 | bc1d 002f | ba45 ffff | ff48 8b6c | 2478 4c8b | 5c24 404c | 895c 2420 | 4c8b 5c24 
  0x00000167278310ec: 484c 895c | 2430 4489 | 5424 4c44 | 8954 2450 | 4c89 4c24 | 5889 4c24 | 6089 4c24 | 6466 6690 
  0x000001672783110c: ;   {runtime_call UncommonTrapBlob}
  0x000001672783110c: c5f8 77e8 

  0x0000016727831110: ; ImmutableOopMap {rbp=Oop [32]=Oop [48]=Oop [88]=Oop }
                      ;*if_icmple {reexecute=1 rethrow=0 return_oop=0}
                      ; - (reexecute) jdk.internal.util.Preconditions::checkFromToIndex@11
                      ; - java.lang.String::checkBoundsBeginEnd@6
                      ; - java.lang.String::substring@8
                      ; - java.lang.Class::getPackageName@62
                      ; - java.lang.ClassLoader::postDefineClass@2
                      ; - java.lang.ClassLoader::defineClass@37
                      ; - java.security.SecureClassLoader::defineClass@12
  0x0000016727831110: ec69 27ff 

  0x0000016727831114: ;   {other}
  0x0000016727831114: 0f1f 8400 | 041e 0030 | 498b d7c5 | f877 49ba | f0a0 273b | fd7f 0000 

  0x000001672783112c: ;   {other}
  0x000001672783112c: 41ff d20f | 1f84 0000 | 0000 00e9 | 80ef ffff | 498b d7c5 | f877 49ba | f0a0 273b | fd7f 0000 
  0x000001672783114c: ;   {other}
  0x000001672783114c: 41ff d20f | 1f84 0000 | 0000 00e9 | 3eeb ffff | 498b d7c5 | f877 49ba | f0a0 273b | fd7f 0000 
  0x000001672783116c: ;   {other}
  0x000001672783116c: 41ff d20f | 1f84 0000 | 0000 00e9 | dbea ffff | 4d63 cae9 | bbed ffff | 4983 c1fe | 498b c949 
  0x000001672783118c: 8bfb 4833 | c048 83f9 | 087f 1048 | ffc9 7856 | 4889 04cf | 48ff c97d | f7eb 4bc5 | fdef c0e9 
  0x00000167278311ac: 0d00 0000 | c5fe 7f07 | c5fe 7f47 | 2048 83c7 | 4048 83e9 | 087d ed48 | 83c1 047c | 0cc5 fe7f 
  0x00000167278311cc: 0748 83c7 | 2048 83e9 | 0448 83c1 | 047e 1748 | c7c0 ffff | ffff c4e2 | f0f5 c0c4 | e1fb 92f8 
  0x00000167278311ec: 62f1 fe2f | 7f07 e922 | eeff ffba | ccff ffff | 488b 6c24 | 784c 8b44 | 2448 4c89 | 4424 304c 
  0x000001672783120c: 8b44 2440 | 4c89 4424 | 3844 895c | 2448 4489 | 5424 504c | 896c 2460 

  0x0000016727831224: ;   {runtime_call UncommonTrapBlob}
  0x0000016727831224: c5f8 77e8 

  0x0000016727831228: ; ImmutableOopMap {rbp=Oop [48]=Oop [56]=Oop [72]=NarrowOop [96]=Oop }
                      ;*newarray {reexecute=1 rethrow=0 return_oop=0}
                      ; - (reexecute) java.util.Arrays::copyOfRangeByte@10
                      ; - java.util.Arrays::copyOfRange@13
                      ; - java.lang.StringLatin1::newString@16
                      ; - java.lang.String::substring@41
                      ; - java.lang.Class::getPackageName@62
                      ; - java.lang.ClassLoader::postDefineClass@2
                      ; - java.lang.ClassLoader::defineClass@37
                      ; - java.security.SecureClassLoader::defineClass@12
  0x0000016727831228: d468 27ff 

  0x000001672783122c: ;   {other}
  0x000001672783122c: 0f1f 8400 | 1c1f 0031 | 8b5c 2430 | 448b 5b14 | 4585 db0f | 84b6 f7ff | ff4d 8b57 | 2849 8bcb 
  0x000001672783124c: 4d85 d20f | 849f 0200 | 004d 8b5f | 384b 894c | 13f8 4983 | c2f8 4d89 | 5728 e990 | f7ff ff4d 
  0x000001672783126c: 8b57 484d | 8b5f 58f0 | 8344 24c0 | 0041 8038 | 0074 3545 | 8820 4d85 | d274 0f4f | 8944 13f8 
  0x000001672783128c: 4983 c2f8 | 4d89 5748 | eb1e 498b | c849 8bd7 | c5f8 7749 | bad0 a027 | 3bfd 7f00 | 0041 ffd2 
  0x00000167278312ac: ;   {other}
  0x00000167278312ac: 0f1f 8400 | 0000 0000 | 448b 5b14 | 4585 db0f | 8453 0200 | 004d 8bd3 | 4c89 5424 | 40e9 66f7 
  0x00000167278312cc: ffff 458b | d0e9 d0eb | ffff ba45 | ffff ff4c | 8b5c 2448 | 4c89 5c24 | 3889 4c24 | 5444 8954 
  0x00000167278312ec: 2460 6690 

  0x00000167278312f0: ;   {runtime_call UncommonTrapBlob}
  0x00000167278312f0: c5f8 77e8 

  0x00000167278312f4: ; ImmutableOopMap {rbp=NarrowOop [56]=Oop [64]=Oop [80]=NarrowOop [84]=NarrowOop [88]=Oop [120]=Oop }
                      ;*ifnull {reexecute=1 rethrow=0 return_oop=0}
                      ; - (reexecute) java.util.concurrent.ConcurrentHashMap::get@67
                      ; - java.lang.ClassLoader::getNamedPackage@5
                      ; - java.lang.ClassLoader::postDefineClass@9
                      ; - java.lang.ClassLoader::defineClass@37
                      ; - java.security.SecureClassLoader::defineClass@12
  0x00000167278312f4: 0868 27ff 

  0x00000167278312f8: ;   {other}
  0x00000167278312f8: 0f1f 8400 | e81f 0032 | 4889 7c24 | 3844 895c | 2430 4c8b | 5c24 404c | 895c 2420 | 48ba 0000 
  0x0000016727831318: 0032 6701 | 0000 4903 | d244 8bc3 

  0x0000016727831324: ;   {runtime_call _new_array_Java}
  0x0000016727831324: c5f8 77e8 

  0x0000016727831328: ; ImmutableOopMap {rbp=Oop [32]=Oop [48]=NarrowOop [120]=Oop }
                      ;*invokevirtual clone {reexecute=1 rethrow=0 return_oop=1}
                      ; - (reexecute) java.security.CodeSource::getCertificates@11
                      ; - java.lang.ClassLoader::postDefineClass@24
                      ; - java.lang.ClassLoader::defineClass@37
                      ; - java.security.SecureClassLoader::defineClass@12
  0x0000016727831328: d461 34ff 

  0x000001672783132c: ;   {other}
  0x000001672783132c: 0f1f 8400 | 1c20 0033 | 448b 5c24 | 3048 8b7c | 2438 e9ee | f0ff ffba | 45ff ffff | 4c8b 5c24 
  0x000001672783134c: 484c 895c | 2438 4489 | 5424 5448 | 894c 2460 

  0x000001672783135c: ;   {runtime_call UncommonTrapBlob}
  0x000001672783135c: c5f8 77e8 

  0x0000016727831360: ; ImmutableOopMap {rbp=NarrowOop [56]=Oop [64]=Oop [80]=NarrowOop [88]=Oop [96]=Oop [120]=Oop }
                      ;*ifnull {reexecute=1 rethrow=0 return_oop=0}
                      ; - (reexecute) java.util.concurrent.ConcurrentHashMap::get@143
                      ; - java.lang.ClassLoader::getNamedPackage@5
                      ; - java.lang.ClassLoader::postDefineClass@9
                      ; - java.lang.ClassLoader::defineClass@37
                      ; - java.security.SecureClassLoader::defineClass@12
  0x0000016727831360: 9c67 27ff 

  0x0000016727831364: ;   {other}
  0x0000016727831364: 0f1f 8400 | 5420 0034 | ba45 ffff | ff4c 8b5c | 2440 4c89 | 5c24 384c | 8b5c 2458 | 4c89 5c24 
  0x0000016727831384: 4044 8b5c | 2454 4489 | 5c24 4844 | 8b44 2460 | 4489 4424 | 4c89 4424 | 6066 6690 

  0x00000167278313a0: ;   {runtime_call UncommonTrapBlob}
  0x00000167278313a0: c5f8 77e8 

  0x00000167278313a4: ; ImmutableOopMap {[48]=Oop [56]=Oop [64]=Oop [72]=NarrowOop [104]=Oop [120]=Oop }
                      ;*ifeq {reexecute=1 rethrow=0 return_oop=0}
                      ; - (reexecute) java.util.concurrent.ConcurrentHashMap::get@152
                      ; - java.lang.ClassLoader::getNamedPackage@5
                      ; - java.lang.ClassLoader::postDefineClass@9
                      ; - java.lang.ClassLoader::defineClass@37
                      ; - java.security.SecureClassLoader::defineClass@12
  0x00000167278313a4: 5867 27ff 

  0x00000167278313a8: ;   {other}
  0x00000167278313a8: 0f1f 8400 | 9820 0035 | 4c89 4c24 | 4844 8944 | 2438 894c | 2434 895c | 2430 4889 | 7424 2848 
  0x00000167278313c8: 8b6c 2440 

  0x00000167278313cc: ;   {metadata('java/util/ArrayList')}
  0x00000167278313cc: 48ba d089 | 0b32 6701 | 0000 6690 

  0x00000167278313d8: ;   {runtime_call _new_instance_Java}
  0x00000167278313d8: c5f8 77e8 

  0x00000167278313dc: ; ImmutableOopMap {rbp=Oop [52]=NarrowOop [56]=NarrowOop [72]=Oop [120]=Oop }
                      ;*new {reexecute=0 rethrow=0 return_oop=1}
                      ; - java.security.CodeSource::getCertificates@25
                      ; - java.lang.ClassLoader::postDefineClass@24
                      ; - java.lang.ClassLoader::defineClass@37
                      ; - java.security.SecureClassLoader::defineClass@12
  0x00000167278313dc: 200f 34ff 

  0x00000167278313e0: ;   {other}
  0x00000167278313e0: 0f1f 8400 | d020 0036 | 4889 6c24 | 4048 8b74 | 2428 8b5c | 2430 8b4c | 2434 448b | 4424 384c 
  0x0000016727831400: 8b4c 2448 | e96f f4ff | ff4c 895c | 2448 4c89 | 4c24 3889 | 4c24 3048 | 8bee 4c8b | 5424 784c 
  0x0000016727831420: 8954 2428 | 4c8b 5424 | 404c 8954 

  0x000001672783142c: ;   {metadata('java/security/cert/Certificate'[])}
  0x000001672783142c: 2420 48ba | 2029 1032 | 6701 0000 | 448b c390 

  0x000001672783143c: ;   {runtime_call _new_array_Java}
  0x000001672783143c: c5f8 77e8 

  0x0000016727831440: ; ImmutableOopMap {[32]=Oop [40]=Oop [48]=NarrowOop [56]=Oop [72]=Oop [120]=Oop }
                      ;*anewarray {reexecute=0 rethrow=0 return_oop=1}
                      ; - java.security.CodeSource::getCertificates@70
                      ; - java.lang.ClassLoader::postDefineClass@24
                      ; - java.lang.ClassLoader::defineClass@37
                      ; - java.security.SecureClassLoader::defineClass@12
  0x0000016727831440: bc60 34ff 

  0x0000016727831444: ;   {other}
  0x0000016727831444: 0f1f 8400 | 3421 0037 | e96f f5ff | ff48 ba00 | 0000 3267 | 0100 0049 | 03d2 458b | c366 6690 
  0x0000016727831464: ;   {runtime_call _new_array_Java}
  0x0000016727831464: c5f8 77e8 

  0x0000016727831468: ; ImmutableOopMap {[32]=Oop [40]=Oop [64]=Oop }
                      ;*invokevirtual clone {reexecute=1 rethrow=0 return_oop=1}
                      ; - (reexecute) java.security.CodeSource::getCertificates@86
                      ; - java.lang.ClassLoader::postDefineClass@24
                      ; - java.lang.ClassLoader::defineClass@37
                      ; - java.security.SecureClassLoader::defineClass@12
  0x0000016727831468: 9460 34ff 

  0x000001672783146c: ;   {other}
  0x000001672783146c: 0f1f 8400 | 5c21 0038 | e934 f6ff | ffba f6ff | ffff 6690 

  0x0000016727831480: ;   {runtime_call UncommonTrapBlob}
  0x0000016727831480: c5f8 77e8 

  0x0000016727831484: ; ImmutableOopMap {}
                      ;*invokevirtual isNamed {reexecute=0 rethrow=0 return_oop=0}
                      ; - java.lang.NamedPackage::<init>@12
                      ; - java.lang.ClassLoader::getNamedPackage@22
                      ; - java.lang.ClassLoader::postDefineClass@9
                      ; - java.lang.ClassLoader::defineClass@37
                      ; - java.security.SecureClassLoader::defineClass@12
  0x0000016727831484: 7866 27ff 

  0x0000016727831488: ;   {other}
  0x0000016727831488: 0f1f 8400 | 7821 0039 | baf6 ffff | ff66 6690 

  0x0000016727831498: ;   {runtime_call UncommonTrapBlob}
  0x0000016727831498: c5f8 77e8 

  0x000001672783149c: ; ImmutableOopMap {[80]=NarrowOop }
                      ;*invokevirtual append {reexecute=0 rethrow=0 return_oop=0}
                      ; - java.lang.NamedPackage::<init>@35
                      ; - java.lang.ClassLoader::getNamedPackage@22
                      ; - java.lang.ClassLoader::postDefineClass@9
                      ; - java.lang.ClassLoader::defineClass@37
                      ; - java.security.SecureClassLoader::defineClass@12
  0x000001672783149c: 6066 27ff 

  0x00000167278314a0: ;   {other}
  0x00000167278314a0: 0f1f 8400 | 9021 003a | baf6 ffff | ff66 6690 

  0x00000167278314b0: ;   {runtime_call UncommonTrapBlob}
  0x00000167278314b0: c5f8 77e8 

  0x00000167278314b4: ; ImmutableOopMap {}
                      ;*invokevirtual toString {reexecute=0 rethrow=0 return_oop=0}
                      ; - java.lang.NamedPackage::<init>@38
                      ; - java.lang.ClassLoader::getNamedPackage@22
                      ; - java.lang.ClassLoader::postDefineClass@9
                      ; - java.lang.ClassLoader::defineClass@37
                      ; - java.security.SecureClassLoader::defineClass@12
  0x00000167278314b4: 4866 27ff 

  0x00000167278314b8: ;   {other}
  0x00000167278314b8: 0f1f 8400 | a821 003b | bae4 ffff | ff4c 8b4c | 2440 4c89 | 4c24 2089 | 4c24 304c | 895c 2440 
  0x00000167278314d8: 4489 4424 | 4844 8954 | 244c 6690 

  0x00000167278314e4: ;   {runtime_call UncommonTrapBlob}
  0x00000167278314e4: c5f8 77e8 

  0x00000167278314e8: ; ImmutableOopMap {[32]=Oop [48]=NarrowOop [64]=Oop [72]=NarrowOop [120]=Oop }
                      ;*aaload {reexecute=0 rethrow=0 return_oop=0}
                      ; - java.security.CodeSource::getCertificates@50
                      ; - java.lang.ClassLoader::postDefineClass@24
                      ; - java.lang.ClassLoader::defineClass@37
                      ; - java.security.SecureClassLoader::defineClass@12
  0x00000167278314e8: 1466 27ff 

  0x00000167278314ec: ;   {other}
  0x00000167278314ec: 0f1f 8400 | dc21 003c | 498b d7c5 | f877 49ba | f0a0 273b | fd7f 0000 

  0x0000016727831504: ;   {other}
  0x0000016727831504: 41ff d20f | 1f84 0000 | 0000 00e9 | e7f4 ffff | baf6 ffff | ff66 6690 

  0x000001672783151c: ;   {runtime_call UncommonTrapBlob}
  0x000001672783151c: c5f8 77e8 

  0x0000016727831520: ; ImmutableOopMap {}
                      ;*invokevirtual clone {reexecute=1 rethrow=0 return_oop=0}
                      ; - (reexecute) java.security.CodeSource::getCertificates@86
                      ; - java.lang.ClassLoader::postDefineClass@24
                      ; - java.lang.ClassLoader::defineClass@37
                      ; - java.security.SecureClassLoader::defineClass@12
  0x0000016727831520: dc65 27ff 

  0x0000016727831524: ;   {other}
  0x0000016727831524: 0f1f 8400 | 1422 003d | bade ffff | ff48 8b6c | 2440 4c8b | 5424 284c | 8954 2420 | 4c8b 5424 
  0x0000016727831544: 304c 8954 | 2428 448b | 5424 3844 | 8954 2430 | 448b 5c24 | 3c44 895c | 2434 4889 | 4424 3890 
  0x0000016727831564: ;   {runtime_call UncommonTrapBlob}
  0x0000016727831564: c5f8 77e8 

  0x0000016727831568: ; ImmutableOopMap {rbp=Oop [32]=Oop [40]=Oop [56]=Oop }
                      ;*checkcast {reexecute=0 rethrow=0 return_oop=0}
                      ; - java.security.SecureClassLoader::getProtectionDomain@33
                      ; - java.security.SecureClassLoader::defineClass@9
  0x0000016727831568: 9465 27ff 

  0x000001672783156c: ;   {other}
  0x000001672783156c: 0f1f 8400 | 5c22 003e | bade ffff | ff48 8944 | 2438 6690 

  0x0000016727831580: ;   {runtime_call UncommonTrapBlob}
  0x0000016727831580: c5f8 77e8 

  0x0000016727831584: ; ImmutableOopMap {[32]=Oop [40]=Oop [48]=NarrowOop [56]=Oop }
                      ;*checkcast {reexecute=0 rethrow=0 return_oop=0}
                      ; - java.security.CodeSource::getCertificates@76
                      ; - java.lang.ClassLoader::postDefineClass@24
                      ; - java.lang.ClassLoader::defineClass@37
                      ; - java.security.SecureClassLoader::defineClass@12
  0x0000016727831584: 7865 27ff 

  0x0000016727831588: ;   {other}
  0x0000016727831588: 0f1f 8400 | 7822 003f | baf6 ffff | ff49 8be8 | 4c89 4c24 | 2066 6690 

  0x00000167278315a0: ;   {runtime_call UncommonTrapBlob}
  0x00000167278315a0: c5f8 77e8 

  0x00000167278315a4: ; ImmutableOopMap {rbp=Oop [32]=Oop }
                      ;*invokeinterface computeIfAbsent {reexecute=0 rethrow=0 return_oop=0}
                      ; - java.security.SecureClassLoader::getProtectionDomain@28
                      ; - java.security.SecureClassLoader::defineClass@9
  0x00000167278315a4: 5865 27ff 

  0x00000167278315a8: ;   {other}
  0x00000167278315a8: 0f1f 8400 | 9822 0040 | baf4 ffff | ff48 8b6c | 2440 4c8b | 5424 284c | 8954 2420 | 4c8b 5424 
  0x00000167278315c8: 304c 8954 | 2428 6690 

  0x00000167278315d0: ;   {runtime_call UncommonTrapBlob}
  0x00000167278315d0: c5f8 77e8 

  0x00000167278315d4: ; ImmutableOopMap {rbp=Oop [32]=Oop [40]=Oop }
                      ;*checkcast {reexecute=0 rethrow=0 return_oop=0}
                      ; - java.security.SecureClassLoader::getProtectionDomain@33
                      ; - java.security.SecureClassLoader::defineClass@9
  0x00000167278315d4: 2865 27ff 

  0x00000167278315d8: ;   {other}
  0x00000167278315d8: 0f1f 8400 | c822 0041 | baf6 ffff | ff66 6690 

  0x00000167278315e8: ;   {runtime_call UncommonTrapBlob}
  0x00000167278315e8: c5f8 77e8 

  0x00000167278315ec: ; ImmutableOopMap {}
                      ;*invokevirtual getCodeSource {reexecute=0 rethrow=0 return_oop=0}
                      ; - java.lang.ClassLoader::defineClassSourceLocation@1
                      ; - java.lang.ClassLoader::defineClass@12
                      ; - java.security.SecureClassLoader::defineClass@12
  0x00000167278315ec: 1065 27ff 

  0x00000167278315f0: ;   {other}
  0x00000167278315f0: 0f1f 8400 | e022 0042 | baf6 ffff | ff66 6690 

  0x0000016727831600: ;   {runtime_call UncommonTrapBlob}
  0x0000016727831600: c5f8 77e8 

  0x0000016727831604: ; ImmutableOopMap {}
                      ;*invokevirtual getPackageName {reexecute=0 rethrow=0 return_oop=0}
                      ; - java.lang.ClassLoader::postDefineClass@2
                      ; - java.lang.ClassLoader::defineClass@37
                      ; - java.security.SecureClassLoader::defineClass@12
  0x0000016727831604: f864 27ff 

  0x0000016727831608: ;   {other}
  0x0000016727831608: 0f1f 8400 | f822 0043 | baf6 ffff | ff66 6690 

  0x0000016727831618: ;   {runtime_call UncommonTrapBlob}
  0x0000016727831618: c5f8 77e8 

  0x000001672783161c: ; ImmutableOopMap {}
                      ;*invokevirtual hashCode {reexecute=0 rethrow=0 return_oop=0}
                      ; - java.util.concurrent.ConcurrentHashMap::get@1
                      ; - java.lang.ClassLoader::getNamedPackage@5
                      ; - java.lang.ClassLoader::postDefineClass@9
                      ; - java.lang.ClassLoader::defineClass@37
                      ; - java.security.SecureClassLoader::defineClass@12
  0x000001672783161c: e064 27ff 

  0x0000016727831620: ;   {other}
  0x0000016727831620: 0f1f 8400 | 1023 0044 | 4533 db4d | 85d2 410f | 94c3 ba45 | ffff ff4c | 8b54 2440 | 4c89 5424 
  0x0000016727831640: 2048 8944 | 2428 4c8b | 5424 484c | 8954 2430 | 4889 4424 | 4044 895c | 2448 6690 

  0x000001672783165c: ;   {runtime_call UncommonTrapBlob}
  0x000001672783165c: c5f8 77e8 

  0x0000016727831660: ; ImmutableOopMap {[32]=Oop [40]=Oop [48]=Oop [64]=Oop }
                      ;*ifeq {reexecute=1 rethrow=0 return_oop=0}
                      ; - (reexecute) java.lang.Class::getPackageName@29
                      ; - java.lang.ClassLoader::postDefineClass@2
                      ; - java.lang.ClassLoader::defineClass@37
                      ; - java.security.SecureClassLoader::defineClass@12
  0x0000016727831660: 9c64 27ff 

  0x0000016727831664: ;   {other}
  0x0000016727831664: 0f1f 8400 | 5423 0045 | baf6 ffff | ff66 6690 

  0x0000016727831674: ;   {runtime_call UncommonTrapBlob}
  0x0000016727831674: c5f8 77e8 

  0x0000016727831678: ; ImmutableOopMap {}
                      ;*arraylength {reexecute=0 rethrow=0 return_oop=0}
                      ; - java.lang.String::length@4
                      ; - java.lang.String::lastIndexOf@3
                      ; - java.lang.Class::getPackageName@47
                      ; - java.lang.ClassLoader::postDefineClass@2
                      ; - java.lang.ClassLoader::defineClass@37
                      ; - java.security.SecureClassLoader::defineClass@12
  0x0000016727831678: 8464 27ff 

  0x000001672783167c: ;   {other}
  0x000001672783167c: 0f1f 8400 | 6c23 0046 | baf6 ffff | ff66 6690 

  0x000001672783168c: ;   {runtime_call UncommonTrapBlob}
  0x000001672783168c: c5f8 77e8 

  0x0000016727831690: ; ImmutableOopMap {}
                      ;*arraylength {reexecute=0 rethrow=0 return_oop=0}
                      ; - java.lang.String::isEmpty@4
                      ; - java.lang.NamedPackage::<init>@5
                      ; - java.lang.ClassLoader::getNamedPackage@22
                      ; - java.lang.ClassLoader::postDefineClass@9
                      ; - java.lang.ClassLoader::defineClass@37
                      ; - java.security.SecureClassLoader::defineClass@12
  0x0000016727831690: 6c64 27ff 

  0x0000016727831694: ;   {other}
  0x0000016727831694: 0f1f 8400 | 8423 0047 | baf6 ffff | ff41 8bea 

  0x00000167278316a4: ;   {runtime_call UncommonTrapBlob}
  0x00000167278316a4: c5f8 77e8 

  0x00000167278316a8: ; ImmutableOopMap {}
                      ;*aaload {reexecute=0 rethrow=0 return_oop=0}
                      ; - java.security.CodeSource::getCertificates@50
                      ; - java.lang.ClassLoader::postDefineClass@24
                      ; - java.lang.ClassLoader::defineClass@37
                      ; - java.security.SecureClassLoader::defineClass@12
  0x00000167278316a8: 5464 27ff 

  0x00000167278316ac: ;   {other}
  0x00000167278316ac: 0f1f 8400 | 9c23 0048 | baf6 ffff | ff66 6690 

  0x00000167278316bc: ;   {runtime_call UncommonTrapBlob}
  0x00000167278316bc: c5f8 77e8 

  0x00000167278316c0: ; ImmutableOopMap {}
                      ;*invokevirtual getSignerCertPath {reexecute=0 rethrow=0 return_oop=0}
                      ; - java.security.CodeSource::getCertificates@51
                      ; - java.lang.ClassLoader::postDefineClass@24
                      ; - java.lang.ClassLoader::defineClass@37
                      ; - java.security.SecureClassLoader::defineClass@12
  0x00000167278316c0: 3c64 27ff 

  0x00000167278316c4: ;   {other}
  0x00000167278316c4: 0f1f 8400 | b423 0049 | baf6 ffff | ff66 6690 

  0x00000167278316d4: ;   {runtime_call UncommonTrapBlob}
  0x00000167278316d4: c5f8 77e8 

  0x00000167278316d8: ; ImmutableOopMap {}
                      ;*invokevirtual getCertificates {reexecute=0 rethrow=0 return_oop=0}
                      ; - java.security.CodeSource::getCertificates@54
                      ; - java.lang.ClassLoader::postDefineClass@24
                      ; - java.lang.ClassLoader::defineClass@37
                      ; - java.security.SecureClassLoader::defineClass@12
  0x00000167278316d8: 2464 27ff 

  0x00000167278316dc: ;   {other}
  0x00000167278316dc: 0f1f 8400 | cc23 004a | baf6 ffff | ff66 6690 

  0x00000167278316ec: ;   {runtime_call UncommonTrapBlob}
  0x00000167278316ec: c5f8 77e8 

  0x00000167278316f0: ; ImmutableOopMap {}
                      ;*arraylength {reexecute=0 rethrow=0 return_oop=0}
                      ; - java.security.CodeSource::getCertificates@40
                      ; - java.lang.ClassLoader::postDefineClass@24
                      ; - java.lang.ClassLoader::defineClass@37
                      ; - java.security.SecureClassLoader::defineClass@12
  0x00000167278316f0: 0c64 27ff 

  0x00000167278316f4: ;   {other}
  0x00000167278316f4: 0f1f 8400 | e423 004b | ba97 ffff | ff48 8b6c | 2428 448b | 5424 5444 | 8954 2448 

  0x0000016727831710: ;   {runtime_call UncommonTrapBlob}
  0x0000016727831710: c5f8 77e8 

  0x0000016727831714: ; ImmutableOopMap {rbp=Oop [32]=Oop [48]=Oop [72]=NarrowOop [88]=Oop }
                      ;*invokevirtual clone {reexecute=1 rethrow=0 return_oop=0}
                      ; - (reexecute) java.util.Arrays::copyOfRange@18
                      ; - java.lang.StringLatin1::newString@16
                      ; - java.lang.String::substring@41
                      ; - java.lang.Class::getPackageName@62
                      ; - java.lang.ClassLoader::postDefineClass@2
                      ; - java.lang.ClassLoader::defineClass@37
                      ; - java.security.SecureClassLoader::defineClass@12
  0x0000016727831714: e863 27ff 

  0x0000016727831718: ;   {other}
  0x0000016727831718: 0f1f 8400 | 0824 004c | baf4 ffff | ff66 6690 

  0x0000016727831728: ;   {runtime_call UncommonTrapBlob}
  0x0000016727831728: c5f8 77e8 

  0x000001672783172c: ; ImmutableOopMap {[32]=Oop [40]=Oop [48]=NarrowOop }
                      ;*checkcast {reexecute=0 rethrow=0 return_oop=0}
                      ; - java.security.CodeSource::getCertificates@76
                      ; - java.lang.ClassLoader::postDefineClass@24
                      ; - java.lang.ClassLoader::defineClass@37
                      ; - java.security.SecureClassLoader::defineClass@12
  0x000001672783172c: d063 27ff 

  0x0000016727831730: ;   {other}
  0x0000016727831730: 0f1f 8400 | 2024 004d | ba97 ffff | ff66 6690 

  0x0000016727831740: ;   {runtime_call UncommonTrapBlob}
  0x0000016727831740: c5f8 77e8 

  0x0000016727831744: ; ImmutableOopMap {[32]=Oop [48]=NarrowOop [120]=Oop }
                      ;*invokevirtual clone {reexecute=1 rethrow=0 return_oop=0}
                      ; - (reexecute) java.security.CodeSource::getCertificates@11
                      ; - java.lang.ClassLoader::postDefineClass@24
                      ; - java.lang.ClassLoader::defineClass@37
                      ; - java.security.SecureClassLoader::defineClass@12
  0x0000016727831744: b863 27ff 

  0x0000016727831748: ;   {other}
  0x0000016727831748: 0f1f 8400 | 3824 004e | ba97 ffff | ff66 6690 

  0x0000016727831758: ;   {runtime_call UncommonTrapBlob}
  0x0000016727831758: c5f8 77e8 

  0x000001672783175c: ; ImmutableOopMap {[32]=Oop [40]=Oop [64]=Oop }
                      ;*invokevirtual clone {reexecute=1 rethrow=0 return_oop=0}
                      ; - (reexecute) java.security.CodeSource::getCertificates@86
                      ; - java.lang.ClassLoader::postDefineClass@24
                      ; - java.lang.ClassLoader::defineClass@37
                      ; - java.security.SecureClassLoader::defineClass@12
  0x000001672783175c: a063 27ff 

  0x0000016727831760: ;   {other}
  0x0000016727831760: 0f1f 8400 | 5024 004f | eb38 eb36 | eb34 eb32 | eb30 eb2e | eb2c eb2a | eb28 eb26 | eb24 eb22 
  0x0000016727831780: eb20 eb1e | eb1c eb1a | eb18 eb16 | eb14 eb12 | eb10 eb0e | eb0c eb0a | eb08 eb06 | eb04 eb02 
  0x00000167278317a0: eb00 488b | d0e9 f3eb 

  0x00000167278317a8: ;   {internal_word}
  0x00000167278317a8: ffff 49ba | 23fe 8227 | 6701 0000 | 4d89 9768 

  0x00000167278317b8: ;   {runtime_call SafepointBlob}
  0x00000167278317b8: 0400 00e9 | c051 27ff 

  0x00000167278317c0: ;   {runtime_call StubRoutines (final stubs)}
  0x00000167278317c0: e8db 6a25 | ffe9 94df | ffff f4f4 | f4f4 f4f4 
[Stub Code]
  0x00000167278317d0: ;   {no_reloc}
  0x00000167278317d0: 48bb 1039 | 0632 6701 

  0x00000167278317d8: ;   {runtime_call I2C/C2I adapters}
  0x00000167278317d8: 0000 e98c 

  0x00000167278317dc: ;   {static_stub}
  0x00000167278317dc: 9926 ff48 | bb00 0000 | 0000 0000 

  0x00000167278317e8: ;   {runtime_call nmethod}
  0x00000167278317e8: 00e9 fbff 

  0x00000167278317ec: ;   {static_stub}
  0x00000167278317ec: ffff 48bb | 0000 0000 | 0000 0000 

  0x00000167278317f8: ;   {runtime_call nmethod}
  0x00000167278317f8: e9fb ffff 

  0x00000167278317fc: ;   {static_stub}
  0x00000167278317fc: ff48 bb00 | 0000 0000 

  0x0000016727831804: ;   {runtime_call nmethod}
  0x0000016727831804: 0000 00e9 | fbff ffff 

  0x000001672783180c: ;   {static_stub}
  0x000001672783180c: 48bb 0000 | 0000 0000 

  0x0000016727831814: ;   {runtime_call nmethod}
  0x0000016727831814: 0000 e9fb 

  0x0000016727831818: ;   {static_stub}
  0x0000016727831818: ffff ff48 | bb00 0000 | 0000 0000 

  0x0000016727831824: ;   {runtime_call nmethod}
  0x0000016727831824: 00e9 fbff 

  0x0000016727831828: ;   {static_stub}
  0x0000016727831828: ffff 48bb | 0000 0000 | 0000 0000 

  0x0000016727831834: ;   {runtime_call nmethod}
  0x0000016727831834: e9fb ffff 

  0x0000016727831838: ;   {static_stub}
  0x0000016727831838: ff48 bb00 | 0000 0000 

  0x0000016727831840: ;   {runtime_call nmethod}
  0x0000016727831840: 0000 00e9 | fbff ffff 

  0x0000016727831848: ;   {static_stub}
  0x0000016727831848: 48bb 0000 | 0000 0000 

  0x0000016727831850: ;   {runtime_call nmethod}
  0x0000016727831850: 0000 e9fb 

  0x0000016727831854: ;   {static_stub}
  0x0000016727831854: ffff ff48 | bb00 0000 | 0000 0000 

  0x0000016727831860: ;   {runtime_call nmethod}
  0x0000016727831860: 00e9 fbff 

  0x0000016727831864: ;   {static_stub}
  0x0000016727831864: ffff 48bb | 0000 0000 | 0000 0000 

  0x0000016727831870: ;   {runtime_call nmethod}
  0x0000016727831870: e9fb ffff 

  0x0000016727831874: ;   {static_stub}
  0x0000016727831874: ff48 bb00 | 0000 0000 

  0x000001672783187c: ;   {runtime_call nmethod}
  0x000001672783187c: 0000 00e9 | fbff ffff 

  0x0000016727831884: ;   {static_stub}
  0x0000016727831884: 48bb 0000 | 0000 0000 

  0x000001672783188c: ;   {runtime_call nmethod}
  0x000001672783188c: 0000 e9fb 

  0x0000016727831890: ;   {static_stub}
  0x0000016727831890: ffff ff48 | bb00 0000 | 0000 0000 

  0x000001672783189c: ;   {runtime_call nmethod}
  0x000001672783189c: 00e9 fbff 

  0x00000167278318a0: ;   {static_stub}
  0x00000167278318a0: ffff 48bb | 0000 0000 | 0000 0000 

  0x00000167278318ac: ;   {runtime_call nmethod}
  0x00000167278318ac: e9fb ffff 

  0x00000167278318b0: ;   {static_stub}
  0x00000167278318b0: ff48 bb00 | 0000 0000 

  0x00000167278318b8: ;   {runtime_call nmethod}
  0x00000167278318b8: 0000 00e9 | fbff ffff 

  0x00000167278318c0: ;   {static_stub}
  0x00000167278318c0: 48bb 0000 | 0000 0000 

  0x00000167278318c8: ;   {runtime_call nmethod}
  0x00000167278318c8: 0000 e9fb 

  0x00000167278318cc: ;   {static_stub}
  0x00000167278318cc: ffff ff48 | bb00 0000 | 0000 0000 

  0x00000167278318d8: ;   {runtime_call nmethod}
  0x00000167278318d8: 00e9 fbff 

  0x00000167278318dc: ;   {static_stub}
  0x00000167278318dc: ffff 48bb | e06e 4632 | 6701 0000 

  0x00000167278318e8: ;   {runtime_call I2C/C2I adapters}
  0x00000167278318e8: e97a 3427 

  0x00000167278318ec: ;   {runtime_call ExceptionBlob}
  0x00000167278318ec: ffe9 8e13 | 34ff e800 | 0000 0048 | 832c 2405 

  0x00000167278318fc: ;   {runtime_call DeoptimizationBlob}
  0x00000167278318fc: e91f 6527 | fff4 f4f4 | f4f4 f4f4 
[/MachCode]


Compiled method (c2) 60515 13761       4       java.net.URLClassLoader$1::run (5 bytes)
 total in heap  [0x0000016727236c10,0x000001672723cc28] = 24600
 relocation     [0x0000016727236d70,0x00000167272370e0] = 880
 main code      [0x00000167272370e0,0x000001672723a7a0] = 14016
 stub code      [0x000001672723a7a0,0x000001672723a8a8] = 264
 oops           [0x000001672723a8a8,0x000001672723a8d8] = 48
 metadata       [0x000001672723a8d8,0x000001672723ab78] = 672
 scopes data    [0x000001672723ab78,0x000001672723c070] = 5368
 scopes pcs     [0x000001672723c070,0x000001672723c7c0] = 1872
 dependencies   [0x000001672723c7c0,0x000001672723c808] = 72
 handler table  [0x000001672723c808,0x000001672723cb50] = 840
 nul chk table  [0x000001672723cb50,0x000001672723cc28] = 216

[Constant Pool (empty)]

[MachCode]
[Entry Point]
  # {method} {0x000001674709c428} 'run' '()Ljava/lang/Object;' in 'java/net/URLClassLoader$1'
  #           [sp+0xe0]  (sp of caller)
  0x00000167272370e0: 448b 5208 | 49bb 0000 | 0032 6701 | 0000 4d03 | d349 3bc2 

  0x00000167272370f4: ;   {runtime_call ic_miss_stub}
  0x00000167272370f4: 0f85 8678 | 86ff 6690 | 0f1f 4000 
[Verified Entry Point]
  0x0000016727237100: 8984 2400 | 80ff ff55 | 4881 ecd0 | 0000 0090 | 4181 7f20 | 0b00 0000 | 0f85 7636 | 0000 4889 
  0x0000016727237120: 5424 4844 | 8b5a 0c45 | 0fbe 5310 | 4585 d20f | 85a2 2300 | 0045 8b4b | 1445 8b41 | 0c4d 8beb 
  0x0000016727237140: 4585 c00f | 86ea 0300 | 0041 8d58 | ff41 3bd8 | 0f83 fa1e | 0000 418d | 78fd 498b | c141 8079 
  0x0000016727237160: 102e 0f84 | 4b10 0000 | 83ff 010f | 8e9b 0300 | 00bd 0100 | 0000 ba01 | 0000 0041 | 8bf0 2bf5 
  0x0000016727237180: 83c6 fd45 | 33d2 3bfd | 410f 4cf2 | 81fe a00f | 0000 b9a0 | 0f00 000f | 47f1 03f5 | eb05 6690 
  0x00000167272371a0: 418b ea4c | 63d5 430f | be4c 1110 | 83f9 2e74 | 5643 0fbe | 4c11 1183 | f92e 7444 | 430f be4c 
  0x00000167272371c0: 1112 83f9 | 2e74 3d43 | 0fbe 4c11 | 1383 f92e | 742b 448d | 5504 443b | d67c c549 | 8bb7 5804 
  0x00000167272371e0: 0000 83c5 

  0x00000167272371e4: ; ImmutableOopMap {r11=NarrowOop r9=NarrowOop rax=Oop r13=Oop [72]=Oop }
                      ;*if_icmpne {reexecute=1 rethrow=0 return_oop=0}
                      ; - (reexecute) java.lang.StringLatin1::replace@28
                      ; - java.lang.String::replace@18
                      ; - java.net.URLClassLoader$1::run@8
                      ; - java.net.URLClassLoader$1::run@1
                      ;   {poll}
  0x00000167272371e4: 0385 0644 | 3bd7 0f8d | 2703 0000 | 418b eaeb | 8644 8bc7 | e9c0 0000 | 0083 c502 | ffc5 eb03 
  0x0000016727237204: 83c5 0241 | 3be8 0f8d | 2303 0000 | 4181 f800 | 0010 000f | 8744 1800 | 0049 8b8f | b801 0000 
  0x0000016727237224: 4d63 d049 | 83c2 1749 | 83e2 f848 | 8bf1 4903 | f249 3bb7 | c801 0000 | 0f83 1f18 | 0000 4989 
  0x0000016727237244: b7b8 0100 | 000f 0d8e | c000 0000 | 48c7 0101 | 0000 000f | 0d8e 0001 

  0x000001672723725c: ;   {metadata({type array byte})}
  0x000001672723725c: 0000 c741 | 0818 2300 | 0044 8941 | 0c0f 0d8e | 4001 0000 | 0f0d 8e80 | 0100 0085 | ed0f 8ec1 
  0x000001672723727c: 0000 0044 | 8d55 ff45 | 3bd0 0f83 | 7022 0000 | 4585 c00f | 8667 2200 | 0041 0fbe | 7110 4088 
  0x000001672723729c: 7110 4183 | fa01 0f8e | 7e00 0000 | bed0 0700 | 00c4 c179 | 6ec9 c5f9 | 6ec3 c5f9 | 6edf 4c8b 
  0x00000167272372bc: f18b cd2b | caff c945 | 33c9 443b | d241 0f4c | c981 f9d0 | 0700 000f | 47ce 03ca | 418b f80f 
  0x00000167272372dc: 1f44 0000 | 4863 dac4 | c179 7ec9 | 450f be44 | 1910 4588 | 441e 1045 | 0fbe 4419 | 1145 8844 
  0x00000167272372fc: 1e11 83c2 | 023b d17c | db4d 8b87 

  0x0000016727237308: ; ImmutableOopMap {r11=NarrowOop r9=NarrowOop rax=Oop r13=Oop r14=Oop xmm1=NarrowOop [72]=Oop }
                      ;*goto {reexecute=1 rethrow=0 return_oop=0}
                      ; - (reexecute) java.lang.StringLatin1::replace@76
                      ; - java.lang.String::replace@18
                      ; - java.net.URLClassLoader$1::run@8
                      ; - java.net.URLClassLoader$1::run@1
  0x0000016727237308: 5804 0000 

  0x000001672723730c: ;   {poll}
  0x000001672723730c: 4185 0041 | 3bd2 0f8c | ddfe ffff | 448b c7c5 | f97e c3c5 | f97e df49 | 8bce 3bd5 | 7d16 6690 
  0x000001672723732c: 4863 f245 | 0fbe 5431 | 1044 8854 | 3110 ffc2 | 3bd5 7cec | 413b e80f | 8d6d 0100 | 0041 3be8 
  0x000001672723734c: 0f83 761d | 0000 413b | d80f 836d | 1d00 008d | 5d01 4c63 | dd47 0fbe | 5419 1041 | 83fa 2e0f 
  0x000001672723736c: 8460 0d00 | 0046 8854 | 1910 448d | 5d01 443b | db7d 0541 | 8beb ebda | 443b df0f | 8d00 0100 
  0x000001672723738c: 00ff c5e9 | 8100 0000 | bb2f 0000 | 000f 1f80 | 0000 0000 | 885c 1112 | 450f be5c | 1113 4183 
  0x00000167272373ac: fb2e 743f | 4488 5c11 | 1383 c504 | 413b ea7d | 4a48 63d5 | 450f be5c | 1110 4183 | fb2e 742b 
  0x00000167272373cc: 4488 5c11 | 1045 0fbe | 5c11 1141 | 83fb 2e74 | 2244 885c | 1111 410f | be5c 1112 | 83fb 2e75 
  0x00000167272373ec: b3eb a541 | bb2f 0000 | 00eb b941 | bb2f 0000 | 00eb cd41 | bb2f 0000 | 00eb d64d 

  0x0000016727237408: ;   {no_reloc}
  0x0000016727237408: 8b9f 5804 

  0x000001672723740c: ; ImmutableOopMap {r9=NarrowOop rcx=Oop rax=Oop r13=Oop [72]=Oop }
                      ;*goto {reexecute=1 rethrow=0 return_oop=0}
                      ; - (reexecute) java.lang.StringLatin1::replace@113
                      ; - java.lang.String::replace@18
                      ; - java.net.URLClassLoader$1::run@8
                      ; - java.net.URLClassLoader$1::run@1
                      ;   {poll}
  0x000001672723740c: 0000 4185 | 033b ef7d | 7b45 8bd0 | 442b d541 | 83c2 fd33 | db3b fd44 | 0f4c d341 | 81fa a00f 
  0x000001672723742c: 0000 bba0 | 0f00 0044 | 0f47 d344 | 03d5 e97e | ffff ff49 | baff ffff | ffff ffff | ffc4 42b8 
  0x000001672723744c: f5d2 c4c1 | fb92 fa62 | d17f af6f | 0162 f17f | 2f7f 02e9 | 2502 0000 | 42c6 4405 | 102e 42c6 
  0x000001672723746c: 4405 1163 | 42c6 4405 | 126c 42c6 | 4405 1361 | 42c6 4405 | 1473 42c6 | 4405 1573 | e9b0 0100 
  0x000001672723748c: 0041 8beb | 413b e87d | 2166 6690 | 4c63 d543 | 0fbe 5c11 | 1083 fb2e | 0f84 a60c | 0000 4288 
  0x00000167272374ac: 5c11 10ff | c541 3be8 | 7ce2 4d8b | 87b8 0100 | 004d 8bd0 | 4983 c218 | 4d3b 97c8 | 0100 000f 
  0x00000167272374cc: 83ff 1500 | 004d 8997 | b801 0000 | 410f 0d8a | c000 0000 | 49c7 0001 | 0000 004d | 8bd0 4983 
  0x00000167272374ec: ;   {metadata('java/lang/String')}
  0x00000167272374ec: c210 41c7 | 4008 78e8 | 0000 4589 | 600c c5fd | efc0 c4c1 | 79d6 024c | 8bd1 4589 | 5014 eb2d 
  0x000001672723750c: 41ba 0100 | 0000 ba01 | 0000 0045 | 3bd0 7d17 | 430f be74 | 1110 83fe | 2e0f 8481 | 1a00 0041 
  0x000001672723752c: ffc2 453b | d07c e949 | 8bc9 4d8b | c544 8b51 | 0c45 85d2 | 0f86 960b | 0000 410f | be58 10c4 
  0x000001672723754c: 4262 f7ca | 4963 f183 | fb01 0f84 | 0820 0000 | 4585 c90f | 8cc3 1f00 | 0048 8d46 | 068b e885 
  0x000001672723756c: ed0f 8cd5 | 1f00 004c | 8bd8 49c1 | fb20 418b | fbc4 6241 | f7dd 4585 | db0f 8cfd | 1f00 0041 
  0x000001672723758c: 81fb 0000 | 1000 0f87 | e41a 0000 | 4963 fb41 | 81fb 0000 | 1000 0f87 | 1a14 0000 | 498b afb8 
  0x00000167272375ac: 0100 0048 | 83c7 1748 | 83e7 f848 | 8bd5 4803 | d749 3b97 | c801 0000 | 0f83 f813 | 0000 4989 
  0x00000167272375cc: 97b8 0100 | 000f 0d8a | c000 0000 | 48c7 4500 | 0100 0000 | 0f0d 8a00 

  0x00000167272375e4: ;   {metadata({type array byte})}
  0x00000167272375e4: 0100 00c7 | 4508 1823 | 0000 4489 | 5d0c 0f0d | 8a40 0100 | 000f 0d8a | 8001 0000 | 418d 5106 
  0x0000016727237604: 443b da0f | 8277 1a00 | 004d 63c1 | 4585 c90f | 8e4b feff | ff42 c644 | 0515 7342 | c644 0514 
  0x0000016727237624: 7342 c644 | 0513 6142 | c644 0512 | 6c42 c644 | 0511 6342 | c644 0510 | 2e4c 8bc9 | 4983 c110 
  0x0000016727237644: 488b d548 | 83c2 1085 | db0f 8549 | 0d00 0045 | 3bda 0f82 | 4c1a 0000 | 4585 d276 | 284d 63c2 
  0x0000016727237664: 4983 f820 | 0f86 d1fd | ffff 498b | c9c5 f877 | 49ba c020 | a826 6701 | 0000 41ff 

  0x0000016727237680: ;   {other}
  0x0000016727237680: d20f 1f84 | 0000 0000 | 0049 8b87 | b801 0000 | 4c8b d049 | 83c2 184d | 3b97 c801 | 0000 0f83 
  0x00000167272376a0: 9b13 0000 | 4d89 97b8 | 0100 0041 | 0f0d 8ac0 | 0000 0048 | c700 0100 | 0000 4c8b | d049 83c2 
  0x00000167272376c0: ;   {metadata('java/lang/String')}
  0x00000167272376c0: 10c7 4008 | 78e8 0000 | 4489 600c | c5fd efc0 | c4c1 79d6 | 024c 8bdd | 4489 5814 | 4c8b 5424 
  0x00000167272376e0: 4845 8b5a | 1045 8b53 | 5445 85d2 | 0f84 4319 | 0000 498b | d24c 8bc0 | 4533 c990 

  0x00000167272376fc: ;   {optimized virtual_call}
  0x00000167272376fc: c5f8 77e8 

  0x0000016727237700: ; ImmutableOopMap {[72]=Oop }
                      ;*invokevirtual getResource {reexecute=0 rethrow=0 return_oop=1}
                      ; - java.net.URLClassLoader$1::run@26
                      ; - java.net.URLClassLoader$1::run@1
  0x0000016727237700: bcc4 fdff 

  0x0000016727237704: ;   {other}
  0x0000016727237704: 0f1f 8400 | f40a 0003 | 4c8b e848 | 85c0 7507 | 33c0 e99d | 0900 004c | 8b54 2448 | 458b 5a10 
  0x0000016727237724: 4489 5c24 | 6845 8b52 | 0c44 8954 | 246c 4585 | db0f 84b9 | 1900 00c5 | f877 49ba | 2027 623b 
  0x0000016727237744: fd7f 0000 

  0x0000016727237748: ;   {other}
  0x0000016727237748: 41ff d20f | 1f84 0000 | 0000 0048 | 8944 2430 | 448b 5424 | 6c45 8b4a | 1445 8b41 | 0c45 0fbe 
  0x0000016727237768: 5a10 c4c2 | 22f7 c88d | 79ff 4585 | db0f 8531 | 1e00 0045 | 8d50 ff44 | 3bd7 440f | 4fd7 448b 
  0x0000016727237788: 5c24 6c49 | 8bd3 498b | f945 85d2 | 0f8c 1410 | 0000 4585 | c00f 86bd | 1900 0045 | 3bd0 0f83 
  0x00000167272377a8: b419 0000 | 4585 d20f | 8e71 1a00 | 0041 8d6a | ff45 33db | 4c89 5c24 | 6043 0fbe | 5c11 1083 
  0x00000167272377c8: fb2e 0f84 | db09 0000 | 41ff ca44 | 3bd5 7fe9 | 4183 fa02 | 0f8e f617 | 0000 458d | 5afe 33db 
  0x00000167272377e8: 4183 fa02 | 440f 4cdb | 4181 fba0 | 0f00 00bb | a00f 0000 | 440f 47db | 418b f241 | 2bf3 4c8b 
  0x0000016727237808: f20f 1f80 | 0000 0000 | 4963 da45 | 0fbe 5c19 | 1041 83fb | 2e74 5441 | 0fbe 5c19 | 0f83 fb2e 
  0x0000016727237828: 744e 458d | 5afe 430f | be5c 1910 | 83fb 2e74 | 4345 8d5a | fd43 0fbe | 5419 1083 | fa2e 7434 
  0x0000016727237848: ;   {no_reloc}
  0x0000016727237848: 4183 c2fc | 443b d67f | bf49 8baf | 5804 0000 | 498b dd48 

  0x000001672723785c: ; ImmutableOopMap {r9=NarrowOop rdi=Oop rax=Oop r13=Oop r14=Oop [72]=Oop [104]=NarrowOop [108]=NarrowOop }
                      ;*goto {reexecute=1 rethrow=0 return_oop=0}
                      ; - (reexecute) java.lang.StringLatin1::lastIndexOf@35
                      ; - java.lang.String::lastIndexOf@13
                      ; - java.lang.String::lastIndexOf@8
                      ; - java.net.URLClassLoader::defineClass@7
                      ; - java.net.URLClassLoader$1::run@43
                      ; - java.net.URLClassLoader$1::run@1
                      ;   {poll}
  0x000001672723785c: 8bc3 8545 | 0041 83fa | 020f 8e6a | 1700 0049 | 8bd6 e96f | ffff ff45 | 8bda eb04 | 458d 5aff 
  0x000001672723787c: 498b d645 

  0x0000016727237880: ;   {metadata('jdk/internal/loader/URLClassPath$JarLoader$2')}
  0x0000016727237880: 8b55 0841 | 81fa d821 | 2100 0f85 | 980a 0000 | 4d8b d541 | 8b5a 208b | 731c 4183 | fbff 0f84 
  0x00000167272378a0: 7304 0000 | 4585 db0f | 8c57 1d00 | 0044 3bd9 | 0f8f de1d | 0000 443b | d90f 8484 | 0800 0045 
  0x00000167272378c0: 85db 0f84 | d70e 0000 | 498b 9fb8 | 0100 004c | 8bd3 4983 | c218 4d3b | 97c8 0100 | 000f 8321 
  0x00000167272378e0: 1500 0048 | 8954 2438 | 4d89 97b8 | 0100 0041 | 0f0d 8ac0 | 0000 0048 | c703 0100 | 0000 488b 
  0x0000016727237900: cb48 83c1 

  0x0000016727237904: ;   {metadata('java/lang/String')}
  0x0000016727237904: 10c7 4308 | 78e8 0000 | 4489 630c | c5fd efc0 | c5f9 d601 | 4d8d 5110 | 453b d80f | 84df 0000 
  0x0000016727237924: 0041 81fb | 0000 1000 | 0f87 0c1e | 0000 4963 | cb45 3bc3 | 418b e841 | 0f4f eb44 | 3bc5 0f82 
  0x0000016727237944: 6e1e 0000 | 443b dd0f | 8265 1e00 | 0048 83c1 | 174c 8bc1 | 4983 e0f8 | 4181 fb00 | 0010 000f 
  0x0000016727237964: 8757 1500 | 004d 8bb7 | b801 0000 | 4d8b ce4d | 03c8 4d3b | 8fc8 0100 | 000f 833d | 1500 004d 
  0x0000016727237984: 898f b801 | 0000 410f | 0d89 c000 | 0000 49c7 | 0601 0000 | 0041 0f0d | 8900 0100 

  0x00000167272379a0: ;   {metadata({type array byte})}
  0x00000167272379a0: 0041 c746 | 0818 2300 | 0045 895e | 0c41 0f0d | 8940 0100 | 0041 0f0d | 8980 0100 | 004d 8bce 
  0x00000167272379c0: 4983 c110 | 48c1 e903 | 85ed 0f84 | 761d 0000 | 413b eb0f | 8cf3 0e00 | 0049 83c0 | f049 c1e8 
  0x00000167272379e0: 0349 8bca | 498b d1c5 | f877 49ba | 8043 a826 | 6701 0000 

  0x00000167272379f4: ;   {other}
  0x00000167272379f4: 41ff d20f | 1f84 0000 | 0000 00e9 | c200 0000 | 4d63 d841 | 81f8 0000 | 1000 0f87 | 6814 0000 
  0x0000016727237a14: 498b afb8 | 0100 0049 | 8d4b 1748 | 83e1 f848 | 8bd5 4803 | d149 3b97 | c801 0000 | 0f83 4614 
  0x0000016727237a34: 0000 4989 | 97b8 0100 | 000f 0d8a | c000 0000 | 48c7 4500 | 0100 0000 | 0f0d 8a00 

  0x0000016727237a50: ;   {metadata({type array byte})}
  0x0000016727237a50: 0100 00c7 | 4508 1823 | 0000 4489 | 450c 0f0d | 8a40 0100 | 000f 0d8a | 8001 0000 | 4c89 6c24 
  0x0000016727237a70: 2889 7424 | 2448 895c | 2440 4c89 | 5424 504c | 895c 2458 | 488b d548 | 83c2 104c | 8b44 2458 
  0x0000016727237a90: 4983 c007 | 49c1 e803 | 488b 4c24 | 50c5 f877 | 49ba 8043 | a826 6701 | 0000 41ff 

  0x0000016727237aac: ;   {other}
  0x0000016727237aac: d20f 1f84 | 0000 0000 | 004c 8b6c | 2428 8b74 | 2424 488b | 5c24 404c | 8bf5 4180 | 7f40 000f 
  0x0000016727237acc: 8577 0d00 | 004c 8bd3 | 4d8b de44 | 895b 144d | 8bde 4d33 | da49 c1eb | 144d 85db | 741a 49c1 
  0x0000016727237aec: ea09 48b9 | 0000 252e | 6701 0000 | 4903 ca80 | 3902 0f85 | 770d 0000 | 4488 6310 | 488b 5424 
  0x0000016727237b0c: 3848 899c | 24a0 0000 | 0045 8b55 

  0x0000016727237b18: ;   {metadata('jdk/internal/loader/URLClassPath$JarLoader$2')}
  0x0000016727237b18: 0841 81fa | d821 2100 | 0f85 2a17 | 0000 4d8b 

  0x0000016727237b28: ;   {oop(a 'java/lang/Class'{0x00000000e09cb2a8} = 'jdk/internal/access/SharedSecrets')}
  0x0000016727237b28: d549 bba8 | b29c e000 | 0000 0045 | 8b8b d400 | 0000 458b | 4108 458b | 5a20 458b 

  0x0000016727237b44: ;   {metadata('java/util/jar/JavaUtilJarAccessImpl')}
  0x0000016727237b44: 5b18 4181 | f8b0 5a31 | 000f 8525 | 1700 0041 | 8b4b 0848 | 8954 2420 | 4d8b cb48 | 8d9c 24b0 
  0x0000016727237b64: 0000 0049 | 8b01 a802 | 0f85 2300 | 0000 4883 | c801 4889 | 03f0 490f | b119 0f84 | 3700 0000 
  0x0000016727237b84: 482b c448 | 2507 f0ff | ff48 8903 | e924 0000 | 004c 8bc0 | 4833 c0f0 | 4d0f b178 | 3e48 c703 
  0x0000016727237ba4: 0300 0000 | 7411 4c3b | f875 1549 | ff80 8600 | 0000 4833 | c075 0949 | ff87 5005 | 0000 33c0 
  0x0000016727237bc4: 0f85 e216 | 0000 453b | 6330 750e | 450f b643 | 1245 85c0 | 0f85 e105 | 0000 453b | 6330 0f85 
  0x0000016727237be4: d708 0000 | 488d 8424 | b000 0000 | 4883 3800 | 0f84 7900 | 0000 4d8b | 1941 f6c3 | 020f 8462 
  0x0000016727237c04: 0000 0049 | 83bb 8600 | 0000 0074 | 0949 ff8b | 8600 0000 | eb4b 498b | 8396 0000 | 0049 0b83 
  0x0000016727237c24: 8e00 0000 | 750a 49c7 | 433e 0000 | 0000 eb3d | 4983 bb9e | 0000 0000 | 7422 4833 | c049 c743 
  0x0000016727237c44: ;   {no_reloc}
  0x0000016727237c44: 3e00 0000 | 00f0 8304 | 2400 4983 | bb9e 0000 | 0000 750d | f04d 0fb1 | 7b3e 7505 | 83c8 01eb 
  0x0000016727237c64: 0ca8 00eb | 084c 8b18 | f04d 0fb1 | 1975 0a49 | ff8f 5005 | 0000 4533 | db0f 85fb | 1600 0045 
  0x0000016727237c84: 8b42 2041 | 8b68 1844 

  0x0000016727237c8c: ;   {metadata('java/util/jar/JarFile')}
  0x0000016727237c8c: 8b5d 0841 | 81fb 8012 | 1900 0f85 | 2917 0000 | 4c89 5424 | 4089 7424 | 384c 896c | 2428 488b 
  0x0000016727237cac: d566 6690 

  0x0000016727237cb0: ;   {optimized virtual_call}
  0x0000016727237cb0: c5f8 77e8 

  0x0000016727237cb4: ; ImmutableOopMap {[32]=Oop [40]=Oop [56]=NarrowOop [64]=Oop [72]=Oop [104]=NarrowOop [108]=NarrowOop [160]=Oop }
                      ;*invokevirtual getManifestFromReference {reexecute=0 rethrow=0 return_oop=1}
                      ; - java.util.jar.JarFile::getManifest@1
                      ; - jdk.internal.loader.URLClassPath$JarLoader$2::getManifest@22
                      ; - java.net.URLClassLoader::defineClass@34
                      ; - java.net.URLClassLoader$1::run@43
                      ; - java.net.URLClassLoader$1::run@1
  0x0000016727237cb4: 283b 4400 

  0x0000016727237cb8: ;   {other}
  0x0000016727237cb8: 0f1f 8400 | a810 0005 | 4889 4424 | 5044 8b5c | 2438 4d8b | d34c 8954 | 2458 448b | 5424 684c 
  0x0000016727237cd8: 8954 2470 | 498b d24c | 8b84 24a0 | 0000 004c | 8bc8 488b | 7c24 5890 

  0x0000016727237cf0: ;   {optimized virtual_call}
  0x0000016727237cf0: c5f8 77e8 

  0x0000016727237cf4: ; ImmutableOopMap {[32]=Oop [40]=Oop [56]=NarrowOop [64]=Oop [72]=Oop [80]=Oop [88]=Oop [104]=NarrowOop [108]=NarrowOop [112]=Oop [160]=Oop }
                      ;*invokevirtual getAndVerifyPackage {reexecute=0 rethrow=0 return_oop=1}
                      ; - java.net.URLClassLoader::defineClass@46
                      ; - java.net.URLClassLoader$1::run@43
                      ; - java.net.URLClassLoader$1::run@1
  0x0000016727237cf4: e8f2 4c00 

  0x0000016727237cf8: ;   {other}
  0x0000016727237cf8: 0f1f 8400 | e810 0006 | 4885 c00f | 8451 0400 | 004c 8b6c | 2428 8b74 | 2438 488b | 5424 2089 
  0x0000016727237d18: 7424 3848 | 8954 2420 | 4c89 6c24 | 2849 8bd5 

  0x0000016727237d28: ;   {optimized virtual_call}
  0x0000016727237d28: c5f8 77e8 

  0x0000016727237d2c: ; ImmutableOopMap {[32]=Oop [40]=Oop [56]=NarrowOop [72]=Oop [104]=NarrowOop [108]=NarrowOop }
                      ;*invokevirtual cachedInputStream {reexecute=0 rethrow=0 return_oop=1}
                      ; - jdk.internal.loader.Resource::getByteBuffer@1
                      ; - java.net.URLClassLoader::defineClass@132
                      ; - java.net.URLClassLoader$1::run@43
                      ; - java.net.URLClassLoader$1::run@1
  0x0000016727237d2c: 504e feff 

  0x0000016727237d30: ;   {other}
  0x0000016727237d30: 0f1f 8400 | 2011 0007 | 4c8b c044 

  0x0000016727237d3c: ;   {metadata('sun/nio/ByteBuffered')}
  0x0000016727237d3c: 8b58 0848 | b888 3236 | 3267 0100 | 0048 be00 | 0000 3267 | 0100 0049 | 03f3 4c8b | 5620 4c3b 
  0x0000016727237d5c: d00f 84ad | 1300 0048 | 33ff 4c8b | 9ea0 0000 | 0049 8bd3 | 48c1 e230 | 0f89 2100 | 0000 f348 
  0x0000016727237d7c: 0fb8 d248 | 8b5e 2848 | 3b04 d374 | 1549 0fba | e310 730b | 49c1 cb0f 

  0x0000016727237d94: ;   {runtime_call StubRoutines (compiler stubs)}
  0x0000016727237d94: e85b f189 | ffeb 0348 | ffc7 4885 | ff0f 8469 | 1300 0048 | 8b54 2428 | 448b 5208 

  0x0000016727237db0: ;   {metadata('jdk/internal/loader/URLClassPath$JarLoader$2')}
  0x0000016727237db0: 4181 fad8 | 2121 000f | 8588 0500 | 0048 8bea 

  0x0000016727237dc0: ;   {optimized virtual_call}
  0x0000016727237dc0: c5f8 77e8 

  0x0000016727237dc4: ; ImmutableOopMap {rbp=Oop [32]=Oop [40]=Oop [56]=NarrowOop [72]=Oop [104]=NarrowOop [108]=NarrowOop }
                      ;*invokevirtual getBytes {reexecute=0 rethrow=0 return_oop=1}
                      ; - java.net.URLClassLoader::defineClass@179
                      ; - java.net.URLClassLoader$1::run@43
                      ; - java.net.URLClassLoader$1::run@1
  0x0000016727237dc4: d838 4c00 

  0x0000016727237dc8: ;   {other}
  0x0000016727237dc8: 0f1f 8400 | b811 0008 | 4889 8424 | 8800 0000 | 488b 7c24 | 2844 8b57 

  0x0000016727237de0: ;   {metadata('jdk/internal/loader/URLClassPath$JarLoader$2')}
  0x0000016727237de0: 0841 81fa | d821 2100 | 0f85 7f05 | 0000 4c8b | d741 8b6a | 1c44 8b55 

  0x0000016727237df8: ;   {metadata('java/util/jar/JarFile$JarFileEntry')}
  0x0000016727237df8: 0841 81fa | 4832 3100 | 0f85 ee15 | 0000 4c8b | d545 8b42 | 6445 0fb6 | 4812 453b | 6030 7509 
  0x0000016727237e18: 4585 c90f | 85ce 0300 | 0045 8b42 | 5c45 85c0 | 0f85 8907 | 0000 458b | 4264 418b | 6830 85ed 
  0x0000016727237e38: 0f85 8e18 | 0000 498b | 87b8 0100 | 004c 8bd0 | 4983 c228 | 4d3b 97c8 | 0100 000f | 83fc 0c00 
  0x0000016727237e58: 004d 8997 | b801 0000 | 410f 0d8a | c000 0000 | 48c7 0001 | 0000 004c | 8bd0 4983 

  0x0000016727237e74: ;   {metadata('java/security/CodeSource')}
  0x0000016727237e74: c210 c740 | 0828 5c00 | 0044 8960 | 0cc5 fdef | c041 b807 | 0000 00c4 | c178 92f8 | 62d1 fe2f 
  0x0000016727237e94: 7f02 448b | 5c24 3844 | 8958 0c45 | 85db 0f84 | 9017 0000 | 488b e848 | 897c 2428 | 498b d390 
  0x0000016727237eb4: ;   {static_call}
  0x0000016727237eb4: c5f8 77e8 

  0x0000016727237eb8: ; ImmutableOopMap {rbp=Oop [32]=Oop [40]=Oop [72]=Oop [96]=Oop [104]=NarrowOop [108]=NarrowOop [136]=Oop }
                      ;*invokestatic urlNoFragString {reexecute=0 rethrow=0 return_oop=1}
                      ; - java.security.CodeSource::<init>@30
                      ; - java.net.URLClassLoader::defineClass@198
                      ; - java.net.URLClassLoader$1::run@43
                      ; - java.net.URLClassLoader$1::run@1
  0x0000016727237eb8: 8477 2400 

  0x0000016727237ebc: ;   {other}
  0x0000016727237ebc: 0f1f 8400 | ac12 0009 | 488b d841 | 807f 4000 | 0f85 ef08 | 0000 4c8b | ed4c 8bdb | 4589 5d20 
  0x0000016727237edc: 4c8b d34d | 8bdd 4d33 | d349 c1ea | 144d 85d2 | 741f 4885 | db74 1a49 | c1eb 0948 | b900 0025 
  0x0000016727237efc: 2e67 0100 | 0049 03cb | 8039 020f | 85ea 0800 | 004c 8b44 | 2460 4d85 | c00f 8548 | 0700 00c5 
  0x0000016727237f1c: f877 49ba | 2027 623b | fd7f 0000 

  0x0000016727237f28: ;   {other}
  0x0000016727237f28: 41ff d20f | 1f84 0000 | 0000 004c | 8bc0 4c2b 

  0x0000016727237f38: ;   {oop(a 'jdk/internal/perf/PerfCounter'{0x00000000e09cb838})}
  0x0000016727237f38: 4424 3049 | bb38 b89c | e000 0000 | 0048 8d9c | 24b0 0000 | 0049 8b03 | a802 0f85 | 2300 0000 
  0x0000016727237f58: 4883 c801 | 4889 03f0 | 490f b11b | 0f84 3700 | 0000 482b | c448 2507 | f0ff ff48 | 8903 e924 
  0x0000016727237f78: 0000 004c | 8bd0 4833 | c0f0 4d0f | b17a 3e48 | c703 0300 | 0000 7411 | 4c3b f875 | 1549 ff82 
  0x0000016727237f98: 8600 0000 | 4833 c075 | 0949 ff87 | 5005 0000 | 33c0 0f85 | dc11 0000 

  0x0000016727237fb0: ;   {oop(a 'jdk/internal/perf/PerfCounter'{0x00000000e09cb838})}
  0x0000016727237fb0: 49ba 38b8 | 9ce0 0000 | 0000 458b | 4a10 418b | 6924 85ed | 0f85 9a16 | 0000 418b | 691c 85ed 
  0x0000016727237fd0: 0f8c ef11 | 0000 85ed | 0f84 5211 | 0000 4d8b | 5110 4d01 

  0x0000016727237fe4: ;   {oop(a 'jdk/internal/perf/PerfCounter'{0x00000000e09cb838})}
  0x0000016727237fe4: 0249 bb38 | b89c e000 | 0000 0048 | 8d84 24b0 | 0000 0048 | 8338 000f | 8479 0000 | 004d 8b13 
  0x0000016727238004: 41f6 c202 | 0f84 6200 | 0000 4983 | ba86 0000 | 0000 7409 | 49ff 8a86 | 0000 00eb | 4b49 8b82 
  0x0000016727238024: 9600 0000 | 490b 828e | 0000 0075 | 0a49 c742 | 3e00 0000 | 00eb 3d49 | 83ba 9e00 | 0000 0074 
  0x0000016727238044: 2248 33c0 | 49c7 423e | 0000 0000 | f083 0424 | 0049 83ba | 9e00 0000 | 0075 0df0 | 4d0f b17a 
  0x0000016727238064: 3e75 0583 | c801 eb0c | a800 eb08 | 4c8b 10f0 | 4d0f b113 | 750a 49ff | 8f50 0500 | 0045 33d2 
  0x0000016727238084: 0f85 6a11 | 0000 4c8b | 8c24 8800 | 0000 418b | 710c 448b | 5c24 6849 | 8bd3 4c8b | 4424 2033 
  0x00000167272380a4: ff49 8bcd 

  0x00000167272380a8: ;   {optimized virtual_call}
  0x00000167272380a8: c5f8 77e8 

  0x00000167272380ac: ; ImmutableOopMap {[40]=Oop [72]=Oop }
                      ;*invokevirtual defineClass {reexecute=0 rethrow=0 return_oop=1}
                      ; - java.net.URLClassLoader::defineClass@220
                      ; - java.net.URLClassLoader$1::run@43
                      ; - java.net.URLClassLoader$1::run@1
  0x00000167272380ac: 9076 5f00 

  0x00000167272380b0: ;   {other}
  0x00000167272380b0: 0f1f 8400 | a014 000a | c5f8 7748 | 81c4 d000 

  0x00000167272380c0: ;   {poll_return}
  0x00000167272380c0: 0000 5d49 | 3ba7 5004 | 0000 0f87 | ae26 0000 | c341 ba2f | 0000 00e9 | 95f2 ffff | 498b 87b8 
  0x00000167272380e0: 0100 004c | 8bd0 4983 | c218 4d3b | 97c8 0100 | 000f 83bd | 0e00 004d | 8997 b801 | 0000 410f 
  0x0000016727238100: 0d8a c000 | 0000 48c7 | 0001 0000 

  0x000001672723810c: ;   {metadata('java/lang/String')}
  0x000001672723810c: 00c7 4008 | 78e8 0000 | 4489 600c | 4489 6010 

  0x000001672723811c: ;   {oop([B{0x00000000e09d6a38})}
  0x000001672723811c: c740 1438 

  0x0000016727238120: ;   {oop(".class"{0x00000000e09d6a20})}
  0x0000016727238120: 6a9d e049 | ba20 6a9d | e000 0000 | 0045 8b42 | 0c44 8940 | 0c45 0fb6 | 5211 4488 | 5011 e999 
  0x0000016727238140: f5ff ff48 | 8994 24a0 | 0000 00e9 | c5f9 ffff | bb2f 0000 | 00e9 50f3 

  0x0000016727238158: ;   {metadata('java/lang/IllegalArgumentException')}
  0x0000016727238158: ffff 48bd | c09a 0632 | 6701 0000 | 4c8b 5424 | 504d 85d2 | 0f84 8f09 | 0000 488b | 5424 704c 
  0x0000016727238178: 8b84 24a0 | 0000 004d | 8bca 488b | 7c24 5890 

  0x0000016727238188: ;   {optimized virtual_call}
  0x0000016727238188: c5f8 77e8 

  0x000001672723818c: ; ImmutableOopMap {[32]=Oop [40]=Oop [56]=NarrowOop [64]=Oop [72]=Oop [80]=Oop [88]=Oop [104]=NarrowOop [108]=NarrowOop [160]=Oop }
                      ;*invokevirtual definePackage {reexecute=0 rethrow=0 return_oop=1}
                      ; - java.net.URLClassLoader::defineClass@64
                      ; - java.net.URLClassLoader$1::run@43
                      ; - java.net.URLClassLoader$1::run@1
  0x000001672723818c: 10f9 60f8 

  0x0000016727238190: ;   {other}
  0x0000016727238190: 0f1f 8400 | 8015 000b | 4c8b 6c24 | 288b 7424 | 3848 8b54 | 2420 e96c | fbff ff45 | 8bda e9cc 
  0x00000167272381b0: f6ff ff33 | edba 0100 | 0000 e948 | f0ff ff41 | 0fb6 6b10 | 85ed 0f85 | 2617 0000 | 458b 4318 
  0x00000167272381d0: ; implicit exception: dispatches to 0x0000016727239e88
  0x00000167272381d0: 458b 4018 

  0x00000167272381d4: ; implicit exception: dispatches to 0x0000016727239efc
  0x00000167272381d4: 418b 7818 | 85ff 7c0a | 453b 6040 | 0f85 9809 | 0000 4588 | 6312 e9ef | f9ff ff49 | 8bd0 488d 
  0x00000167272381f4: 9c24 b000 | 0000 488b | 02a8 020f | 8523 0000 | 0048 83c8 | 0148 8903 | f048 0fb1 | 1a0f 8437 
  0x0000016727238214: 0000 0048 | 2bc4 4825 | 07f0 ffff | 4889 03e9 | 2400 0000 | 4c8b d848 | 33c0 f04d | 0fb1 7b3e 
  0x0000016727238234: 48c7 0303 | 0000 0074 | 114c 3bf8 | 7515 49ff | 8386 0000 | 0048 33c0 | 7509 49ff | 8750 0500 
  0x0000016727238254: 0033 c00f | 851c 1600 | 0041 0fb6 | 6810 85ed | 0f85 e616 | 0000 458b | 4818 458b | 5918 418b 
  0x0000016727238274: 7318 85f6 | 7c0a 453b | 6340 0f85 | 360a 0000 | 488d 8424 | b000 0000 

  0x000001672723828c: ;   {no_reloc}
  0x000001672723828c: 4883 3800 | 0f84 7900 | 0000 4c8b | 1a41 f6c3 | 020f 8462 | 0000 0049 | 83bb 8600 | 0000 0074 
  0x00000167272382ac: 0949 ff8b | 8600 0000 | eb4b 498b | 8396 0000 | 0049 0b83 | 8e00 0000 | 750a 49c7 | 433e 0000 
  0x00000167272382cc: 0000 eb3d | 4983 bb9e | 0000 0000 | 7422 4833 | c049 c743 | 3e00 0000 | 00f0 8304 | 2400 4983 
  0x00000167272382ec: bb9e 0000 | 0000 750d | f04d 0fb1 | 7b3e 7505 | 83c8 01eb | 0ca8 00eb | 084c 8b18 | f04c 0fb1 
  0x000001672723830c: 1a75 0a49 | ff8f 5005 | 0000 4533 | db0f 859c | 1500 0045 | 8860 12e9 | f9fa ffff 

  0x0000016727238328: ;   {metadata('jdk/internal/loader/URLClassPath$FileLoader$1')}
  0x0000016727238328: 4181 fa60 | 623c 010f | 854f 1600 | 0049 8bdd | 448b 531c 

  0x000001672723833c: ; implicit exception: dispatches to 0x0000016727239f8c
  0x000001672723833c: 418b 720c | e955 f5ff | ff90 c5f8 | 7748 b8ff | ffff ffff 

  0x0000016727238350: ;   {virtual_call}
  0x0000016727238350: ffff ffe8 

  0x0000016727238354: ; ImmutableOopMap {[32]=Oop [40]=Oop [56]=NarrowOop [72]=Oop [104]=NarrowOop [108]=NarrowOop }
                      ;*invokevirtual getBytes {reexecute=0 rethrow=0 return_oop=1}
                      ; - java.net.URLClassLoader::defineClass@179
                      ; - java.net.URLClassLoader$1::run@43
                      ; - java.net.URLClassLoader$1::run@1
  0x0000016727238354: 2870 86ff 

  0x0000016727238358: ;   {other}
  0x0000016727238358: 0f1f 8400 | 4817 000c | 4889 8424 | 8800 0000 | e96b faff 

  0x000001672723836c: ;   {metadata('jdk/internal/loader/URLClassPath$FileLoader$1')}
  0x000001672723836c: ff41 81fa | 6062 3c01 | 0f84 c4fa | ffff bac6 | ffff ff48 | 8b6c 2448 | 4889 7c24 | 4866 6690 
  0x000001672723838c: ;   {runtime_call UncommonTrapBlob}
  0x000001672723838c: c5f8 77e8 

  0x0000016727238390: ; ImmutableOopMap {rbp=Oop [56]=NarrowOop [72]=Oop [104]=NarrowOop [108]=NarrowOop [136]=Oop }
                      ;*invokevirtual getCodeSigners {reexecute=0 rethrow=0 return_oop=0}
                      ; - java.net.URLClassLoader::defineClass@185
                      ; - java.net.URLClassLoader$1::run@43
                      ; - java.net.URLClassLoader$1::run@1
  0x0000016727238390: 6cf7 86ff 

  0x0000016727238394: ;   {other}
  0x0000016727238394: 0f1f 8400 | 8417 000d | 478d 0412 | 4585 c00f | 8c07 1600 | 0045 3bd8 | 0f82 fe15 | 0000 498b 
  0x00000167272383b4: f148 8bfa | 418b d28b | caf7 c2f0 | ffff ff0f | 8484 0000 | 00f7 c200 | f0ff ff0f | 8454 0000 
  0x00000167272383d4: 0083 e11f | 83e2 e074 | 1f48 8d34 | 1648 8d3c | 5748 f7da | 62f2 7d48 | 3004 1662 | f1ff 487f 
  0x00000167272383f4: 0457 4883 | c220 75ec | f7c1 ffff | ffff 0f84 | b200 0000 | baff ffff | ffc4 e271 | f7d2 f7d2 
  0x0000016727238414: c5fb 92fa | 62f2 7dcf | 3006 62f1 | ff4f 7f07 | e991 0000 | 0083 e10f | 83e2 f074 | 1c48 8d34 
  0x0000016727238434: 1648 8d3c | 5748 f7da | c4e2 7d30 | 0416 c5fe | 7f04 5748 | 83c2 1075 | ef8b d183 | e107 83e2 
  0x0000016727238454: f874 27c4 | e279 3006 | c5fa 7f07 | 4883 c608 | 4883 c710 | e911 0000 | 00c4 e279 | 3004 16c5 
  0x0000016727238474: fa7f 0457 | 4883 c208 | 75ef 8bd1 | 83fa 047c | 19c5 f96e | 06c4 e279 | 30c0 c5f9 

  0x0000016727238490: ;   {no_reloc}
  0x0000016727238490: d607 4883 | ea04 4883 | c604 4883 | c708 85d2 | 7418 488d | 3416 488d | 3c57 48f7 | da0f b60c 
  0x00000167272384b0: 1666 890c | 5748 ffc2 | 75f3 e9ca | f1ff ff45 | 0fb6 4311 | 4585 c00f | 851b f7ff | ff4c 894c 
  0x00000167272384d0: 2478 4489 | 5c24 444c | 8954 2450 | 8974 2440 | 48ff 7424 | 2048 8f44 | 2438 4889 | 4424 f88b 
  0x00000167272384f0: 4424 6c89 | 4424 2448 | 8b44 24f8 | 4889 4424 | f88b 4424 | 6889 4424 | 2048 8b44 | 24f8 488b 
  0x0000016727238510: 6c24 604c | 896c 2428 | 4c89 4c24 | 7066 6690 

  0x0000016727238520: ;   {static_call}
  0x0000016727238520: c5f8 77e8 

  0x0000016727238524: ; ImmutableOopMap {[32]=NarrowOop [36]=NarrowOop [40]=Oop [56]=Oop [64]=NarrowOop [68]=NarrowOop [72]=Oop [80]=Oop [112]=Oop [120]=Oop [160]=Oop }
                      ;*invokestatic beginInit {reexecute=0 rethrow=0 return_oop=1}
                      ; - java.util.jar.JarFile::ensureInitialization@31
                      ; - java.util.jar.JavaUtilJarAccessImpl::ensureInitialization@1
                      ; - jdk.internal.loader.URLClassPath$JarLoader$2::getManifest@10
                      ; - java.net.URLClassLoader::defineClass@34
                      ; - java.net.URLClassLoader$1::run@43
                      ; - java.net.URLClassLoader$1::run@1
  0x0000016727238524: 5873 86ff 

  0x0000016727238528: ;   {other}
  0x0000016727238528: 0f1f 8400 | 1819 000e | 4889 4424 | 5848 8b54 | 2470 6690 

  0x000001672723853c: ;   {optimized virtual_call}
  0x000001672723853c: c5f8 77e8 

  0x0000016727238540: ; ImmutableOopMap {[32]=NarrowOop [36]=NarrowOop [40]=Oop [56]=Oop [64]=NarrowOop [68]=NarrowOop [72]=Oop [80]=Oop [88]=Oop [112]=Oop [120]=Oop [160]=Oop }
                      ;*invokevirtual initializeVerifier {reexecute=0 rethrow=0 return_oop=0}
                      ; - java.util.jar.JarFile::ensureInitialization@36
                      ; - java.util.jar.JavaUtilJarAccessImpl::ensureInitialization@1
                      ; - jdk.internal.loader.URLClassPath$JarLoader$2::getManifest@10
                      ; - java.net.URLClassLoader::defineClass@34
                      ; - java.net.URLClassLoader$1::run@43
                      ; - java.net.URLClassLoader$1::run@1
  0x0000016727238540: 3c69 86ff 

  0x0000016727238544: ;   {other}
  0x0000016727238544: 0f1f 8400 | 3419 000f | 448b 5424 | 4441 c642 | 1101 488b | 5424 5890 

  0x000001672723855c: ;   {static_call}
  0x000001672723855c: c5f8 77e8 

  0x0000016727238560: ; ImmutableOopMap {[32]=NarrowOop [36]=NarrowOop [40]=Oop [56]=Oop [64]=NarrowOop [72]=Oop [80]=Oop [112]=Oop [120]=Oop [160]=Oop }
                      ;*invokestatic endInit {reexecute=0 rethrow=0 return_oop=0}
                      ; - java.util.jar.JarFile::ensureInitialization@45
                      ; - java.util.jar.JavaUtilJarAccessImpl::ensureInitialization@1
                      ; - jdk.internal.loader.URLClassPath$JarLoader$2::getManifest@10
                      ; - java.net.URLClassLoader::defineClass@34
                      ; - java.net.URLClassLoader$1::run@43
                      ; - java.net.URLClassLoader$1::run@1
  0x0000016727238560: 1c73 86ff 

  0x0000016727238564: ;   {other}
  0x0000016727238564: 0f1f 8400 | 5419 0010 | 4c8b 6c24 | 2848 896c | 2460 4889 | 4424 f88b | 4424 2089 | 4424 6848 
  0x0000016727238584: 8b44 24f8 | 4889 4424 | f88b 4424 | 2489 4424 | 6c48 8b44 | 24f8 48ff | 7424 3848 | 8f44 2420 
  0x00000167272385a4: 8b74 2440 | 4c8b 5424 | 504c 8b4c | 2470 e931 | f6ff ff41 | 8b48 0c49 | 8be8 4c63 | c949 c1e1 
  0x00000167272385c4: 0281 f900 | 0004 000f | 871f 1200 | 0049 8b9f | b801 0000 | 4d8d 5117 | 4983 e2f8 | 4c8b db4d 
  0x00000167272385e4: 03da 4d3b | 9fc8 0100 | 000f 83fd | 1100 004d | 899f b801 | 0000 410f | 0d8b c000 | 0000 48c7 
  0x0000016727238604: 0301 0000 | 0041 0f0d | 8b00 0100 

  0x0000016727238610: ;   {metadata('java/security/CodeSigner'[])}
  0x0000016727238610: 00c7 4308 | 008b 5c01 | 894b 0c41 | 0f0d 8b40 | 0100 0041 | 0f0d 8b80 | 0100 0049 | 8d48 1048 
  0x0000016727238630: 8bd3 4883 | c210 4983 | c107 49c1 | e903 4d8b | c1c5 f877 | 49ba 8043 | a826 6701 | 0000 41ff 
  0x0000016727238650: ;   {other}
  0x0000016727238650: d20f 1f84 | 0000 0000 | 0048 895c | 2460 e9db | f7ff ff45 | 8b48 0c49 | 63f9 48c1 | e702 4181 
  0x0000016727238670: f900 0004 | 000f 87b8 | 1100 0049 | 8b9f b801 | 0000 4c8d | 5717 4983 | e2f8 4c8b | db4d 03da 
  0x0000016727238690: 4d3b 9fc8 | 0100 000f | 8396 1100 | 004d 899f | b801 0000 | 410f 0d8b | c000 0000 | 48c7 0301 
  0x00000167272386b0: 0000 0041 | 0f0d 8b00 

  0x00000167272386b8: ;   {metadata('java/security/CodeSigner'[])}
  0x00000167272386b8: 0100 00c7 | 4308 008b | 5c01 4489 | 4b0c 410f | 0d8b 4001 | 0000 410f | 0d8b 8001 | 0000 498b 
  0x00000167272386d8: c848 83c1 | 1048 8bd3 | 4883 c210 | 4883 c707 | 48c1 ef03 | 4c8b c7c5 | f877 49ba | 8043 a826 
  0x00000167272386f8: 6701 0000 

  0x00000167272386fc: ;   {other}
  0x00000167272386fc: 41ff d20f | 1f84 0000 | 0000 0041 | 807f 4000 | 0f85 f008 | 0000 4c8b | db45 895d | 104d 8bd5 
  0x000001672723871c: 4c8b db4d | 33da 49c1 | eb14 4d85 | db0f 84ec | f7ff ff49 | c1ea 0949 | b800 0025 | 2e67 0100 
  0x000001672723873c: 004d 03c2 | 4180 3802 | 0f84 d1f7 | ffff 4d8b | 5758 4d8b | 5f48 f083 | 4424 c000 | 4180 3800 
  0x000001672723875c: 0f84 b9f7 | ffff 4588 | 204d 85db | 7523 498b | c849 8bd7 | c5f8 7749 | bad0 a027 | 3bfd 7f00 
  0x000001672723877c: 0041 ffd2 

  0x0000016727238780: ;   {other}
  0x0000016727238780: 0f1f 8400 | 0000 0000 | e98e f7ff | ff4f 8944 | 1af8 4983 | c3f8 4d89 | 5f48 e97c 

  0x000001672723879c: ;   {oop(""{0x00000000e0700c00})}
  0x000001672723879c: f7ff ff48 | bb00 0c70 | e000 0000 | 00e9 5ff3 | ffff 4533 | d24c 8954 | 2460 41bb | ffff ffff 
  0x00000167272387bc: e9be f0ff | ff4c 8bed | 448b 5520 | 4585 d20f | 8404 f7ff | ff4d 8b5f | 2849 8bca | 4d85 db0f 
  0x00000167272387dc: 8403 0e00 | 004d 8b57 | 384b 894c | 1af8 4983 | c3f8 4d89 | 5f28 e9de | f6ff ff4d | 8b57 584d 
  0x00000167272387fc: 8b5f 48f0 | 8344 24c0 | 0080 3900 | 0f84 fff6 | ffff 4488 | 214d 85db | 7520 498b | d7c5 f877 
  0x000001672723881c: 49ba d0a0 | 273b fd7f | 0000 41ff 

  0x0000016727238828: ;   {other}
  0x0000016727238828: d20f 1f84 | 0000 0000 | 00e9 d7f6 | ffff 4b89 | 4c1a f849 | 83c3 f84d | 895f 48e9 | c5f6 ffff 
  0x0000016727238848: 448b 5314 | 4585 d20f | 847c f2ff | ff4d 8b5f | 2849 8bca | 4d85 db0f | 8493 0e00 | 004d 8b57 
  0x0000016727238868: 384b 894c | 1af8 4983 | c3f8 4d89 | 5f28 e956 | f2ff ff4d | 8b57 484d | 8b5f 58f0 | 8344 24c0 
  0x0000016727238888: 0080 3900 | 0f84 72f2 | ffff 4488 | 214d 85d2 | 7520 498b | d7c5 f877 | 49ba d0a0 | 273b fd7f 
  0x00000167272388a8: 0000 41ff 

  0x00000167272388ac: ;   {other}
  0x00000167272388ac: d20f 1f84 | 0000 0000 | 00e9 4af2 | ffff 4b89 | 4c13 f849 | 83c2 f84d | 8957 48e9 | 38f2 ffff 
  0x00000167272388cc: 4c63 c54d | 8d58 1049 | 8bd3 4883 | e2f8 498b | fe48 03fa | 49c1 eb03 | 492b cb48 | 33c0 4883 
  0x00000167272388ec: f908 7f10 | 48ff c978 | 5648 8904 | cf48 ffc9 | 7df7 eb4b | c5fd efc0 | e90d 0000 | 00c5 fe7f 
  0x000001672723890c: 07c5 fe7f | 4720 4883 | c740 4883 | e908 7ded | 4883 c104 | 7c0c c5fe | 7f07 4883 | c720 4883 
  0x000001672723892c: e904 4883 | c104 7e17 | 48c7 c0ff | ffff ffc4 | e2f0 f5c0 | c4e1 fb92 | f862 f1fe | 2f7f 0749 
  0x000001672723894c: 83f8 2077 | 284c 63dd | 49b8 ffff | ffff ffff | ffff c442 | a0f5 c0c4 | c1fb 92f8 | 62d1 7faf 
  0x000001672723896c: 6f02 62d1 | 7f2f 7f01 | e986 f0ff | ff4c 8974 | 2450 4889 | 5c24 4089 | 7424 2848 | 8b74 2460 
  0x000001672723898c: 498b ca49 | 8bd1 c5f8 | 7749 bac0 | 20a8 2667 | 0100 0041 

  0x00000167272389a0: ;   {other}
  0x00000167272389a0: ffd2 0f1f | 8400 0000 | 0000 4889 | 7424 608b | 7424 2848 | 8b5c 2440 | 4c8b 7424 | 50e9 3df0 
  0x00000167272389c0: ffff 4489 | 5c24 3c48 | 8974 2440 | 4489 4c24 | 3889 5c24 | 3444 8954 | 2430 4c89 | 4424 2848 
  0x00000167272389e0: 894c 2420 | 488b 6c24 

  0x00000167272389e8: ;   {metadata({type array byte})}
  0x00000167272389e8: 4848 ba18 | 2300 3267 | 0100 0044 | 8b44 243c | 4889 4424 | 4866 6690 

  0x0000016727238a00: ;   {runtime_call _new_array_Java}
  0x0000016727238a00: c5f8 77e8 

  0x0000016727238a04: ; ImmutableOopMap {rbp=Oop [32]=Oop [40]=Oop }
                      ;*invokevirtual allocateUninitializedArray0 {reexecute=0 rethrow=0 return_oop=1}
                      ; - jdk.internal.misc.Unsafe::allocateUninitializedArray@51
                      ; - java.lang.StringConcatHelper::newArray@33
                      ; - java.lang.StringConcatHelper::simpleConcat@61
                      ; - java.lang.String::concat@11
                      ; - java.net.URLClassLoader$1::run@13
                      ; - java.net.URLClassLoader$1::run@1
  0x0000016727238a04: f8ea 93ff 

  0x0000016727238a08: ;   {other}
  0x0000016727238a08: 0f1f 8400 | f81d 0011 | 4889 6c24 | 484c 8b44 | 2428 448b | 5424 308b | 5c24 3444 | 8b4c 2438 
  0x0000016727238a28: 488b 7424 | 4044 8b5c | 243c 488b | e848 8b4c | 2420 e9c1 

  0x0000016727238a3c: ;   {metadata('java/lang/String')}
  0x0000016727238a3c: ebff ff48 | ba78 e800 | 3267 0100 | 0066 6690 

  0x0000016727238a4c: ;   {runtime_call _new_instance_Java}
  0x0000016727238a4c: c5f8 77e8 

  0x0000016727238a50: ; ImmutableOopMap {rbp=Oop [72]=Oop }
                      ;*new {reexecute=0 rethrow=0 return_oop=1}
                      ; - java.lang.StringConcatHelper::newString@6
                      ; - java.lang.StringConcatHelper::simpleConcat@90
                      ; - java.lang.String::concat@11
                      ; - java.net.URLClassLoader$1::run@13
                      ; - java.net.URLClassLoader$1::run@1
  0x0000016727238a50: ac98 93ff 

  0x0000016727238a54: ;   {other}
  0x0000016727238a54: 0f1f 8400 | 441e 0012 | e974 ecff | ff89 5424 | 5489 7c24 | 5089 5c24 | 4444 894c | 2440 4889 
  0x0000016727238a74: 4424 384c | 896c 2430 | 4489 4424 | 2c44 895c 

  0x0000016727238a84: ;   {metadata({type array byte})}
  0x0000016727238a84: 2428 48ba | 1823 0032 | 6701 0000 

  0x0000016727238a90: ;   {runtime_call _new_array_Java}
  0x0000016727238a90: c5f8 77e8 

  0x0000016727238a94: ; ImmutableOopMap {[40]=NarrowOop [48]=Oop [56]=Oop [64]=NarrowOop [72]=Oop }
                      ;*invokevirtual allocateUninitializedArray0 {reexecute=0 rethrow=0 return_oop=1}
                      ; - jdk.internal.misc.Unsafe::allocateUninitializedArray@51
                      ; - java.lang.StringConcatHelper::newArray@33
                      ; - java.lang.StringLatin1::replace@49
                      ; - java.lang.String::replace@18
                      ; - java.net.URLClassLoader$1::run@8
                      ; - java.net.URLClassLoader$1::run@1
  0x0000016727238a94: 68ea 93ff 

  0x0000016727238a98: ;   {other}
  0x0000016727238a98: 0f1f 8400 | 881e 0013 | 4c8b d044 | 8b5c 2428 | 448b 4424 | 2c4c 8b6c | 2430 488b | 4424 3844 
  0x0000016727238ab8: 8b4c 2440 | 8b5c 2444 | 8b7c 2450 | 8b54 2454 | 498b cae9 | a7e7 ffff 

  0x0000016727238ad0: ;   {metadata('java/lang/String')}
  0x0000016727238ad0: 48ba 78e8 | 0032 6701 | 0000 498b | ed48 894c | 2430 6690 

  0x0000016727238ae4: ;   {runtime_call _new_instance_Java}
  0x0000016727238ae4: c5f8 77e8 

  0x0000016727238ae8: ; ImmutableOopMap {rbp=Oop [48]=Oop [72]=Oop }
                      ;*new {reexecute=0 rethrow=0 return_oop=1}
                      ; - java.lang.StringLatin1::replace@116
                      ; - java.lang.String::replace@18
                      ; - java.net.URLClassLoader$1::run@8
                      ; - java.net.URLClassLoader$1::run@1
  0x0000016727238ae8: 1498 93ff 

  0x0000016727238aec: ;   {other}
  0x0000016727238aec: 0f1f 8400 | dc1e 0014 | 4c8b c048 | 8b4c 2430 | e902 eaff | ff48 8b54 | 2470 4c8b | 8424 a000 
  0x0000016727238b0c: 0000 4c8b | 4c24 6048 | 8b7c 2460 | 488b 7424 | 6048 8b4c | 2460 4c8b | 5424 604c | 8914 244c 
  0x0000016727238b2c: 8b54 2460 | 4c89 5424 | 084c 8b54 | 2460 4c89 | 5424 1090 

  0x0000016727238b40: ;   {optimized virtual_call}
  0x0000016727238b40: c5f8 77e8 

  0x0000016727238b44: ; ImmutableOopMap {[32]=Oop [40]=Oop [56]=NarrowOop [64]=Oop [72]=Oop [88]=Oop [104]=NarrowOop [108]=NarrowOop [160]=Oop }
                      ;*invokevirtual definePackage {reexecute=0 rethrow=0 return_oop=1}
                      ; - java.net.URLClassLoader::defineClass@81
                      ; - java.net.URLClassLoader$1::run@43
                      ; - java.net.URLClassLoader$1::run@1
  0x0000016727238b44: 3863 86ff 

  0x0000016727238b48: ;   {other}
  0x0000016727238b48: 0f1f 8400 | 381f 0015 | e943 f6ff | ff48 897c 

  0x0000016727238b58: ;   {metadata('java/security/CodeSource')}
  0x0000016727238b58: 2428 48ba | 285c 0032 | 6701 0000 

  0x0000016727238b64: ;   {runtime_call _new_instance_Java}
  0x0000016727238b64: c5f8 77e8 

  0x0000016727238b68: ; ImmutableOopMap {[32]=Oop [40]=Oop [56]=NarrowOop [72]=Oop [96]=Oop [104]=NarrowOop [108]=NarrowOop [136]=Oop }
                      ;*new {reexecute=0 rethrow=0 return_oop=1}
                      ; - java.net.URLClassLoader::defineClass@190
                      ; - java.net.URLClassLoader$1::run@43
                      ; - java.net.URLClassLoader$1::run@1
  0x0000016727238b68: 9497 93ff 

  0x0000016727238b6c: ;   {other}
  0x0000016727238b6c: 0f1f 8400 | 5c1f 0016 | 488b 7c24 | 28e9 18f3 | ffff 4c89 | 4c24 7889 | 4c24 7044 | 895c 2454 
  0x0000016727238b8c: 4c89 5424 | 5889 7424 | 5048 ff74 | 2420 488f | 4424 4048 | 8944 24f8 | 8b44 246c | 8944 243c 
  0x0000016727238bac: 488b 4424 | f848 8944 | 24f8 8b44 | 2468 8944 | 2438 488b | 4424 f848 | ff74 2460 | 488f 4424 
  0x0000016727238bcc: 204c 896c | 2428 458b | 5838 418b | f341 8bc8 | 8bef 8bdf | 83c5 1c45 | 8b53 0c41 | 3bea 0f83 
  0x0000016727238bec: 000e 0000 | 4c63 df46 | 0fb6 441e | 2c45 8bc8 | 8d6f 1d41 | 3bea 0f83 | 2c0e 0000 | 8b69 3044 
  0x0000016727238c0c: 8b55 0846 | 0fb6 5c1e | 2d45 8bc3 | 41c1 e008 | 458b d845 | 0bd9 418b 

  0x0000016727238c24: ;   {metadata('java/util/zip/ZipCoder$UTF8ZipCoder')}
  0x0000016727238c24: fb41 81fa | 889f 3500 | 0f85 de0e | 0000 448d | 5b2e 458b | d344 8bde 

  0x0000016727238c3c: ;   {oop(a 'java/lang/System$2'{0x00000000e06eb8c8})}
  0x0000016727238c3c: 4d8b c348 | bac8 b86e | e000 0000 | 0045 8bca 

  0x0000016727238c4c: ;   {optimized virtual_call}
  0x0000016727238c4c: c5f8 77e8 

  0x0000016727238c50: ; ImmutableOopMap {[40]=Oop [56]=NarrowOop [60]=NarrowOop [64]=Oop [72]=Oop [80]=NarrowOop [84]=NarrowOop [88]=Oop [120]=Oop [160]=Oop }
                      ;*invokeinterface newStringUTF8NoRepl {reexecute=0 rethrow=0 return_oop=1}
                      ; - java.util.zip.ZipCoder$UTF8ZipCoder::toString@6
                      ; - java.util.zip.ZipFile::getEntryName@38
                      ; - java.util.zip.ZipFile::getManifestName@41
                      ; - java.util.zip.ZipFile$1::getManifestName@2
                      ; - java.util.jar.JarFile::maybeInstantiateVerifier@20
                      ; - java.util.jar.JarFile::ensureInitialization@1
                      ; - java.util.jar.JavaUtilJarAccessImpl::ensureInitialization@1
                      ; - jdk.internal.loader.URLClassPath$JarLoader$2::getManifest@10
                      ; - java.net.URLClassLoader::defineClass@34
                      ; - java.net.URLClassLoader$1::run@43
                      ; - java.net.URLClassLoader$1::run@1
  0x0000016727238c50: 2c62 86ff 

  0x0000016727238c54: ;   {other}
  0x0000016727238c54: 0f1f 8400 | 4420 0017 | 4885 c00f | 85af 0700 | 004c 8b6c | 2428 48ff | 7424 2048 | 8f44 2460 
  0x0000016727238c74: 4889 4424 | f88b 4424 | 3889 4424 | 6848 8b44 | 24f8 4889 | 4424 f88b | 4424 3c89 | 4424 6c48 
  0x0000016727238c94: 8b44 24f8 | 48ff 7424 | 4048 8f44 | 2420 8b74 | 2450 4c8b | 5424 5844 | 8b5c 2454 | 4c8b 4c24 
  0x0000016727238cb4: 78e9 2cf5 | ffff 458b | 4b38 8d6e | 1c41 8b49 | 0c3b e90f | 83af 0d00 | 0048 8954 | 2450 4489 
  0x0000016727238cd4: 4424 3c4c | 8954 2440 | 4889 7c24 | 288b de48 | 63fe 450f | b644 392c | 418b f045 | 8bc1 8d6b 
  0x0000016727238cf4: 1d3b e90f | 83d3 0d00 | 0041 8b6b | 308b 4d08 | 450f b654 | 392d 41c1 | e208 458b | ca44 0bce 
  0x0000016727238d14: ;   {metadata('java/util/zip/ZipCoder$UTF8ZipCoder')}
  0x0000016727238d14: 418b f981 | f988 9f35 | 000f 8535 | 0e00 0044 

  0x0000016727238d24: ;   {oop(a 'java/lang/System$2'{0x00000000e06eb8c8})}
  0x0000016727238d24: 8d53 2e48 | bac8 b86e | e000 0000 | 0045 8bca 

  0x0000016727238d34: ;   {optimized virtual_call}
  0x0000016727238d34: c5f8 77e8 

  0x0000016727238d38: ; ImmutableOopMap {[32]=Oop [40]=Oop [56]=NarrowOop [60]=NarrowOop [64]=Oop [72]=Oop [80]=Oop [104]=NarrowOop [108]=NarrowOop [136]=Oop }
                      ;*invokeinterface newStringUTF8NoRepl {reexecute=0 rethrow=0 return_oop=1}
                      ; - java.util.zip.ZipCoder$UTF8ZipCoder::toString@6
                      ; - java.util.zip.ZipFile::getEntryName@38
                      ; - java.util.zip.ZipFile::getManifestName@41
                      ; - java.util.zip.ZipFile$1::getManifestName@2
                      ; - java.util.jar.JarFile::maybeInstantiateVerifier@20
                      ; - java.util.jar.JarFile$JarFileEntry::getCodeSigners@4
                      ; - jdk.internal.loader.URLClassPath$JarLoader$2::getCodeSigners@4
                      ; - java.net.URLClassLoader::defineClass@185
                      ; - java.net.URLClassLoader$1::run@43
                      ; - java.net.URLClassLoader$1::run@1
  0x0000016727238d38: 4461 86ff 

  0x0000016727238d3c: ;   {other}
  0x0000016727238d3c: 0f1f 8400 | 2c21 0018 | 488b d84c | 8b4c 2450 | 488d 8424 | b000 0000 | 4883 3800 | 0f84 7900 
  0x0000016727238d5c: 0000 4d8b | 1141 f6c2 | 020f 8462 | 0000 0049 | 83ba 8600 | 0000 0074 | 0949 ff8a | 8600 0000 
  0x0000016727238d7c: eb4b 498b | 8296 0000 | 0049 0b82 | 8e00 0000 | 750a 49c7 | 423e 0000 | 0000 eb3d | 4983 ba9e 
  0x0000016727238d9c: 0000 0000 | 7422 4833 | c049 c742 | 3e00 0000 | 00f0 8304 | 2400 4983 | ba9e 0000 | 0000 750d 
  0x0000016727238dbc: f04d 0fb1 | 7a3e 7505 | 83c8 01eb | 0ca8 00eb | 084c 8b10 | f04d 0fb1 | 1175 0a49 | ff8f 5005 
  0x0000016727238ddc: 0000 4533 | d20f 85b9 | 0d00 0048 | 85db 0f85 | ad06 0000 | 488b 7c24 | 284c 8b54 | 2440 448b 
  0x0000016727238dfc: 4424 3ce9 | 1bf5 ffff | 8974 245c | 4489 5c24 | 5848 897c | 2450 4889 | 5424 4044 | 8944 243c 
  0x0000016727238e1c: 4489 4c24 | 3848 8b6c | 2460 4c89 

  0x0000016727238e28: ;   {metadata('java/lang/String')}
  0x0000016727238e28: 6c24 2848 | ba78 e800 | 3267 0100 | 0066 6690 

  0x0000016727238e38: ;   {runtime_call _new_instance_Java}
  0x0000016727238e38: c5f8 77e8 

  0x0000016727238e3c: ; ImmutableOopMap {[40]=Oop [56]=NarrowOop [64]=Oop [72]=Oop [80]=Oop [92]=NarrowOop [104]=NarrowOop [108]=NarrowOop }
                      ;*new {reexecute=0 rethrow=0 return_oop=1}
                      ; - java.lang.StringLatin1::newString@7
                      ; - java.lang.String::substring@41
                      ; - java.net.URLClassLoader::defineClass@28
                      ; - java.net.URLClassLoader$1::run@43
                      ; - java.net.URLClassLoader$1::run@1
  0x0000016727238e3c: c094 93ff 

  0x0000016727238e40: ;   {other}
  0x0000016727238e40: 0f1f 8400 | 3022 0019 | 4c8b 6c24 | 2848 896c | 2460 448b | 4c24 3844 | 8b44 243c | 48ff 7424 
  0x0000016727238e60: 4048 8f44 | 2438 488b | 7c24 5044 | 8b5c 2458 | 8b74 245c | 488b d8e9 | 9cea ffff | 4c89 5c24 
  0x0000016727238e80: 584c 8954 | 2450 4889 | 5c24 4089 | 7424 2448 | 8bef 4489 | 4c24 204c | 896c 2428 

  0x0000016727238e9c: ;   {metadata({type array byte})}
  0x0000016727238e9c: 48ba 1823 | 0032 6701 | 0000 6690 

  0x0000016727238ea8: ;   {runtime_call _new_array_nozero_Java}
  0x0000016727238ea8: c5f8 77e8 

  0x0000016727238eac: ; ImmutableOopMap {rbp=Oop [80]=Derived_oop_rbp [32]=NarrowOop [36]=NarrowOop [40]=Oop [56]=Oop [64]=Oop [72]=Oop [104]=NarrowOop [108]=NarrowOop }
                      ;*invokevirtual clone {reexecute=1 rethrow=0 return_oop=1}
                      ; - (reexecute) java.util.Arrays::copyOfRange@18
                      ; - java.lang.StringLatin1::newString@16
                      ; - java.lang.String::substring@41
                      ; - java.net.URLClassLoader::defineClass@28
                      ; - java.net.URLClassLoader$1::run@43
                      ; - java.net.URLClassLoader$1::run@1
  0x0000016727238eac: 50e9 93ff 

  0x0000016727238eb0: ;   {other}
  0x0000016727238eb0: 0f1f 8400 | a022 001a | 488b e8e9 | c4eb ffff | 4c89 8424 | 8800 0000 | 4889 8c24 | 8000 0000 
  0x0000016727238ed0: 4c89 5424 | 7848 895c | 2470 8974 | 245c 4489 | 5c24 5848 | 897c 2450 | 48ff 7424 | 3848 8f44 
  0x0000016727238ef0: 2440 4889 | 4424 f88b | 4424 6c89 | 4424 3c48 | 8b44 24f8 | 4889 4424 | f88b 4424 | 6889 4424 
  0x0000016727238f10: 3848 8b44 | 24f8 48ff | 7424 6048 | 8f44 2420 | 4c89 6c24 

  0x0000016727238f24: ;   {metadata({type array byte})}
  0x0000016727238f24: 2848 ba18 | 2300 3267 | 0100 0045 | 8bc3 6690 

  0x0000016727238f34: ;   {runtime_call _new_array_nozero_Java}
  0x0000016727238f34: c5f8 77e8 

  0x0000016727238f38: ; ImmutableOopMap {[40]=Oop [56]=NarrowOop [60]=NarrowOop [64]=Oop [72]=Oop [80]=Oop [120]=Derived_oop_[80] [92]=NarrowOop [112]=Oop }
                      ;*newarray {reexecute=0 rethrow=0 return_oop=1}
                      ; - java.util.Arrays::copyOfRangeByte@10
                      ; - java.util.Arrays::copyOfRange@13
                      ; - java.lang.StringLatin1::newString@16
                      ; - java.lang.String::substring@41
                      ; - java.net.URLClassLoader::defineClass@28
                      ; - java.net.URLClassLoader$1::run@43
                      ; - java.net.URLClassLoader$1::run@1
  0x0000016727238f38: c4e8 93ff 

  0x0000016727238f3c: ;   {other}
  0x0000016727238f3c: 0f1f 8400 | 2c23 001b | 4c8b 6c24 | 2848 ff74 | 2420 488f | 4424 6048 | 8944 24f8 | 8b44 2438 
  0x0000016727238f5c: 8944 2468 | 488b 4424 | f848 8944 | 24f8 8b44 | 243c 8944 | 246c 488b | 4424 f848 | ff74 2440 
  0x0000016727238f7c: 488f 4424 | 3844 8b5c | 2458 8b74 | 245c 488b | 5c24 704c | 8b54 2478 | 4c8b f048 | 8b8c 2480 
  0x0000016727238f9c: 0000 004c | 8b84 2488 | 0000 00e9 | 11ea ffff | 418b eae9 | 53e2 ffff 

  0x0000016727238fb4: ;   {metadata('java/lang/String')}
  0x0000016727238fb4: 48ba 78e8 | 0032 6701 | 0000 6690 

  0x0000016727238fc0: ;   {runtime_call _new_instance_Java}
  0x0000016727238fc0: c5f8 77e8 

  0x0000016727238fc4: ; ImmutableOopMap {[72]=Oop }
                      ;*new {reexecute=0 rethrow=0 return_oop=1}
                      ; - java.lang.StringConcatHelper::simpleConcat@17
                      ; - java.lang.String::concat@11
                      ; - java.net.URLClassLoader$1::run@13
                      ; - java.net.URLClassLoader$1::run@1
  0x0000016727238fc4: 3893 93ff 

  0x0000016727238fc8: ;   {other}
  0x0000016727238fc8: 0f1f 8400 | b823 001c | e947 f1ff | ff49 8bd6 | 4183 faff | 0f8e d4f7 | ffff 6690 | 470f be5c 
  0x0000016727238fe8: 1110 4183 | fb2e 0f84 | f407 0000 | 41ff ca41 | 83fa ff7f | e7e9 b4f7 | ffff 458b | 5510 4585 
  0x0000016727239008: d20f 8403 | f7ff ff4d | 8b5f 2849 | 8bca 4d85 | db0f 84b1 | 0900 004d | 8b57 384b | 894c 1af8 
  0x0000016727239028: 4983 c3f8 | 4d89 5f28 | e9dd f6ff | ffba f6ff | ffff 4889 | 4424 2090 

  0x0000016727239040: ;   {runtime_call UncommonTrapBlob}
  0x0000016727239040: c5f8 77e8 

  0x0000016727239044: ; ImmutableOopMap {[32]=Oop [72]=Oop }
                      ;*invokevirtual getResource {reexecute=0 rethrow=0 return_oop=0}
                      ; - java.net.URLClassLoader$1::run@26
                      ; - java.net.URLClassLoader$1::run@1
  0x0000016727239044: b8ea 86ff 

  0x0000016727239048: ;   {other}
  0x0000016727239048: 0f1f 8400 | 3824 001d | ba76 ffff | ff48 8b6c | 2448 4489 | 4c24 2044 | 8944 2428 | 4489 5c24 
  0x0000016727239068: 2c66 6690 

  0x000001672723906c: ;   {runtime_call UncommonTrapBlob}
  0x000001672723906c: c5f8 77e8 

  0x0000016727239070: ; ImmutableOopMap {rbp=Oop [32]=NarrowOop [44]=NarrowOop }
                      ;*if_icmpge {reexecute=1 rethrow=0 return_oop=0}
                      ; - (reexecute) java.lang.StringLatin1::replace@19
                      ; - java.lang.String::replace@18
                      ; - java.net.URLClassLoader$1::run@8
                      ; - java.net.URLClassLoader$1::run@1
  0x0000016727239070: 8cea 86ff 

  0x0000016727239074: ;   {other}
  0x0000016727239074: 0f1f 8400 | 6424 001e | 4963 fbe9 | 17e5 ffff | bacc ffff | ff4c 8944 | 2428 4889 | 7424 3044 
  0x0000016727239094: 894c 2440 

  0x0000016727239098: ;   {runtime_call UncommonTrapBlob}
  0x0000016727239098: c5f8 77e8 

  0x000001672723909c: ; ImmutableOopMap {rbp=Oop [40]=Oop [72]=Oop }
                      ;*invokestatic arraycopy {reexecute=0 rethrow=0 return_oop=0}
                      ; - java.lang.String::getBytes@22
                      ; - java.lang.StringConcatHelper::prepend@21
                      ; - java.lang.StringConcatHelper::simpleConcat@71
                      ; - java.lang.String::concat@11
                      ; - java.net.URLClassLoader$1::run@13
                      ; - java.net.URLClassLoader$1::run@1
  0x000001672723909c: 60ea 86ff 

  0x00000167272390a0: ;   {other}
  0x00000167272390a0: 0f1f 8400 | 9024 001f | bacc ffff | ff48 894c | 2428 4489 | 5424 3890 

  0x00000167272390b8: ;   {runtime_call UncommonTrapBlob}
  0x00000167272390b8: c5f8 77e8 

  0x00000167272390bc: ; ImmutableOopMap {rbp=Oop [40]=Oop [72]=Oop }
                      ;*invokestatic arraycopy {reexecute=0 rethrow=0 return_oop=0}
                      ; - java.lang.String::getBytes@22
                      ; - java.lang.StringConcatHelper::prepend@21
                      ; - java.lang.StringConcatHelper::simpleConcat@81
                      ; - java.lang.String::concat@11
                      ; - java.net.URLClassLoader$1::run@13
                      ; - java.net.URLClassLoader$1::run@1
  0x00000167272390bc: 40ea 86ff 

  0x00000167272390c0: ;   {other}
  0x00000167272390c0: 0f1f 8400 | b024 0020 | ba76 ffff | ff44 894c | 2428 4889 | 4c24 3044 | 8944 243c | 4489 5c24 
  0x00000167272390e0: 4066 6690 

  0x00000167272390e4: ;   {runtime_call UncommonTrapBlob}
  0x00000167272390e4: c5f8 77e8 

  0x00000167272390e8: ; ImmutableOopMap {[40]=NarrowOop [48]=Oop [64]=NarrowOop [72]=Oop }
                      ;*if_icmpge {reexecute=1 rethrow=0 return_oop=0}
                      ; - (reexecute) java.lang.StringLatin1::replace@82
                      ; - java.lang.String::replace@18
                      ; - java.net.URLClassLoader$1::run@8
                      ; - java.net.URLClassLoader$1::run@1
  0x00000167272390e8: 14ea 86ff 

  0x00000167272390ec: ;   {other}
  0x00000167272390ec: 0f1f 8400 | dc24 0021 | baf6 ffff | ff48 8944 | 2430 6690 

  0x0000016727239100: ;   {runtime_call UncommonTrapBlob}
  0x0000016727239100: c5f8 77e8 

  0x0000016727239104: ; ImmutableOopMap {[48]=Oop [72]=Oop [108]=NarrowOop }
                      ;*invokevirtual defineClass {reexecute=0 rethrow=0 return_oop=0}
                      ; - java.net.URLClassLoader$1::run@43
                      ; - java.net.URLClassLoader$1::run@1
  0x0000016727239104: f8e9 86ff 

  0x0000016727239108: ;   {other}
  0x0000016727239108: 0f1f 8400 | f824 0022 | ba45 ffff | ff48 8b6c | 2448 4c89 | 4424 4890 

  0x0000016727239120: ;   {runtime_call UncommonTrapBlob}
  0x0000016727239120: c5f8 77e8 

  0x0000016727239124: ; ImmutableOopMap {rbp=Oop [40]=Oop [56]=NarrowOop [72]=Oop [104]=NarrowOop [108]=NarrowOop }
                      ;*ifeq {reexecute=1 rethrow=0 return_oop=0}
                      ; - (reexecute) jdk.internal.loader.Resource::getByteBuffer@9
                      ; - java.net.URLClassLoader::defineClass@132
                      ; - java.net.URLClassLoader$1::run@43
                      ; - java.net.URLClassLoader$1::run@1
  0x0000016727239124: d8e9 86ff 

  0x0000016727239128: ;   {other}
  0x0000016727239128: 0f1f 8400 | 1825 0023 | bae4 ffff | ff48 ff74 | 2448 488f | 4424 204c | 896c 2440 | 4c89 4424 
  0x0000016727239148: 4844 894c | 2454 6690 

  0x0000016727239150: ;   {runtime_call UncommonTrapBlob}
  0x0000016727239150: c5f8 77e8 

  0x0000016727239154: ; ImmutableOopMap {[32]=Oop [40]=Oop [64]=Oop [84]=NarrowOop [104]=NarrowOop [108]=NarrowOop [136]=Oop }
                      ;*invokestatic checkIndex {reexecute=0 rethrow=0 return_oop=0}
                      ; - java.nio.Buffer::checkIndex@8
                      ; - java.nio.DirectLongBufferU::get@11
                      ; - jdk.internal.perf.PerfCounter::get@5
                      ; - jdk.internal.perf.PerfCounter::add@1
                      ; - jdk.internal.perf.PerfCounter::addElapsedTimeFrom@6
                      ; - java.net.URLClassLoader::defineClass@207
                      ; - java.net.URLClassLoader$1::run@43
                      ; - java.net.URLClassLoader$1::run@1
  0x0000016727239154: a8e9 86ff 

  0x0000016727239158: ;   {other}
  0x0000016727239158: 0f1f 8400 | 4825 0024 | ba76 ffff | ff48 8b6c | 2448 4489 | 4c24 2044 | 8954 2428 | 4c89 6c24 
  0x0000016727239178: 4866 6690 

  0x000001672723917c: ;   {runtime_call UncommonTrapBlob}
  0x000001672723917c: c5f8 77e8 

  0x0000016727239180: ; ImmutableOopMap {rbp=Oop [32]=NarrowOop [72]=Oop [104]=NarrowOop [108]=NarrowOop }
                      ;*iflt {reexecute=1 rethrow=0 return_oop=0}
                      ; - (reexecute) java.lang.StringLatin1::lastIndexOf@19
                      ; - java.lang.String::lastIndexOf@13
                      ; - java.lang.String::lastIndexOf@8
                      ; - java.net.URLClassLoader::defineClass@7
                      ; - java.net.URLClassLoader$1::run@43
                      ; - java.net.URLClassLoader$1::run@1
  0x0000016727239180: 7ce9 86ff 

  0x0000016727239184: ;   {other}
  0x0000016727239184: 0f1f 8400 | 7425 0025 | 4c89 4424 | 3049 8bed 

  0x0000016727239194: ;   {oop(a 'jdk/internal/perf/PerfCounter'{0x00000000e09cb838})}
  0x0000016727239194: 48ba 38b8 | 9ce0 0000 | 0000 4c8d | 8424 b000 | 0000 6690 

  0x00000167272391a8: ;   {runtime_call _complete_monitor_locking_Java}
  0x00000167272391a8: c5f8 77e8 

  0x00000167272391ac: ; ImmutableOopMap {rbp=Oop [32]=Oop [40]=Oop [72]=Oop [104]=NarrowOop [108]=NarrowOop [136]=Oop }
                      ;*synchronization entry
                      ; - jdk.internal.perf.PerfCounter::add@-1
                      ; - jdk.internal.perf.PerfCounter::addElapsedTimeFrom@6
                      ; - java.net.URLClassLoader::defineClass@207
                      ; - java.net.URLClassLoader$1::run@43
                      ; - java.net.URLClassLoader$1::run@1
  0x00000167272391ac: d016 94ff 

  0x00000167272391b0: ;   {other}
  0x00000167272391b0: 0f1f 8400 | a025 0026 | 4c8b ed4c | 8b44 2430 | e9eb edff | ffba ccff | ffff 48ff | 7424 4848 
  0x00000167272391d0: 8f44 2420 | 4c89 6c24 | 404c 8944 | 2448 4489 | 4c24 5490 

  0x00000167272391e4: ;   {runtime_call UncommonTrapBlob}
  0x00000167272391e4: c5f8 77e8 

  0x00000167272391e8: ; ImmutableOopMap {[32]=Oop [40]=Oop [64]=Oop [84]=NarrowOop [104]=NarrowOop [108]=NarrowOop [136]=Oop }
                      ;*invokestatic checkIndex {reexecute=0 rethrow=0 return_oop=0}
                      ; - java.nio.Buffer::checkIndex@8
                      ; - java.nio.DirectLongBufferU::get@11
                      ; - jdk.internal.perf.PerfCounter::get@5
                      ; - jdk.internal.perf.PerfCounter::add@1
                      ; - jdk.internal.perf.PerfCounter::addElapsedTimeFrom@6
                      ; - java.net.URLClassLoader::defineClass@207
                      ; - java.net.URLClassLoader$1::run@43
                      ; - java.net.URLClassLoader$1::run@1
  0x00000167272391e8: 14e9 86ff 

  0x00000167272391ec: ;   {other}
  0x00000167272391ec: 0f1f 8400 | dc25 0027 

  0x00000167272391f4: ;   {oop(a 'jdk/internal/perf/PerfCounter'{0x00000000e09cb838})}
  0x00000167272391f4: 48b9 38b8 | 9ce0 0000 | 0000 488d | 9424 b000 | 0000 4d8b | c7c5 f877 | 49ba b0cf | 683b fd7f 
  0x0000016727239214: 0000 41ff 

  0x0000016727239218: ;   {other}
  0x0000016727239218: d20f 1f84 | 0000 0000 | 00e9 64ee | ffff ba6e | ffff ff48 | 8b6c 2448 | 4489 4c24 | 2044 8954 
  0x0000016727239238: 2428 4c89 | 6c24 4890 

  0x0000016727239240: ;   {runtime_call UncommonTrapBlob}
  0x0000016727239240: c5f8 77e8 

  0x0000016727239244: ; ImmutableOopMap {rbp=Oop [32]=NarrowOop [72]=Oop [104]=NarrowOop [108]=NarrowOop }
                      ;*iflt {reexecute=1 rethrow=0 return_oop=0}
                      ; - (reexecute) java.lang.StringLatin1::lastIndexOf@19
                      ; - java.lang.String::lastIndexOf@13
                      ; - java.lang.String::lastIndexOf@8
                      ; - java.net.URLClassLoader::defineClass@7
                      ; - java.net.URLClassLoader$1::run@43
                      ; - java.net.URLClassLoader$1::run@1
  0x0000016727239244: b8e8 86ff 

  0x0000016727239248: ;   {other}
  0x0000016727239248: 0f1f 8400 | 3826 0028 | bade ffff | ff48 8b6c | 2448 4c89 | 6c24 3889 | 7424 404c | 896c 2450 
  0x0000016727239268: ;   {runtime_call UncommonTrapBlob}
  0x0000016727239268: c5f8 77e8 

  0x000001672723926c: ; ImmutableOopMap {rbp=Oop [56]=Oop [64]=NarrowOop [80]=Oop [104]=NarrowOop [108]=NarrowOop [160]=Oop }
                      ;*invokevirtual getManifest {reexecute=0 rethrow=0 return_oop=0}
                      ; - java.net.URLClassLoader::defineClass@34
                      ; - java.net.URLClassLoader$1::run@43
                      ; - java.net.URLClassLoader$1::run@1
  0x000001672723926c: 90e8 86ff 

  0x0000016727239270: ;   {other}
  0x0000016727239270: 0f1f 8400 | 6026 0029 | bade ffff | ff48 8b6c | 2448 4c89 | 6c24 2089 | 7424 404c | 8954 2450 
  0x0000016727239290: 4489 4c24 | 4444 895c | 2458 6690 

  0x000001672723929c: ;   {runtime_call UncommonTrapBlob}
  0x000001672723929c: c5f8 77e8 

  0x00000167272392a0: ; ImmutableOopMap {rbp=Oop [32]=Oop [64]=NarrowOop [68]=NarrowOop [80]=Oop [88]=NarrowOop [104]=NarrowOop [108]=NarrowOop [160]=Oop }
                      ;*invokeinterface ensureInitialization {reexecute=0 rethrow=0 return_oop=0}
                      ; - jdk.internal.loader.URLClassPath$JarLoader$2::getManifest@10
                      ; - java.net.URLClassLoader::defineClass@34
                      ; - java.net.URLClassLoader$1::run@43
                      ; - java.net.URLClassLoader$1::run@1
  0x00000167272392a0: 5ce8 86ff 

  0x00000167272392a4: ;   {other}
  0x00000167272392a4: 0f1f 8400 | 9426 002a | 4c89 4c24 | 7889 4c24 | 7044 895c | 2454 4c89 | 5424 5889 | 7424 5048 
  0x00000167272392c4: 8954 2440 | 4889 4424 | f88b 4424 | 6c89 4424 | 3c48 8b44 | 24f8 4889 | 4424 f88b | 4424 6889 
  0x00000167272392e4: 4424 3848 | 8b44 24f8 | 48ff 7424 | 6048 8f44 | 2428 4c89 | 6c24 2048 | 8b6c 2448 | 498b d14c 
  0x0000016727239304: 8d84 24b0 | 0000 004c | 8954 2448 

  0x0000016727239310: ;   {runtime_call _complete_monitor_locking_Java}
  0x0000016727239310: c5f8 77e8 

  0x0000016727239314: ; ImmutableOopMap {rbp=Oop [32]=Oop [56]=NarrowOop [60]=NarrowOop [64]=Oop [72]=Oop [80]=NarrowOop [84]=NarrowOop [88]=Oop [120]=Oop [160]=Oop }
                      ;*synchronization entry
                      ; - java.util.jar.JarFile::ensureInitialization@-1
                      ; - java.util.jar.JavaUtilJarAccessImpl::ensureInitialization@1
                      ; - jdk.internal.loader.URLClassPath$JarLoader$2::getManifest@10
                      ; - java.net.URLClassLoader::defineClass@34
                      ; - java.net.URLClassLoader$1::run@43
                      ; - java.net.URLClassLoader$1::run@1
  0x0000016727239314: 6815 94ff 

  0x0000016727239318: ;   {other}
  0x0000016727239318: 0f1f 8400 | 0827 002b | 4889 6c24 | 484c 8b6c | 2420 48ff | 7424 2848 | 8f44 2460 | 4889 4424 
  0x0000016727239338: f88b 4424 | 3889 4424 | 6848 8b44 | 24f8 4889 | 4424 f88b | 4424 3c89 | 4424 6c48 | 8b44 24f8 
  0x0000016727239358: 48ff 7424 | 4048 8f44 | 2420 8b74 | 2450 4c8b | 5424 5844 | 8b5c 2454 | 8b4c 2470 | 4c8b 4c24 
  0x0000016727239378: 78e9 4ce8 | ffff 4c89 | 5424 3889 | 7424 2848 | 8b74 2460 | 498b c948 | 8d94 24b0 | 0000 004d 
  0x0000016727239398: 8bc7 c5f8 | 7749 bab0 | cf68 3bfd | 7f00 0041 

  0x00000167272393a8: ;   {other}
  0x00000167272393a8: ffd2 0f1f | 8400 0000 | 0000 4889 | 7424 608b | 7424 284c | 8b54 2438 | e9be e8ff | ffba deff 
  0x00000167272393c8: ffff 48ff | 7424 4848 | 8f44 2420 | 4c89 6c24 | 284c 8954 | 2440 8974 | 2448 6690 

  0x00000167272393e4: ;   {runtime_call UncommonTrapBlob}
  0x00000167272393e4: c5f8 77e8 

  0x00000167272393e8: ; ImmutableOopMap {rbp=NarrowOop [32]=Oop [40]=Oop [64]=Oop [72]=NarrowOop [104]=NarrowOop [108]=NarrowOop [160]=Oop }
                      ;*invokevirtual getManifest {reexecute=0 rethrow=0 return_oop=0}
                      ; - jdk.internal.loader.URLClassPath$JarLoader$2::getManifest@22
                      ; - java.net.URLClassLoader::defineClass@34
                      ; - java.net.URLClassLoader$1::run@43
                      ; - java.net.URLClassLoader$1::run@1
  0x00000167272393e8: 14e7 86ff 

  0x00000167272393ec: ;   {other}
  0x00000167272393ec: 0f1f 8400 | dc27 002c | bade ffff | ff48 ff74 | 2448 488f | 4424 2090 

  0x0000016727239404: ;   {runtime_call UncommonTrapBlob}
  0x0000016727239404: c5f8 77e8 

  0x0000016727239408: ; ImmutableOopMap {rbp=NarrowOop [32]=Oop [40]=Oop [56]=NarrowOop [104]=NarrowOop [108]=NarrowOop [136]=Oop }
                      ;*invokevirtual getCodeSigners {reexecute=0 rethrow=0 return_oop=0}
                      ; - jdk.internal.loader.URLClassPath$JarLoader$2::getCodeSigners@4
                      ; - java.net.URLClassLoader::defineClass@185
                      ; - java.net.URLClassLoader$1::run@43
                      ; - java.net.URLClassLoader$1::run@1
  0x0000016727239408: f4e6 86ff 

  0x000001672723940c: ;   {other}
  0x000001672723940c: 0f1f 8400 | fc27 002d | 448b 5c24 

  0x0000016727239418: ;   {metadata('java/util/jar/JarFile')}
  0x0000016727239418: 7041 81fb | 8012 1900 | 0f85 ab07 | 0000 488b | 5424 7848 | ff74 2478 | 488f 4424 | 7066 6690 
  0x0000016727239438: ;   {optimized virtual_call}
  0x0000016727239438: c5f8 77e8 

  0x000001672723943c: ; ImmutableOopMap {[40]=Oop [56]=NarrowOop [60]=NarrowOop [64]=Oop [72]=Oop [80]=NarrowOop [84]=NarrowOop [88]=Oop [112]=Oop [120]=Oop [160]=Oop }
                      ;*invokevirtual getManifestFromReference {reexecute=0 rethrow=0 return_oop=1}
                      ; - java.util.jar.JarFile::getManifest@1
                      ; - java.util.jar.JarFile::maybeInstantiateVerifier@31
                      ; - java.util.jar.JarFile::ensureInitialization@1
                      ; - java.util.jar.JavaUtilJarAccessImpl::ensureInitialization@1
                      ; - jdk.internal.loader.URLClassPath$JarLoader$2::getManifest@10
                      ; - java.net.URLClassLoader::defineClass@34
                      ; - java.net.URLClassLoader$1::run@43
                      ; - java.net.URLClassLoader$1::run@1
  0x000001672723943c: 405a 86ff 

  0x0000016727239440: ;   {other}
  0x0000016727239440: 0f1f 8400 | 3028 002e | 4c8b 6c24 | 2848 ff74 | 2420 488f | 4424 6048 | 8944 24f8 | 8b44 2438 
  0x0000016727239460: 8944 2468 | 488b 4424 | f848 8944 | 24f8 8b44 | 243c 8944 | 246c 488b | 4424 f848 | ff74 2440 
  0x0000016727239480: 488f 4424 | 208b 7424 | 504c 8b54 | 2458 448b | 5c24 544c | 8b4c 2470 | e941 e7ff | ff44 8b5c 
  0x00000167272394a0: 243c 458b 

  0x00000167272394a4: ;   {metadata('java/util/jar/JarFile')}
  0x00000167272394a4: 4308 4181 | f880 1219 | 000f 856d | 0700 0049 | 8bd1 6690 

  0x00000167272394b8: ;   {optimized virtual_call}
  0x00000167272394b8: c5f8 77e8 

  0x00000167272394bc: ; ImmutableOopMap {[32]=Oop [40]=Oop [56]=NarrowOop [64]=Oop [72]=Oop [104]=NarrowOop [108]=NarrowOop [136]=Oop }
                      ;*invokevirtual getManifestFromReference {reexecute=0 rethrow=0 return_oop=1}
                      ; - java.util.jar.JarFile::getManifest@1
                      ; - java.util.jar.JarFile::maybeInstantiateVerifier@31
                      ; - java.util.jar.JarFile$JarFileEntry::getCodeSigners@4
                      ; - jdk.internal.loader.URLClassPath$JarLoader$2::getCodeSigners@4
                      ; - java.net.URLClassLoader::defineClass@185
                      ; - java.net.URLClassLoader$1::run@43
                      ; - java.net.URLClassLoader$1::run@1
  0x00000167272394bc: c059 86ff 

  0x00000167272394c0: ;   {other}
  0x00000167272394c0: 0f1f 8400 | b028 002f | 488b 7c24 | 284c 8b54 | 2440 e94a | e9ff ff33 | ed45 85d2 | 400f 94c5 
  0x00000167272394e0: ba45 ffff | ff44 895c | 2428 6690 

  0x00000167272394ec: ;   {runtime_call UncommonTrapBlob}
  0x00000167272394ec: c5f8 77e8 

  0x00000167272394f0: ; ImmutableOopMap {[40]=NarrowOop [72]=Oop }
                      ;*ifeq {reexecute=1 rethrow=0 return_oop=0}
                      ; - (reexecute) java.lang.String::replace@9
                      ; - java.net.URLClassLoader$1::run@8
                      ; - java.net.URLClassLoader$1::run@1
  0x00000167272394f0: 0ce6 86ff 

  0x00000167272394f4: ;   {other}
  0x00000167272394f4: 0f1f 8400 | e428 0030 | ba76 ffff | ff44 894c | 2428 4489 | 4424 2c48 | 894c 2430 | 4489 5c24 
  0x0000016727239514: 3c66 6690 

  0x0000016727239518: ;   {runtime_call UncommonTrapBlob}
  0x0000016727239518: c5f8 77e8 

  0x000001672723951c: ; ImmutableOopMap {[40]=NarrowOop [48]=Oop [60]=NarrowOop [72]=Oop }
                      ;*if_icmpge {reexecute=1 rethrow=0 return_oop=0}
                      ; - (reexecute) java.lang.StringLatin1::replace@61
                      ; - java.lang.String::replace@18
                      ; - java.net.URLClassLoader$1::run@8
                      ; - java.net.URLClassLoader$1::run@1
  0x000001672723951c: e0e5 86ff 

  0x0000016727239520: ;   {other}
  0x0000016727239520: 0f1f 8400 | 1029 0031 | ba45 ffff | ff4c 8944 | 2420 4489 | 4c24 2890 

  0x0000016727239538: ;   {runtime_call UncommonTrapBlob}
  0x0000016727239538: c5f8 77e8 

  0x000001672723953c: ; ImmutableOopMap {[32]=Oop [72]=Oop }
                      ;*iflt {reexecute=1 rethrow=0 return_oop=0}
                      ; - (reexecute) java.lang.StringConcatHelper::checkOverflow@2
                      ; - java.lang.StringConcatHelper::mix@23
                      ; - java.lang.StringConcatHelper::simpleConcat@46
                      ; - java.lang.String::concat@11
                      ; - java.net.URLClassLoader$1::run@13
                      ; - java.net.URLClassLoader$1::run@1
  0x000001672723953c: c0e5 86ff 

  0x0000016727239540: ;   {other}
  0x0000016727239540: 0f1f 8400 | 3029 0032 | ba45 ffff | ff4c 8944 | 2428 6690 

  0x0000016727239554: ;   {runtime_call UncommonTrapBlob}
  0x0000016727239554: c5f8 77e8 

  0x0000016727239558: ; ImmutableOopMap {[40]=Oop [72]=Oop }
                      ;*iflt {reexecute=1 rethrow=0 return_oop=0}
                      ; - (reexecute) java.lang.StringConcatHelper::checkOverflow@2
                      ; - java.lang.StringConcatHelper::mix@23
                      ; - java.lang.StringConcatHelper::simpleConcat@54
                      ; - java.lang.String::concat@11
                      ; - java.net.URLClassLoader$1::run@13
                      ; - java.net.URLClassLoader$1::run@1
  0x0000016727239558: a4e5 86ff 

  0x000001672723955c: ;   {other}
  0x000001672723955c: 0f1f 8400 | 4c29 0033 | ba45 ffff | ff4c 8944 | 2420 4889 | 7424 2889 | 5c24 3090 

  0x0000016727239578: ;   {runtime_call UncommonTrapBlob}
  0x0000016727239578: c5f8 77e8 

  0x000001672723957c: ; ImmutableOopMap {[32]=Oop [72]=Oop }
                      ;*if_icmpne {reexecute=1 rethrow=0 return_oop=0}
                      ; - (reexecute) java.lang.StringConcatHelper::mix@13
                      ; - java.lang.StringConcatHelper::simpleConcat@46
                      ; - java.lang.String::concat@11
                      ; - java.net.URLClassLoader$1::run@13
                      ; - java.net.URLClassLoader$1::run@1
  0x000001672723957c: 80e5 86ff 

  0x0000016727239580: ;   {other}
  0x0000016727239580: 0f1f 8400 | 7029 0034 | ba45 ffff | ff4c 8944 | 2420 4889 | 4424 2844 | 895c 2430 

  0x000001672723959c: ;   {runtime_call UncommonTrapBlob}
  0x000001672723959c: c5f8 77e8 

  0x00000167272395a0: ; ImmutableOopMap {[32]=Oop [72]=Oop }
                      ;*ifge {reexecute=1 rethrow=0 return_oop=0}
                      ; - (reexecute) java.lang.StringConcatHelper::newArray@13
                      ; - java.lang.StringConcatHelper::simpleConcat@61
                      ; - java.lang.String::concat@11
                      ; - java.net.URLClassLoader$1::run@13
                      ; - java.net.URLClassLoader$1::run@1
  0x00000167272395a0: 5ce5 86ff 

  0x00000167272395a4: ;   {other}
  0x00000167272395a4: 0f1f 8400 | 9429 0035 | 33ed 4585 | db40 0f94 | c5ba 45ff | ffff 48ff | 7424 4848 | 8f44 2420 
  0x00000167272395c4: 4c89 6c24 | 4044 8954 | 2448 897c | 244c 6690 

  0x00000167272395d4: ;   {runtime_call UncommonTrapBlob}
  0x00000167272395d4: c5f8 77e8 

  0x00000167272395d8: ; ImmutableOopMap {[32]=Oop [64]=Oop [72]=NarrowOop [104]=NarrowOop [108]=NarrowOop }
                      ;*ifeq {reexecute=1 rethrow=0 return_oop=0}
                      ; - (reexecute) java.lang.String::lastIndexOf@4
                      ; - java.lang.String::lastIndexOf@8
                      ; - java.net.URLClassLoader::defineClass@7
                      ; - java.net.URLClassLoader$1::run@43
                      ; - java.net.URLClassLoader$1::run@1
  0x00000167272395d8: 24e5 86ff 

  0x00000167272395dc: ;   {other}
  0x00000167272395dc: 0f1f 8400 | cc29 0036 | 498b d7c5 | f877 49ba | f0a0 273b | fd7f 0000 

  0x00000167272395f4: ;   {other}
  0x00000167272395f4: 41ff d20f | 1f84 0000 | 0000 00e9 | d1e8 ffff | ba45 ffff | ff48 8b6c | 2448 4489 | 5c24 2444 
  0x0000016727239614: 895c 2428 | 4c89 6c24 | 4889 7424 | 4489 4c24 | 5866 6690 

  0x0000016727239628: ;   {runtime_call UncommonTrapBlob}
  0x0000016727239628: c5f8 77e8 

  0x000001672723962c: ; ImmutableOopMap {rbp=Oop [68]=NarrowOop [72]=Oop [104]=NarrowOop [108]=NarrowOop }
                      ;*if_icmpgt {reexecute=1 rethrow=0 return_oop=0}
                      ; - (reexecute) jdk.internal.util.Preconditions::checkFromToIndex@6
                      ; - java.lang.String::checkBoundsBeginEnd@6
                      ; - java.lang.String::substring@8
                      ; - java.net.URLClassLoader::defineClass@28
                      ; - java.net.URLClassLoader$1::run@43
                      ; - java.net.URLClassLoader$1::run@1
  0x000001672723962c: d0e4 86ff 

  0x0000016727239630: ;   {other}
  0x0000016727239630: 0f1f 8400 | 202a 0037 | ba45 ffff | ff48 8b6c | 2448 4889 | 7c24 2048 | 8944 2448 | 4489 5c24 
  0x0000016727239650: 5466 6690 

  0x0000016727239654: ;   {runtime_call UncommonTrapBlob}
  0x0000016727239654: c5f8 77e8 

  0x0000016727239658: ; ImmutableOopMap {rbp=Oop [32]=Oop [72]=Oop [84]=NarrowOop [96]=Oop [104]=NarrowOop [108]=NarrowOop [136]=Oop }
                      ;*ifnull {reexecute=1 rethrow=0 return_oop=0}
                      ; - (reexecute) java.security.CodeSource::<init>@25
                      ; - java.net.URLClassLoader::defineClass@198
                      ; - java.net.URLClassLoader$1::run@43
                      ; - java.net.URLClassLoader$1::run@1
  0x0000016727239658: a4e4 86ff 

  0x000001672723965c: ;   {other}
  0x000001672723965c: 0f1f 8400 | 4c2a 0038 | ba45 ffff | ff48 ff74 | 2448 488f | 4424 204c | 896c 2440 | 4c89 4424 
  0x000001672723967c: 4844 894c | 2454 6690 

  0x0000016727239684: ;   {runtime_call UncommonTrapBlob}
  0x0000016727239684: c5f8 77e8 

  0x0000016727239688: ; ImmutableOopMap {rbp=NarrowOop [32]=Oop [40]=Oop [64]=Oop [84]=NarrowOop [104]=NarrowOop [108]=NarrowOop [136]=Oop }
                      ;*ifnull {reexecute=1 rethrow=0 return_oop=0}
                      ; - (reexecute) java.nio.Buffer::session@4
                      ; - java.nio.DirectLongBufferU::get@4
                      ; - jdk.internal.perf.PerfCounter::get@5
                      ; - jdk.internal.perf.PerfCounter::add@1
                      ; - jdk.internal.perf.PerfCounter::addElapsedTimeFrom@6
                      ; - java.net.URLClassLoader::defineClass@207
                      ; - java.net.URLClassLoader$1::run@43
                      ; - java.net.URLClassLoader$1::run@1
  0x0000016727239688: 74e4 86ff 

  0x000001672723968c: ;   {other}
  0x000001672723968c: 0f1f 8400 | 7c2a 0039 | ba45 ffff | ff48 8b6c | 2448 4489 | 5c24 2444 | 895c 2428 | 4c89 6c24 
  0x00000167272396ac: 4889 7424 | 4489 4c24 | 5889 4c24 | 5c66 6690 

  0x00000167272396bc: ;   {runtime_call UncommonTrapBlob}
  0x00000167272396bc: c5f8 77e8 

  0x00000167272396c0: ; ImmutableOopMap {rbp=Oop [68]=NarrowOop [72]=Oop [104]=NarrowOop [108]=NarrowOop }
                      ;*if_icmple {reexecute=1 rethrow=0 return_oop=0}
                      ; - (reexecute) jdk.internal.util.Preconditions::checkFromToIndex@11
                      ; - java.lang.String::checkBoundsBeginEnd@6
                      ; - java.lang.String::substring@8
                      ; - java.net.URLClassLoader::defineClass@28
                      ; - java.net.URLClassLoader$1::run@43
                      ; - java.net.URLClassLoader$1::run@1
  0x00000167272396c0: 3ce4 86ff 

  0x00000167272396c4: ;   {other}
  0x00000167272396c4: 0f1f 8400 | b42a 003a | ba45 ffff | ff48 ff74 | 2448 488f | 4424 2048 | 897c 2428 | 4c89 5424 
  0x00000167272396e4: 5066 6690 

  0x00000167272396e8: ;   {runtime_call UncommonTrapBlob}
  0x00000167272396e8: c5f8 77e8 

  0x00000167272396ec: ; ImmutableOopMap {rbp=NarrowOop [32]=Oop [40]=Oop [56]=NarrowOop [80]=Oop [104]=NarrowOop [108]=NarrowOop [136]=Oop }
                      ;*ifnull {reexecute=1 rethrow=0 return_oop=0}
                      ; - (reexecute) java.util.jar.JarFile$JarFileEntry::getCodeSigners@34
                      ; - jdk.internal.loader.URLClassPath$JarLoader$2::getCodeSigners@4
                      ; - java.net.URLClassLoader::defineClass@185
                      ; - java.net.URLClassLoader$1::run@43
                      ; - java.net.URLClassLoader$1::run@1
  0x00000167272396ec: 10e4 86ff 

  0x00000167272396f0: ;   {other}
  0x00000167272396f0: 0f1f 8400 | e02a 003b | 4c89 7424 | 5048 895c | 2440 8974 | 2428 488b | 7424 6049 | 8bd7 c5f8 
  0x0000016727239710: 7749 baf0 | a027 3bfd | 7f00 0041 

  0x000001672723971c: ;   {other}
  0x000001672723971c: ffd2 0f1f | 8400 0000 | 0000 4889 | 7424 608b | 7424 2848 | 8b5c 2440 | 4c8b 7424 | 50e9 93e3 
  0x000001672723973c: ffff 4963 | cbe9 efe1 | ffff 4883 | c1fe 498b | f948 33c0 | 4883 f908 | 7f10 48ff | c978 5648 
  0x000001672723975c: 8904 cf48 | ffc9 7df7 | eb4b c5fd | efc0 e90d | 0000 00c5 | fe7f 07c5 | fe7f 4720 | 4883 c740 
  0x000001672723977c: 4883 e908 | 7ded 4883 | c104 7c0c | c5fe 7f07 | 4883 c720 | 4883 e904 | 4883 c104 | 7e17 48c7 
  0x000001672723979c: c0ff ffff | ffc4 e2f0 | f5c0 c4e1 | fb92 f862 | f1fe 2f7f | 07e9 49e2 | ffff bacc | ffff ff48 
  0x00000167272397bc: 8b6c 2448 | 4489 4c24 | 2044 895c | 2428 4c89 | 6c24 4889 | 7424 4448 | 895c 2458 

  0x00000167272397d8: ;   {runtime_call UncommonTrapBlob}
  0x00000167272397d8: c5f8 77e8 

  0x00000167272397dc: ; ImmutableOopMap {rbp=Oop [32]=NarrowOop [68]=NarrowOop [72]=Oop [88]=Oop [104]=NarrowOop [108]=NarrowOop }
                      ;*newarray {reexecute=1 rethrow=0 return_oop=0}
                      ; - (reexecute) java.util.Arrays::copyOfRangeByte@10
                      ; - java.util.Arrays::copyOfRange@13
                      ; - java.lang.StringLatin1::newString@16
                      ; - java.lang.String::substring@41
                      ; - java.net.URLClassLoader::defineClass@28
                      ; - java.net.URLClassLoader$1::run@43
                      ; - java.net.URLClassLoader$1::run@1
  0x00000167272397dc: 20e3 86ff 

  0x00000167272397e0: ;   {other}
  0x00000167272397e0: 0f1f 8400 | d02b 003c | 458b dae9 | 8fe0 ffff | 4c89 4c24 | 4044 8944 | 243c 4889 

  0x00000167272397fc: ;   {metadata('java/security/CodeSigner'[])}
  0x00000167272397fc: 7c24 2848 | ba00 8b5c | 3367 0100 | 0044 8bc1 

  0x000001672723980c: ;   {runtime_call _new_array_Java}
  0x000001672723980c: c5f8 77e8 

  0x0000016727239810: ; ImmutableOopMap {rbp=Oop [32]=Oop [40]=Oop [56]=NarrowOop [60]=NarrowOop [72]=Oop [104]=NarrowOop [108]=NarrowOop [136]=Oop }
                      ;*invokevirtual clone {reexecute=1 rethrow=0 return_oop=1}
                      ; - (reexecute) java.util.jar.JarFile$JarFileEntry::getCodeSigners@70
                      ; - jdk.internal.loader.URLClassPath$JarLoader$2::getCodeSigners@4
                      ; - java.net.URLClassLoader::defineClass@185
                      ; - java.net.URLClassLoader$1::run@43
                      ; - java.net.URLClassLoader$1::run@1
  0x0000016727239810: ecdc 93ff 

  0x0000016727239814: ;   {other}
  0x0000016727239814: 0f1f 8400 | 042c 003d | 488b 7c24 | 2844 8b44 | 243c 4c8b | 4c24 4048 | 8bd8 e9f8 | edff ff48 
  0x0000016727239834: 8bef 4c89 | 6c24 4048 | ff74 2460 | 488f 4424 

  0x0000016727239844: ;   {metadata('java/security/CodeSigner'[])}
  0x0000016727239844: 3848 ba00 | 8b5c 3367 | 0100 0045 | 8bc1 6690 

  0x0000016727239854: ;   {runtime_call _new_array_Java}
  0x0000016727239854: c5f8 77e8 

  0x0000016727239858: ; ImmutableOopMap {[32]=Oop [40]=Oop [56]=Oop [64]=Oop [72]=Oop [104]=NarrowOop [108]=NarrowOop [136]=Oop }
                      ;*invokevirtual clone {reexecute=1 rethrow=0 return_oop=1}
                      ; - (reexecute) java.security.CodeSource::<init>@42
                      ; - java.net.URLClassLoader::defineClass@198
                      ; - java.net.URLClassLoader$1::run@43
                      ; - java.net.URLClassLoader$1::run@1
  0x0000016727239858: a4dc 93ff 

  0x000001672723985c: ;   {other}
  0x000001672723985c: 0f1f 8400 | 4c2c 003e | 4c8b 4424 | 384c 8b6c | 2440 488b | fd48 8bd8 | e95d eeff | ff48 8954 
  0x000001672723987c: 2440 4489 | 4424 3c4c | 8954 2428 | 488b ef4c | 8d84 24b0 | 0000 0090 

  0x0000016727239894: ;   {runtime_call _complete_monitor_locking_Java}
  0x0000016727239894: c5f8 77e8 

  0x0000016727239898: ; ImmutableOopMap {rbp=Oop [32]=Oop [40]=Oop [56]=NarrowOop [60]=NarrowOop [64]=Oop [72]=Oop [104]=NarrowOop [108]=NarrowOop [136]=Oop }
                      ;*monitorenter {reexecute=0 rethrow=0 return_oop=0}
                      ; - java.util.zip.ZipFile::getManifestName@3
                      ; - java.util.zip.ZipFile$1::getManifestName@2
                      ; - java.util.jar.JarFile::maybeInstantiateVerifier@20
                      ; - java.util.jar.JarFile$JarFileEntry::getCodeSigners@4
                      ; - jdk.internal.loader.URLClassPath$JarLoader$2::getCodeSigners@4
                      ; - java.net.URLClassLoader::defineClass@185
                      ; - java.net.URLClassLoader$1::run@43
                      ; - java.net.URLClassLoader$1::run@1
  0x0000016727239898: e40f 94ff 

  0x000001672723989c: ;   {other}
  0x000001672723989c: 0f1f 8400 | 8c2c 003f | 488b fd4c | 8b54 2428 | 448b 4424 | 3c48 8b54 | 2440 e9a2 | e9ff ff41 
  0x00000167272398bc: 8be8 498b | f248 8bca | 488d 9424 | b000 0000 | 4d8b c7c5 | f877 49ba | b0cf 683b | fd7f 0000 
  0x00000167272398dc: ;   {other}
  0x00000167272398dc: 41ff d20f | 1f84 0000 | 0000 004c | 8bd6 448b | c5e9 2dea | ffff ba45 | ffff ff48 | ff74 2448 
  0x00000167272398fc: 488f 4424 | 204c 896c | 2428 4889 | 4424 f88b | 4424 6889 | 4424 3848 | 8b44 24f8 | 4889 4424 
  0x000001672723991c: f88b 4424 | 6c89 4424 | 3c48 8b44 | 24f8 8974 | 2448 4c89 | 5424 5844 | 895c 2460 | 4489 5c24 
  0x000001672723993c: 6466 6690 

  0x0000016727239940: ;   {runtime_call UncommonTrapBlob}
  0x0000016727239940: c5f8 77e8 

  0x0000016727239944: ; ImmutableOopMap {[32]=Oop [40]=Oop [56]=NarrowOop [60]=NarrowOop [72]=NarrowOop [88]=Oop [96]=NarrowOop [100]=NarrowOop [160]=Oop }
                      ;*ifeq {reexecute=1 rethrow=0 return_oop=0}
                      ; - (reexecute) java.util.zip.ZipFile::ensureOpen@4
                      ; - java.util.zip.ZipFile::getManifestName@5
                      ; - java.util.zip.ZipFile$1::getManifestName@2
                      ; - java.util.jar.JarFile::maybeInstantiateVerifier@20
                      ; - java.util.jar.JarFile::ensureInitialization@1
                      ; - java.util.jar.JavaUtilJarAccessImpl::ensureInitialization@1
                      ; - jdk.internal.loader.URLClassPath$JarLoader$2::getManifest@10
                      ; - java.net.URLClassLoader::defineClass@34
                      ; - java.net.URLClassLoader$1::run@43
                      ; - java.net.URLClassLoader$1::run@1
  0x0000016727239944: b8e1 86ff 

  0x0000016727239948: ;   {other}
  0x0000016727239948: 0f1f 8400 | 382d 0040 | ba45 ffff | ff48 ff74 | 2448 488f | 4424 2048 | 897c 2428 | 4c89 5424 
  0x0000016727239968: 5044 8944 | 2458 4489 | 4424 5c90 

  0x0000016727239974: ;   {runtime_call UncommonTrapBlob}
  0x0000016727239974: c5f8 77e8 

  0x0000016727239978: ; ImmutableOopMap {[32]=Oop [40]=Oop [56]=NarrowOop [80]=Oop [88]=NarrowOop [92]=NarrowOop [104]=NarrowOop [108]=NarrowOop [136]=Oop }
                      ;*ifeq {reexecute=1 rethrow=0 return_oop=0}
                      ; - (reexecute) java.util.zip.ZipFile::ensureOpen@4
                      ; - java.util.zip.ZipFile::getManifestName@5
                      ; - java.util.zip.ZipFile$1::getManifestName@2
                      ; - java.util.jar.JarFile::maybeInstantiateVerifier@20
                      ; - java.util.jar.JarFile$JarFileEntry::getCodeSigners@4
                      ; - jdk.internal.loader.URLClassPath$JarLoader$2::getCodeSigners@4
                      ; - java.net.URLClassLoader::defineClass@185
                      ; - java.net.URLClassLoader$1::run@43
                      ; - java.net.URLClassLoader$1::run@1
  0x0000016727239978: 84e1 86ff 

  0x000001672723997c: ;   {other}
  0x000001672723997c: 0f1f 8400 | 6c2d 0041 | bac6 ffff | ff48 8b6c | 2448 4489 | 5c24 204c | 896c 2440 | 4c89 6c24 
  0x000001672723999c: 4866 6690 

  0x00000167272399a0: ;   {runtime_call UncommonTrapBlob}
  0x00000167272399a0: c5f8 77e8 

  0x00000167272399a4: ; ImmutableOopMap {rbp=Oop [64]=Oop [72]=Oop [104]=NarrowOop [108]=NarrowOop }
                      ;*invokevirtual getCodeSourceURL {reexecute=0 rethrow=0 return_oop=0}
                      ; - java.net.URLClassLoader::defineClass@13
                      ; - java.net.URLClassLoader$1::run@43
                      ; - java.net.URLClassLoader$1::run@1
  0x00000167272399a4: 58e1 86ff 

  0x00000167272399a8: ;   {other}
  0x00000167272399a8: 0f1f 8400 | 982d 0042 | bace ffff | ff48 894c | 2428 4489 | 5424 3890 

  0x00000167272399c0: ;   {runtime_call UncommonTrapBlob}
  0x00000167272399c0: c5f8 77e8 

  0x00000167272399c4: ; ImmutableOopMap {rbp=Oop [40]=Oop [72]=Oop }
                      ;*invokestatic inflate {reexecute=0 rethrow=0 return_oop=0}
                      ; - java.lang.String::getBytes@40
                      ; - java.lang.StringConcatHelper::prepend@21
                      ; - java.lang.StringConcatHelper::simpleConcat@81
                      ; - java.lang.String::concat@11
                      ; - java.net.URLClassLoader$1::run@13
                      ; - java.net.URLClassLoader$1::run@1
  0x00000167272399c4: 38e1 86ff 

  0x00000167272399c8: ;   {other}
  0x00000167272399c8: 0f1f 8400 | b82d 0043 | 498b d7c5 | f877 49ba | f0a0 273b | fd7f 0000 

  0x00000167272399e0: ;   {other}
  0x00000167272399e0: 41ff d20f | 1f84 0000 | 0000 00e9 | 22ed ffff | bae4 ffff | ff48 ff74 | 2448 488f | 4424 2044 
  0x0000016727239a00: 8b54 2450 | 4489 5424 | 4844 8b5c | 2454 4489 | 5c24 5089 | 7c24 7489 | 7424 7c89 | b424 8000 
  0x0000016727239a20: 0000 6690 

  0x0000016727239a24: ;   {runtime_call UncommonTrapBlob}
  0x0000016727239a24: c5f8 77e8 

  0x0000016727239a28: ; ImmutableOopMap {[32]=Oop [40]=Oop [56]=NarrowOop [60]=NarrowOop [72]=NarrowOop [80]=NarrowOop [84]=NarrowOop [88]=Oop [124]=NarrowOop [128]=NarrowOop [160]=Oop }
                      ;*baload {reexecute=0 rethrow=0 return_oop=0}
                      ; - java.util.zip.ZipUtils::SH@2
                      ; - java.util.zip.ZipUtils::CENNAM@5
                      ; - java.util.zip.ZipFile::getEntryName@13
                      ; - java.util.zip.ZipFile::getManifestName@41
                      ; - java.util.zip.ZipFile$1::getManifestName@2
                      ; - java.util.jar.JarFile::maybeInstantiateVerifier@20
                      ; - java.util.jar.JarFile::ensureInitialization@1
                      ; - java.util.jar.JavaUtilJarAccessImpl::ensureInitialization@1
                      ; - jdk.internal.loader.URLClassPath$JarLoader$2::getManifest@10
                      ; - java.net.URLClassLoader::defineClass@34
                      ; - java.net.URLClassLoader$1::run@43
                      ; - java.net.URLClassLoader$1::run@1
  0x0000016727239a28: d4e0 86ff 

  0x0000016727239a2c: ;   {other}
  0x0000016727239a2c: 0f1f 8400 | 1c2e 0044 | bae4 ffff | ff48 ff74 | 2448 488f | 4424 2044 | 8b5c 2450 | 4489 5c24 
  0x0000016727239a4c: 4844 8b54 | 2454 458b | da44 895c | 2450 897c | 2474 4489 | 4424 7c89 | b424 8000 | 0000 6690 
  0x0000016727239a6c: ;   {runtime_call UncommonTrapBlob}
  0x0000016727239a6c: c5f8 77e8 

  0x0000016727239a70: ; ImmutableOopMap {[32]=Oop [40]=Oop [56]=NarrowOop [60]=NarrowOop [72]=NarrowOop [80]=NarrowOop [84]=NarrowOop [88]=Oop [128]=NarrowOop [160]=Oop }
                      ;*baload {reexecute=0 rethrow=0 return_oop=0}
                      ; - java.util.zip.ZipUtils::SH@11
                      ; - java.util.zip.ZipUtils::CENNAM@5
                      ; - java.util.zip.ZipFile::getEntryName@13
                      ; - java.util.zip.ZipFile::getManifestName@41
                      ; - java.util.zip.ZipFile$1::getManifestName@2
                      ; - java.util.jar.JarFile::maybeInstantiateVerifier@20
                      ; - java.util.jar.JarFile::ensureInitialization@1
                      ; - java.util.jar.JavaUtilJarAccessImpl::ensureInitialization@1
                      ; - jdk.internal.loader.URLClassPath$JarLoader$2::getManifest@10
                      ; - java.net.URLClassLoader::defineClass@34
                      ; - java.net.URLClassLoader$1::run@43
                      ; - java.net.URLClassLoader$1::run@1
  0x0000016727239a70: 8ce0 86ff 

  0x0000016727239a74: ;   {other}
  0x0000016727239a74: 0f1f 8400 | 642e 0045 | bae4 ffff | ff48 ff74 | 2448 488f | 4424 2048 | 897c 2428 | 448b 5c24 
  0x0000016727239a94: 6844 895c | 243c 8b4c | 246c 894c | 2440 4c89 | 5424 5044 | 8944 2458 | 4489 4424 | 5c89 7424 
  0x0000016727239ab4: 6444 894c | 246c 4489 | 4c24 7090 

  0x0000016727239ac0: ;   {runtime_call UncommonTrapBlob}
  0x0000016727239ac0: c5f8 77e8 

  0x0000016727239ac4: ; ImmutableOopMap {[32]=Oop [40]=Oop [56]=NarrowOop [60]=NarrowOop [64]=NarrowOop [80]=Oop [88]=NarrowOop [92]=NarrowOop [108]=NarrowOop [112]=NarrowOop [136]=Oop }
                      ;*baload {reexecute=0 rethrow=0 return_oop=0}
                      ; - java.util.zip.ZipUtils::SH@2
                      ; - java.util.zip.ZipUtils::CENNAM@5
                      ; - java.util.zip.ZipFile::getEntryName@13
                      ; - java.util.zip.ZipFile::getManifestName@41
                      ; - java.util.zip.ZipFile$1::getManifestName@2
                      ; - java.util.jar.JarFile::maybeInstantiateVerifier@20
                      ; - java.util.jar.JarFile$JarFileEntry::getCodeSigners@4
                      ; - jdk.internal.loader.URLClassPath$JarLoader$2::getCodeSigners@4
                      ; - java.net.URLClassLoader::defineClass@185
                      ; - java.net.URLClassLoader$1::run@43
                      ; - java.net.URLClassLoader$1::run@1
  0x0000016727239ac4: 38e0 86ff 

  0x0000016727239ac8: ;   {other}
  0x0000016727239ac8: 0f1f 8400 | b82e 0046 | bae4 ffff | ff48 ff74 | 2448 488f | 4424 2044 | 8b54 2468 | 4489 5424 
  0x0000016727239ae8: 4844 8b5c | 246c 4489 | 5c24 4c89 | 5c24 6489 | 7424 6c44 | 894c 2470 

  0x0000016727239b00: ;   {runtime_call UncommonTrapBlob}
  0x0000016727239b00: c5f8 77e8 

  0x0000016727239b04: ; ImmutableOopMap {[32]=Oop [40]=Oop [56]=NarrowOop [60]=NarrowOop [64]=Oop [72]=NarrowOop [76]=NarrowOop [112]=NarrowOop [136]=Oop }
                      ;*baload {reexecute=0 rethrow=0 return_oop=0}
                      ; - java.util.zip.ZipUtils::SH@11
                      ; - java.util.zip.ZipUtils::CENNAM@5
                      ; - java.util.zip.ZipFile::getEntryName@13
                      ; - java.util.zip.ZipFile::getManifestName@41
                      ; - java.util.zip.ZipFile$1::getManifestName@2
                      ; - java.util.jar.JarFile::maybeInstantiateVerifier@20
                      ; - java.util.jar.JarFile$JarFileEntry::getCodeSigners@4
                      ; - jdk.internal.loader.URLClassPath$JarLoader$2::getCodeSigners@4
                      ; - java.net.URLClassLoader::defineClass@185
                      ; - java.net.URLClassLoader$1::run@43
                      ; - java.net.URLClassLoader$1::run@1
  0x0000016727239b04: f8df 86ff 

  0x0000016727239b08: ;   {other}
  0x0000016727239b08: 0f1f 8400 | f82e 0047 | bade ffff | ff48 ff74 | 2448 488f | 4424 2044 | 8b54 2450 | 4489 5424 
  0x0000016727239b28: 4844 8b5c | 2454 4489 | 5c24 5089 | 7424 7489 | 7c24 7889 | 4c24 7c89 | 9c24 8000 | 0000 6690 
  0x0000016727239b48: ;   {runtime_call UncommonTrapBlob}
  0x0000016727239b48: c5f8 77e8 

  0x0000016727239b4c: ; ImmutableOopMap {rbp=NarrowOop [32]=Oop [40]=Oop [56]=NarrowOop [60]=NarrowOop [72]=NarrowOop [80]=NarrowOop [84]=NarrowOop [88]=Oop [116]=NarrowOop [124]=NarrowOop [160]=Oop }
                      ;*invokevirtual isUTF8 {reexecute=0 rethrow=0 return_oop=0}
                      ; - java.util.zip.ZipFile$Source::zipCoderForPos@4
                      ; - java.util.zip.ZipFile::getEntryName@25
                      ; - java.util.zip.ZipFile::getManifestName@41
                      ; - java.util.zip.ZipFile$1::getManifestName@2
                      ; - java.util.jar.JarFile::maybeInstantiateVerifier@20
                      ; - java.util.jar.JarFile::ensureInitialization@1
                      ; - java.util.jar.JavaUtilJarAccessImpl::ensureInitialization@1
                      ; - jdk.internal.loader.URLClassPath$JarLoader$2::getManifest@10
                      ; - java.net.URLClassLoader::defineClass@34
                      ; - java.net.URLClassLoader$1::run@43
                      ; - java.net.URLClassLoader$1::run@1
  0x0000016727239b4c: b0df 86ff 

  0x0000016727239b50: ;   {other}
  0x0000016727239b50: 0f1f 8400 | 402f 0048 | bade ffff | ff48 ff74 | 2448 488f | 4424 2044 | 8b4c 2468 | 4489 4c24 
  0x0000016727239b70: 4844 8b54 | 246c 4489 | 5424 4c44 | 8944 2464 | 897c 2468 | 4489 5c24 | 6c89 5c24 | 7066 6690 
  0x0000016727239b90: ;   {runtime_call UncommonTrapBlob}
  0x0000016727239b90: c5f8 77e8 

  0x0000016727239b94: ; ImmutableOopMap {rbp=NarrowOop [32]=Oop [40]=Oop [56]=NarrowOop [60]=NarrowOop [64]=Oop [72]=NarrowOop [76]=NarrowOop [100]=NarrowOop [108]=NarrowOop [136]=Oop }
                      ;*invokevirtual isUTF8 {reexecute=0 rethrow=0 return_oop=0}
                      ; - java.util.zip.ZipFile$Source::zipCoderForPos@4
                      ; - java.util.zip.ZipFile::getEntryName@25
                      ; - java.util.zip.ZipFile::getManifestName@41
                      ; - java.util.zip.ZipFile$1::getManifestName@2
                      ; - java.util.jar.JarFile::maybeInstantiateVerifier@20
                      ; - java.util.jar.JarFile$JarFileEntry::getCodeSigners@4
                      ; - jdk.internal.loader.URLClassPath$JarLoader$2::getCodeSigners@4
                      ; - java.net.URLClassLoader::defineClass@185
                      ; - java.net.URLClassLoader$1::run@43
                      ; - java.net.URLClassLoader$1::run@1
  0x0000016727239b94: 68df 86ff 

  0x0000016727239b98: ;   {other}
  0x0000016727239b98: 0f1f 8400 | 882f 0049 | 498b f949 | 8bc9 488d | 9424 b000 | 0000 4d8b | c7c5 f877 | 49ba b0cf 
  0x0000016727239bb8: 683b fd7f | 0000 41ff 

  0x0000016727239bc0: ;   {other}
  0x0000016727239bc0: d20f 1f84 | 0000 0000 | 004c 8bcf | e916 f2ff | ffba 66ff | ffff 488b | 6c24 484c | 8b54 2428 
  0x0000016727239be0: 4c89 5424 | 2044 8b5c | 2438 4489 | 5c24 2844 | 8b54 243c | 4489 5424 | 2c44 8b5c | 2450 4489 
  0x0000016727239c00: 5c24 4044 | 8b5c 2454 | 4489 5c24 | 5066 6690 

  0x0000016727239c10: ;   {runtime_call UncommonTrapBlob}
  0x0000016727239c10: c5f8 77e8 

  0x0000016727239c14: ; ImmutableOopMap {rbp=Oop [32]=Oop [40]=NarrowOop [44]=NarrowOop [64]=NarrowOop [80]=NarrowOop [84]=NarrowOop [88]=Oop [160]=Oop }
                      ;*invokevirtual getManifest {reexecute=0 rethrow=0 return_oop=0}
                      ; - java.util.jar.JarFile::maybeInstantiateVerifier@31
                      ; - java.util.jar.JarFile::ensureInitialization@1
                      ; - java.util.jar.JavaUtilJarAccessImpl::ensureInitialization@1
                      ; - jdk.internal.loader.URLClassPath$JarLoader$2::getManifest@10
                      ; - java.net.URLClassLoader::defineClass@34
                      ; - java.net.URLClassLoader$1::run@43
                      ; - java.net.URLClassLoader$1::run@1
  0x0000016727239c14: e8de 86ff 

  0x0000016727239c18: ;   {other}
  0x0000016727239c18: 0f1f 8400 | 0830 004a | bade ffff | ff48 8b6c | 2448 4c8b | 5424 284c | 8954 2420 

  0x0000016727239c34: ;   {runtime_call UncommonTrapBlob}
  0x0000016727239c34: c5f8 77e8 

  0x0000016727239c38: ; ImmutableOopMap {rbp=Oop [32]=Oop [56]=NarrowOop [60]=NarrowOop [64]=Oop [104]=NarrowOop [108]=NarrowOop [136]=Oop }
                      ;*invokevirtual getManifest {reexecute=0 rethrow=0 return_oop=0}
                      ; - java.util.jar.JarFile::maybeInstantiateVerifier@31
                      ; - java.util.jar.JarFile$JarFileEntry::getCodeSigners@4
                      ; - jdk.internal.loader.URLClassPath$JarLoader$2::getCodeSigners@4
                      ; - java.net.URLClassLoader::defineClass@185
                      ; - java.net.URLClassLoader$1::run@43
                      ; - java.net.URLClassLoader$1::run@1
  0x0000016727239c38: c4de 86ff 

  0x0000016727239c3c: ;   {other}
  0x0000016727239c3c: 0f1f 8400 | 2c30 004b | baf6 ffff | ff48 8b6c | 2448 6690 

  0x0000016727239c50: ;   {runtime_call UncommonTrapBlob}
  0x0000016727239c50: c5f8 77e8 

  0x0000016727239c54: ; ImmutableOopMap {rbp=Oop }
                      ;*invokevirtual replace {reexecute=0 rethrow=0 return_oop=0}
                      ; - java.net.URLClassLoader$1::run@8
                      ; - java.net.URLClassLoader$1::run@1
  0x0000016727239c54: a8de 86ff 

  0x0000016727239c58: ;   {other}
  0x0000016727239c58: 0f1f 8400 | 4830 004c | baf6 ffff | ff48 8b6c | 2448 6690 

  0x0000016727239c6c: ;   {runtime_call UncommonTrapBlob}
  0x0000016727239c6c: c5f8 77e8 

  0x0000016727239c70: ; ImmutableOopMap {rbp=Oop }
                      ;*arraylength {reexecute=0 rethrow=0 return_oop=0}
                      ; - java.lang.StringLatin1::replace@8
                      ; - java.lang.String::replace@18
                      ; - java.net.URLClassLoader$1::run@8
                      ; - java.net.URLClassLoader$1::run@1
  0x0000016727239c70: 8cde 86ff 

  0x0000016727239c74: ;   {other}
  0x0000016727239c74: 0f1f 8400 | 6430 004d | baf6 ffff | ff48 8944 | 2420 6690 

  0x0000016727239c88: ;   {runtime_call UncommonTrapBlob}
  0x0000016727239c88: c5f8 77e8 

  0x0000016727239c8c: ; ImmutableOopMap {[32]=Oop [72]=Oop }
                      ;*getfield ucp {reexecute=1 rethrow=0 return_oop=0}
                      ; - (reexecute) java.net.URLClassLoader$1::run@21
                      ; - java.net.URLClassLoader$1::run@1
  0x0000016727239c8c: 70de 86ff 

  0x0000016727239c90: ;   {other}
  0x0000016727239c90: 0f1f 8400 | 8030 004e | baf6 ffff | ff4c 896c | 2438 6690 

  0x0000016727239ca4: ;   {runtime_call UncommonTrapBlob}
  0x0000016727239ca4: c5f8 77e8 

  0x0000016727239ca8: ; ImmutableOopMap {[56]=Oop [72]=Oop [104]=NarrowOop }
                      ;*invokevirtual lastIndexOf {reexecute=0 rethrow=0 return_oop=0}
                      ; - java.net.URLClassLoader::defineClass@7
                      ; - java.net.URLClassLoader$1::run@43
                      ; - java.net.URLClassLoader$1::run@1
  0x0000016727239ca8: 54de 86ff 

  0x0000016727239cac: ;   {other}
  0x0000016727239cac: 0f1f 8400 | 9c30 004f | baf6 ffff | ff4c 896c | 2438 6690 

  0x0000016727239cc0: ;   {runtime_call UncommonTrapBlob}
  0x0000016727239cc0: c5f8 77e8 

  0x0000016727239cc4: ; ImmutableOopMap {[56]=Oop [72]=Oop [104]=NarrowOop [108]=NarrowOop }
                      ;*arraylength {reexecute=0 rethrow=0 return_oop=0}
                      ; - java.lang.String::length@4
                      ; - java.lang.String::lastIndexOf@3
                      ; - java.net.URLClassLoader::defineClass@7
                      ; - java.net.URLClassLoader$1::run@43
                      ; - java.net.URLClassLoader$1::run@1
  0x0000016727239cc4: 38de 86ff 

  0x0000016727239cc8: ;   {other}
  0x0000016727239cc8: 0f1f 8400 | b830 0050 | baf4 ffff | ff66 6690 

  0x0000016727239cd8: ;   {runtime_call UncommonTrapBlob}
  0x0000016727239cd8: c5f8 77e8 

  0x0000016727239cdc: ; ImmutableOopMap {[40]=Oop [56]=NarrowOop [72]=Oop [104]=NarrowOop [108]=NarrowOop }
                      ;*instanceof {reexecute=0 rethrow=0 return_oop=0}
                      ; - jdk.internal.loader.Resource::getByteBuffer@6
                      ; - java.net.URLClassLoader::defineClass@132
                      ; - java.net.URLClassLoader$1::run@43
                      ; - java.net.URLClassLoader$1::run@1
  0x0000016727239cdc: 20de 86ff 

  0x0000016727239ce0: ;   {other}
  0x0000016727239ce0: 0f1f 8400 | d030 0051 | baf6 ffff | ff4c 8b54 | 2428 4c89 | 5424 204c | 896c 2438 

  0x0000016727239cfc: ;   {runtime_call UncommonTrapBlob}
  0x0000016727239cfc: c5f8 77e8 

  0x0000016727239d00: ; ImmutableOopMap {[32]=Oop [56]=Oop [72]=Oop [104]=NarrowOop [108]=NarrowOop [136]=Oop }
                      ;*invokevirtual get {reexecute=0 rethrow=0 return_oop=0}
                      ; - jdk.internal.perf.PerfCounter::get@5
                      ; - jdk.internal.perf.PerfCounter::add@1
                      ; - jdk.internal.perf.PerfCounter::addElapsedTimeFrom@6
                      ; - java.net.URLClassLoader::defineClass@207
                      ; - java.net.URLClassLoader$1::run@43
                      ; - java.net.URLClassLoader$1::run@1
  0x0000016727239d00: fcdd 86ff 

  0x0000016727239d04: ;   {other}
  0x0000016727239d04: 0f1f 8400 | f430 0052 | baf6 ffff | ff4c 8b54 | 2428 4c89 | 5424 204c | 896c 2428 

  0x0000016727239d20: ;   {runtime_call UncommonTrapBlob}
  0x0000016727239d20: c5f8 77e8 

  0x0000016727239d24: ; ImmutableOopMap {[32]=Oop [40]=Oop [72]=Oop [104]=NarrowOop [108]=NarrowOop }
                      ;*arraylength {reexecute=0 rethrow=0 return_oop=0}
                      ; - java.net.URLClassLoader::defineClass@217
                      ; - java.net.URLClassLoader$1::run@43
                      ; - java.net.URLClassLoader$1::run@1
  0x0000016727239d24: d8dd 86ff 

  0x0000016727239d28: ;   {other}
  0x0000016727239d28: 0f1f 8400 | 1831 0053 | baf6 ffff | ff48 8b6c | 2448 4c89 | 6c24 204c | 8954 2438 | 8974 2440 
  0x0000016727239d48: ;   {runtime_call UncommonTrapBlob}
  0x0000016727239d48: c5f8 77e8 

  0x0000016727239d4c: ; ImmutableOopMap {rbp=Oop [32]=Oop [56]=Oop [64]=NarrowOop [104]=NarrowOop [108]=NarrowOop [160]=Oop }
                      ;*getfield jar {reexecute=1 rethrow=0 return_oop=0}
                      ; - (reexecute) jdk.internal.loader.URLClassPath$JarLoader$2::getManifest@7
                      ; - java.net.URLClassLoader::defineClass@34
                      ; - java.net.URLClassLoader$1::run@43
                      ; - java.net.URLClassLoader$1::run@1
  0x0000016727239d4c: b0dd 86ff 

  0x0000016727239d50: ;   {other}
  0x0000016727239d50: 0f1f 8400 | 4031 0054 | baf6 ffff | ff48 8b6c | 2448 4c89 | 6c24 204c | 8954 2438 | 8974 2440 
  0x0000016727239d70: ;   {runtime_call UncommonTrapBlob}
  0x0000016727239d70: c5f8 77e8 

  0x0000016727239d74: ; ImmutableOopMap {rbp=Oop [32]=Oop [56]=Oop [64]=NarrowOop [104]=NarrowOop [108]=NarrowOop [160]=Oop }
                      ;*invokevirtual ensureInitialization {reexecute=0 rethrow=0 return_oop=0}
                      ; - java.util.jar.JavaUtilJarAccessImpl::ensureInitialization@1
                      ; - jdk.internal.loader.URLClassPath$JarLoader$2::getManifest@10
                      ; - java.net.URLClassLoader::defineClass@34
                      ; - java.net.URLClassLoader$1::run@43
                      ; - java.net.URLClassLoader$1::run@1
  0x0000016727239d74: 88dd 86ff 

  0x0000016727239d78: ;   {other}
  0x0000016727239d78: 0f1f 8400 | 6831 0055 | baf6 ffff | ff48 8b6c | 2448 4c89 | 6c24 204c | 8954 2438 | 8974 2440 
  0x0000016727239d98: ;   {runtime_call UncommonTrapBlob}
  0x0000016727239d98: c5f8 77e8 

  0x0000016727239d9c: ; ImmutableOopMap {rbp=Oop [32]=Oop [56]=Oop [64]=NarrowOop [104]=NarrowOop [108]=NarrowOop [160]=Oop }
                      ;*getfield jar {reexecute=1 rethrow=0 return_oop=0}
                      ; - (reexecute) jdk.internal.loader.URLClassPath$JarLoader$2::getManifest@19
                      ; - java.net.URLClassLoader::defineClass@34
                      ; - java.net.URLClassLoader$1::run@43
                      ; - java.net.URLClassLoader$1::run@1
  0x0000016727239d9c: 60dd 86ff 

  0x0000016727239da0: ;   {other}
  0x0000016727239da0: 0f1f 8400 | 9031 0056 | baf6 ffff | ff48 8b6c | 2448 4c89 | 6c24 204c | 8954 2438 | 8974 2440 
  0x0000016727239dc0: ;   {runtime_call UncommonTrapBlob}
  0x0000016727239dc0: c5f8 77e8 

  0x0000016727239dc4: ; ImmutableOopMap {rbp=Oop [32]=Oop [56]=Oop [64]=NarrowOop [104]=NarrowOop [108]=NarrowOop [160]=Oop }
                      ;*invokevirtual getManifest {reexecute=0 rethrow=0 return_oop=0}
                      ; - jdk.internal.loader.URLClassPath$JarLoader$2::getManifest@22
                      ; - java.net.URLClassLoader::defineClass@34
                      ; - java.net.URLClassLoader$1::run@43
                      ; - java.net.URLClassLoader$1::run@1
  0x0000016727239dc4: 38dd 86ff 

  0x0000016727239dc8: ;   {other}
  0x0000016727239dc8: 0f1f 8400 | b831 0057 | baf6 ffff | ff44 895c | 2420 4c89 | 6c24 284c | 8954 2440 

  0x0000016727239de4: ;   {runtime_call UncommonTrapBlob}
  0x0000016727239de4: c5f8 77e8 

  0x0000016727239de8: ; ImmutableOopMap {[40]=Oop [64]=Oop [72]=Oop [104]=NarrowOop [108]=NarrowOop }
                      ;*getfield csu {reexecute=1 rethrow=0 return_oop=0}
                      ; - (reexecute) jdk.internal.loader.URLClassPath$JarLoader$2::getCodeSourceURL@4
                      ; - java.net.URLClassLoader::defineClass@13
                      ; - java.net.URLClassLoader$1::run@43
                      ; - java.net.URLClassLoader$1::run@1
  0x0000016727239de8: 14dd 86ff 

  0x0000016727239dec: ;   {other}
  0x0000016727239dec: 0f1f 8400 | dc31 0058 | baf6 ffff | ff48 897c | 2420 6690 

  0x0000016727239e00: ;   {runtime_call UncommonTrapBlob}
  0x0000016727239e00: c5f8 77e8 

  0x0000016727239e04: ; ImmutableOopMap {[32]=Oop [56]=NarrowOop [72]=Oop [104]=NarrowOop [108]=NarrowOop [136]=Oop }
                      ;*invokevirtual getCodeSigners {reexecute=0 rethrow=0 return_oop=0}
                      ; - jdk.internal.loader.URLClassPath$JarLoader$2::getCodeSigners@4
                      ; - java.net.URLClassLoader::defineClass@185
                      ; - java.net.URLClassLoader$1::run@43
                      ; - java.net.URLClassLoader$1::run@1
  0x0000016727239e04: f8dc 86ff 

  0x0000016727239e08: ;   {other}
  0x0000016727239e08: 0f1f 8400 | f831 0059 | baf6 ffff | ff48 8b6c | 2448 4889 | 7c24 204c | 8954 2448 

  0x0000016727239e24: ;   {runtime_call UncommonTrapBlob}
  0x0000016727239e24: c5f8 77e8 

  0x0000016727239e28: ; ImmutableOopMap {rbp=Oop [32]=Oop [56]=NarrowOop [72]=Oop [104]=NarrowOop [108]=NarrowOop [136]=Oop }
                      ;*invokevirtual maybeInstantiateVerifier {reexecute=0 rethrow=0 return_oop=0}
                      ; - java.util.jar.JarFile$JarFileEntry::getCodeSigners@4
                      ; - jdk.internal.loader.URLClassPath$JarLoader$2::getCodeSigners@4
                      ; - java.net.URLClassLoader::defineClass@185
                      ; - java.net.URLClassLoader$1::run@43
                      ; - java.net.URLClassLoader$1::run@1
  0x0000016727239e28: d4dc 86ff 

  0x0000016727239e2c: ;   {other}
  0x0000016727239e2c: 0f1f 8400 | 1c32 005a | baf6 ffff | ff48 8b6c | 2448 4889 | 7c24 204c | 8954 2448 

  0x0000016727239e48: ;   {runtime_call UncommonTrapBlob}
  0x0000016727239e48: c5f8 77e8 

  0x0000016727239e4c: ; ImmutableOopMap {rbp=Oop [32]=Oop [56]=NarrowOop [72]=Oop [104]=NarrowOop [108]=NarrowOop [136]=Oop }
                      ;*getfield jv {reexecute=1 rethrow=0 return_oop=0}
                      ; - (reexecute) java.util.jar.JarFile$JarFileEntry::getCodeSigners@31
                      ; - jdk.internal.loader.URLClassPath$JarLoader$2::getCodeSigners@4
                      ; - java.net.URLClassLoader::defineClass@185
                      ; - java.net.URLClassLoader$1::run@43
                      ; - java.net.URLClassLoader$1::run@1
  0x0000016727239e4c: b0dc 86ff 

  0x0000016727239e50: ;   {other}
  0x0000016727239e50: 0f1f 8400 | 4032 005b | ba45 ffff | ff48 8b6c | 2448 4c89 | 6c24 2089 | 7424 404c | 8954 2450 
  0x0000016727239e70: 4489 4c24 | 5866 6690 

  0x0000016727239e78: ;   {runtime_call UncommonTrapBlob}
  0x0000016727239e78: c5f8 77e8 

  0x0000016727239e7c: ; ImmutableOopMap {rbp=Oop [32]=Oop [64]=NarrowOop [80]=Oop [88]=NarrowOop [104]=NarrowOop [108]=NarrowOop [160]=Oop }
                      ;*ifnonnull {reexecute=1 rethrow=0 return_oop=0}
                      ; - (reexecute) jdk.internal.access.SharedSecrets::javaUtilJarAccess@5
                      ; - jdk.internal.loader.URLClassPath$JarLoader$2::getManifest@0
                      ; - java.net.URLClassLoader::defineClass@34
                      ; - java.net.URLClassLoader$1::run@43
                      ; - java.net.URLClassLoader$1::run@1
  0x0000016727239e7c: 80dc 86ff 

  0x0000016727239e80: ;   {other}
  0x0000016727239e80: 0f1f 8400 | 7032 005c | baf6 ffff | ff48 8b6c | 2448 4c89 | 6c24 2048 | 8944 24f8 | 8b44 2468 
  0x0000016727239ea0: 8944 2428 | 488b 4424 | f889 7424 | 404c 8954 | 2450 4489 | 5c24 5844 | 895c 245c 

  0x0000016727239ebc: ;   {runtime_call UncommonTrapBlob}
  0x0000016727239ebc: c5f8 77e8 

  0x0000016727239ec0: ; ImmutableOopMap {rbp=Oop [32]=Oop [40]=NarrowOop [64]=NarrowOop [80]=Oop [88]=NarrowOop [92]=NarrowOop [108]=NarrowOop [160]=Oop }
                      ;*getfield zsrc {reexecute=1 rethrow=0 return_oop=0}
                      ; - (reexecute) java.util.zip.ZipFile::ensureOpen@22
                      ; - java.util.zip.ZipFile::getManifestName@5
                      ; - java.util.zip.ZipFile$1::getManifestName@2
                      ; - java.util.jar.JarFile::maybeInstantiateVerifier@20
                      ; - java.util.jar.JarFile::ensureInitialization@1
                      ; - java.util.jar.JavaUtilJarAccessImpl::ensureInitialization@1
                      ; - jdk.internal.loader.URLClassPath$JarLoader$2::getManifest@10
                      ; - java.net.URLClassLoader::defineClass@34
                      ; - java.net.URLClassLoader$1::run@43
                      ; - java.net.URLClassLoader$1::run@1
  0x0000016727239ec0: 3cdc 86ff 

  0x0000016727239ec4: ;   {other}
  0x0000016727239ec4: 0f1f 8400 | b432 005d | baf6 ffff | ff48 8b6c | 2448 4889 | 7c24 204c | 8954 2448 | 4489 4424 
  0x0000016727239ee4: 5044 8944 | 2454 6690 

  0x0000016727239eec: ;   {runtime_call UncommonTrapBlob}
  0x0000016727239eec: c5f8 77e8 

  0x0000016727239ef0: ; ImmutableOopMap {rbp=Oop [32]=Oop [56]=NarrowOop [72]=Oop [80]=NarrowOop [84]=NarrowOop [104]=NarrowOop [108]=NarrowOop [136]=Oop }
                      ;*getfield zsrc {reexecute=1 rethrow=0 return_oop=0}
                      ; - (reexecute) java.util.zip.ZipFile::ensureOpen@22
                      ; - java.util.zip.ZipFile::getManifestName@5
                      ; - java.util.zip.ZipFile$1::getManifestName@2
                      ; - java.util.jar.JarFile::maybeInstantiateVerifier@20
                      ; - java.util.jar.JarFile$JarFileEntry::getCodeSigners@4
                      ; - jdk.internal.loader.URLClassPath$JarLoader$2::getCodeSigners@4
                      ; - java.net.URLClassLoader::defineClass@185
                      ; - java.net.URLClassLoader$1::run@43
                      ; - java.net.URLClassLoader$1::run@1
  0x0000016727239ef0: 0cdc 86ff 

  0x0000016727239ef4: ;   {other}
  0x0000016727239ef4: 0f1f 8400 | e432 005e | ba45 ffff | ff48 8b6c | 2448 4c89 | 6c24 2048 | 8944 24f8 | 8b44 2468 
  0x0000016727239f14: 8944 2428 | 488b 4424 | f848 8944 | 24f8 8b44 | 246c 8944 | 242c 488b | 4424 f889 | 7424 404c 
  0x0000016727239f34: 8954 2450 | 4489 5c24 | 5844 895c | 245c 4489 | 4424 6c90 

  0x0000016727239f48: ;   {runtime_call UncommonTrapBlob}
  0x0000016727239f48: c5f8 77e8 

  0x0000016727239f4c: ; ImmutableOopMap {rbp=Oop [32]=Oop [40]=NarrowOop [44]=NarrowOop [64]=NarrowOop [80]=Oop [88]=NarrowOop [92]=NarrowOop [108]=NarrowOop [160]=Oop }
                      ;*ifnonnull {reexecute=1 rethrow=0 return_oop=0}
                      ; - (reexecute) java.util.zip.ZipFile::ensureOpen@25
                      ; - java.util.zip.ZipFile::getManifestName@5
                      ; - java.util.zip.ZipFile$1::getManifestName@2
                      ; - java.util.jar.JarFile::maybeInstantiateVerifier@20
                      ; - java.util.jar.JarFile::ensureInitialization@1
                      ; - java.util.jar.JavaUtilJarAccessImpl::ensureInitialization@1
                      ; - jdk.internal.loader.URLClassPath$JarLoader$2::getManifest@10
                      ; - java.net.URLClassLoader::defineClass@34
                      ; - java.net.URLClassLoader$1::run@43
                      ; - java.net.URLClassLoader$1::run@1
  0x0000016727239f4c: b0db 86ff 

  0x0000016727239f50: ;   {other}
  0x0000016727239f50: 0f1f 8400 | 4033 005f | ba45 ffff | ff48 8b6c | 2448 4889 | 7c24 204c | 8954 2448 | 4489 4424 
  0x0000016727239f70: 5044 8944 | 2454 4489 | 5c24 5c90 

  0x0000016727239f7c: ;   {runtime_call UncommonTrapBlob}
  0x0000016727239f7c: c5f8 77e8 

  0x0000016727239f80: ; ImmutableOopMap {rbp=Oop [32]=Oop [56]=NarrowOop [72]=Oop [80]=NarrowOop [84]=NarrowOop [92]=NarrowOop [104]=NarrowOop [108]=NarrowOop [136]=Oop }
                      ;*ifnonnull {reexecute=1 rethrow=0 return_oop=0}
                      ; - (reexecute) java.util.zip.ZipFile::ensureOpen@25
                      ; - java.util.zip.ZipFile::getManifestName@5
                      ; - java.util.zip.ZipFile$1::getManifestName@2
                      ; - java.util.jar.JarFile::maybeInstantiateVerifier@20
                      ; - java.util.jar.JarFile$JarFileEntry::getCodeSigners@4
                      ; - jdk.internal.loader.URLClassPath$JarLoader$2::getCodeSigners@4
                      ; - java.net.URLClassLoader::defineClass@185
                      ; - java.net.URLClassLoader$1::run@43
                      ; - java.net.URLClassLoader$1::run@1
  0x0000016727239f80: 7cdb 86ff 

  0x0000016727239f84: ;   {other}
  0x0000016727239f84: 0f1f 8400 | 7433 0060 | baf6 ffff | ff44 895c | 2420 4c89 | 6c24 2848 | 895c 2440 

  0x0000016727239fa0: ;   {runtime_call UncommonTrapBlob}
  0x0000016727239fa0: c5f8 77e8 

  0x0000016727239fa4: ; ImmutableOopMap {[40]=Oop [64]=Oop [72]=Oop [104]=NarrowOop [108]=NarrowOop }
                      ;*invokevirtual getBaseURL {reexecute=0 rethrow=0 return_oop=0}
                      ; - jdk.internal.loader.URLClassPath$FileLoader$1::getCodeSourceURL@4
                      ; - java.net.URLClassLoader::defineClass@13
                      ; - java.net.URLClassLoader$1::run@43
                      ; - java.net.URLClassLoader$1::run@1
  0x0000016727239fa4: 58db 86ff 

  0x0000016727239fa8: ;   {other}
  0x0000016727239fa8: 0f1f 8400 | 9833 0061 | ba97 ffff | ff48 8b6c | 2448 6690 

  0x0000016727239fbc: ;   {runtime_call UncommonTrapBlob}
  0x0000016727239fbc: c5f8 77e8 

  0x0000016727239fc0: ; ImmutableOopMap {rbp=Oop [32]=NarrowOop [36]=NarrowOop [40]=Oop [64]=Oop [104]=NarrowOop [108]=NarrowOop }
                      ;*invokevirtual clone {reexecute=1 rethrow=0 return_oop=0}
                      ; - (reexecute) java.util.Arrays::copyOfRange@18
                      ; - java.lang.StringLatin1::newString@16
                      ; - java.lang.String::substring@41
                      ; - java.net.URLClassLoader::defineClass@28
                      ; - java.net.URLClassLoader$1::run@43
                      ; - java.net.URLClassLoader$1::run@1
  0x0000016727239fc0: 3cdb 86ff 

  0x0000016727239fc4: ;   {other}
  0x0000016727239fc4: 0f1f 8400 | b433 0062 | baf6 ffff | ff48 ff74 | 2448 488f | 4424 2044 | 8b5c 2450 | 4489 5c24 
  0x0000016727239fe4: 4844 8b54 | 2454 458b | da44 895c | 2450 6690 

  0x0000016727239ff4: ;   {runtime_call UncommonTrapBlob}
  0x0000016727239ff4: c5f8 77e8 

  0x0000016727239ff8: ; ImmutableOopMap {[32]=Oop [40]=Oop [56]=NarrowOop [60]=NarrowOop [72]=NarrowOop [80]=NarrowOop [84]=NarrowOop [88]=Oop [160]=Oop }
                      ;*baload {reexecute=0 rethrow=0 return_oop=0}
                      ; - java.util.zip.ZipUtils::SH@2
                      ; - java.util.zip.ZipUtils::CENNAM@5
                      ; - java.util.zip.ZipFile::getEntryName@13
                      ; - java.util.zip.ZipFile::getManifestName@41
                      ; - java.util.zip.ZipFile$1::getManifestName@2
                      ; - java.util.jar.JarFile::maybeInstantiateVerifier@20
                      ; - java.util.jar.JarFile::ensureInitialization@1
                      ; - java.util.jar.JavaUtilJarAccessImpl::ensureInitialization@1
                      ; - jdk.internal.loader.URLClassPath$JarLoader$2::getManifest@10
                      ; - java.net.URLClassLoader::defineClass@34
                      ; - java.net.URLClassLoader$1::run@43
                      ; - java.net.URLClassLoader$1::run@1
  0x0000016727239ff8: 04db 86ff 

  0x0000016727239ffc: ;   {other}
  0x0000016727239ffc: 0f1f 8400 | ec33 0063 | baf6 ffff | ff48 8b6c | 2448 4c89 | 6c24 2044 | 8b54 2450 | 4489 5424 
  0x000001672723a01c: 4044 8b54 | 2454 458b | da44 895c | 2450 6690 

  0x000001672723a02c: ;   {runtime_call UncommonTrapBlob}
  0x000001672723a02c: c5f8 77e8 

  0x000001672723a030: ; ImmutableOopMap {rbp=Oop [32]=Oop [64]=NarrowOop [80]=NarrowOop [84]=NarrowOop [88]=Oop [104]=NarrowOop [108]=NarrowOop [160]=Oop }
                      ;*invokevirtual isUTF8 {reexecute=0 rethrow=0 return_oop=0}
                      ; - java.util.zip.ZipFile$Source::zipCoderForPos@4
                      ; - java.util.zip.ZipFile::getEntryName@25
                      ; - java.util.zip.ZipFile::getManifestName@41
                      ; - java.util.zip.ZipFile$1::getManifestName@2
                      ; - java.util.jar.JarFile::maybeInstantiateVerifier@20
                      ; - java.util.jar.JarFile::ensureInitialization@1
                      ; - java.util.jar.JavaUtilJarAccessImpl::ensureInitialization@1
                      ; - jdk.internal.loader.URLClassPath$JarLoader$2::getManifest@10
                      ; - java.net.URLClassLoader::defineClass@34
                      ; - java.net.URLClassLoader$1::run@43
                      ; - java.net.URLClassLoader$1::run@1
  0x000001672723a030: ccda 86ff 

  0x000001672723a034: ;   {other}
  0x000001672723a034: 0f1f 8400 | 2434 0064 | baf6 ffff | ff48 ff74 | 2448 488f | 4424 2048 | 897c 2428 | 4c89 5424 
  0x000001672723a054: 5044 8944 | 2458 4489 | 4424 5c90 

  0x000001672723a060: ;   {runtime_call UncommonTrapBlob}
  0x000001672723a060: c5f8 77e8 

  0x000001672723a064: ; ImmutableOopMap {[32]=Oop [40]=Oop [56]=NarrowOop [80]=Oop [88]=NarrowOop [92]=NarrowOop [104]=NarrowOop [108]=NarrowOop [136]=Oop }
                      ;*baload {reexecute=0 rethrow=0 return_oop=0}
                      ; - java.util.zip.ZipUtils::SH@2
                      ; - java.util.zip.ZipUtils::CENNAM@5
                      ; - java.util.zip.ZipFile::getEntryName@13
                      ; - java.util.zip.ZipFile::getManifestName@41
                      ; - java.util.zip.ZipFile$1::getManifestName@2
                      ; - java.util.jar.JarFile::maybeInstantiateVerifier@20
                      ; - java.util.jar.JarFile$JarFileEntry::getCodeSigners@4
                      ; - jdk.internal.loader.URLClassPath$JarLoader$2::getCodeSigners@4
                      ; - java.net.URLClassLoader::defineClass@185
                      ; - java.net.URLClassLoader$1::run@43
                      ; - java.net.URLClassLoader$1::run@1
  0x000001672723a064: 98da 86ff 

  0x000001672723a068: ;   {other}
  0x000001672723a068: 0f1f 8400 | 5834 0065 | baf6 ffff | ff48 8b6c | 2448 4c8b | 5424 284c | 8954 2420 

  0x000001672723a084: ;   {runtime_call UncommonTrapBlob}
  0x000001672723a084: c5f8 77e8 

  0x000001672723a088: ; ImmutableOopMap {rbp=Oop [32]=Oop [56]=NarrowOop [60]=NarrowOop [64]=Oop [104]=NarrowOop [108]=NarrowOop [136]=Oop }
                      ;*invokevirtual isUTF8 {reexecute=0 rethrow=0 return_oop=0}
                      ; - java.util.zip.ZipFile$Source::zipCoderForPos@4
                      ; - java.util.zip.ZipFile::getEntryName@25
                      ; - java.util.zip.ZipFile::getManifestName@41
                      ; - java.util.zip.ZipFile$1::getManifestName@2
                      ; - java.util.jar.JarFile::maybeInstantiateVerifier@20
                      ; - java.util.jar.JarFile$JarFileEntry::getCodeSigners@4
                      ; - jdk.internal.loader.URLClassPath$JarLoader$2::getCodeSigners@4
                      ; - java.net.URLClassLoader::defineClass@185
                      ; - java.net.URLClassLoader$1::run@43
                      ; - java.net.URLClassLoader$1::run@1
  0x000001672723a088: 74da 86ff 

  0x000001672723a08c: ;   {other}
  0x000001672723a08c: 0f1f 8400 | 7c34 0066 | ba97 ffff | ff4c 8b54 | 2428 4c89 | 5424 2090 

  0x000001672723a0a4: ;   {runtime_call UncommonTrapBlob}
  0x000001672723a0a4: c5f8 77e8 

  0x000001672723a0a8: ; ImmutableOopMap {[32]=Oop [56]=NarrowOop [60]=NarrowOop [72]=Oop [104]=NarrowOop [108]=NarrowOop [136]=Oop }
                      ;*invokevirtual clone {reexecute=1 rethrow=0 return_oop=0}
                      ; - (reexecute) java.util.jar.JarFile$JarFileEntry::getCodeSigners@70
                      ; - jdk.internal.loader.URLClassPath$JarLoader$2::getCodeSigners@4
                      ; - java.net.URLClassLoader::defineClass@185
                      ; - java.net.URLClassLoader$1::run@43
                      ; - java.net.URLClassLoader$1::run@1
  0x000001672723a0a8: 54da 86ff 

  0x000001672723a0ac: ;   {other}
  0x000001672723a0ac: 0f1f 8400 | 9c34 0067 | ba97 ffff | ff48 8b6c | 2448 4c8b | 5424 284c | 8954 2420 

  0x000001672723a0c8: ;   {runtime_call UncommonTrapBlob}
  0x000001672723a0c8: c5f8 77e8 

  0x000001672723a0cc: ; ImmutableOopMap {rbp=Oop [32]=Oop [56]=Oop [64]=Oop [104]=NarrowOop [108]=NarrowOop [136]=Oop }
                      ;*invokevirtual clone {reexecute=1 rethrow=0 return_oop=0}
                      ; - (reexecute) java.security.CodeSource::<init>@42
                      ; - java.net.URLClassLoader::defineClass@198
                      ; - java.net.URLClassLoader$1::run@43
                      ; - java.net.URLClassLoader$1::run@1
  0x000001672723a0cc: 30da 86ff 

  0x000001672723a0d0: ;   {other}
  0x000001672723a0d0: 0f1f 8400 | c034 0068 | 488b d8e9 | 5b03 0000 | 488b d8e9 | 5303 0000 | 488b d8e9 | 4b03 0000 
  0x000001672723a0f0: 488b d844 | 8b50 0849 | b800 0000 | 3267 0100 | 004d 03c2 | e9f4 0400 | 0048 8bd8 | 448b 5808 
  0x000001672723a110: 49ba 0000 | 0032 6701 | 0000 4d03 | d3e9 3a02 | 0000 488b | d844 8b50 | 0849 bb00 | 0000 3267 
  0x000001672723a130: 0100 004d | 03da eb34 | 4c8b d0e9 | c402 0000 | 488b d8e9 | 4805 0000 | 488b d8e9 | 4005 0000 
  0x000001672723a150: 488b d8e9 | 3805 0000 | 488b d844 | 8b50 0849 | bb00 0000 | 3267 0100 | 004d 03da | 4d8b 5348 
  0x000001672723a170: ;   {metadata('java/io/IOException')}
  0x000001672723a170: 49bb 5853 | 0433 6701 | 0000 4d3b | d30f 85b8 | 0200 004c | 8bc3 498b | 87b8 0100 | 004c 8bd0 
  0x000001672723a190: 4983 c228 | 4d3b 97c8 | 0100 000f | 833b 0500 | 004d 8997 | b801 0000 | 410f 0d8a | c000 0000 
  0x000001672723a1b0: 48c7 0001 | 0000 004c | 8bd0 4983 

  0x000001672723a1bc: ;   {metadata('java/lang/RuntimeException')}
  0x000001672723a1bc: c210 c740 | 08a8 b705 | 0044 8960 | 0cc5 fdef | c041 bb07 | 0000 00c4 | c178 92fb | 62d1 fe2f 
  0x000001672723a1dc: 7f02 488b | e848 8bd5 | 448b 5424 | 5044 8954 | 243c 6690 

  0x000001672723a1f0: ;   {optimized virtual_call}
  0x000001672723a1f0: c5f8 77e8 

  0x000001672723a1f4: ; ImmutableOopMap {rbp=Oop [40]=Oop [56]=NarrowOop [60]=NarrowOop [64]=Oop [72]=Oop [88]=Oop [120]=Oop [160]=Oop }
                      ;*invokespecial <init> {reexecute=0 rethrow=0 return_oop=0}
                      ; - java.util.jar.JarFile::ensureInitialization@13
                      ; - java.util.jar.JavaUtilJarAccessImpl::ensureInitialization@1
                      ; - jdk.internal.loader.URLClassPath$JarLoader$2::getManifest@10
                      ; - java.net.URLClassLoader::defineClass@34
                      ; - java.net.URLClassLoader$1::run@43
                      ; - java.net.URLClassLoader$1::run@1
  0x000001672723a1f4: 884c 86ff 

  0x000001672723a1f8: ;   {other}
  0x000001672723a1f8: 0f1f 8400 | e835 0069 | 4c8b 5c24 | 7848 8d84 | 24b0 0000 | 0048 8338 | 000f 8479 | 0000 004d 
  0x000001672723a218: 8b13 41f6 | c202 0f84 | 6200 0000 | 4983 ba86 | 0000 0000 | 7409 49ff | 8a86 0000 | 00eb 4b49 
  0x000001672723a238: 8b82 9600 | 0000 490b | 828e 0000 | 0075 0a49 | c742 3e00 | 0000 00eb | 3d49 83ba | 9e00 0000 
  0x000001672723a258: 0074 2248 | 33c0 49c7 | 423e 0000 | 0000 f083 | 0424 0049 | 83ba 9e00 | 0000 0075 | 0df0 4d0f 
  0x000001672723a278: b17a 3e75 | 0583 c801 | eb0c a800 | eb08 4c8b | 10f0 4d0f | b113 750a | 49ff 8f50 | 0500 0045 
  0x000001672723a298: 33d2 0f85 | b304 0000 | 488b d5e9 | eb03 0000 | 488b d84c | 8b5c 2450 | 488d 8424 | b000 0000 
  0x000001672723a2b8: 4883 3800 | 0f84 7900 | 0000 4d8b | 1341 f6c2 | 020f 8462 | 0000 0049 | 83ba 8600 | 0000 0074 
  0x000001672723a2d8: 0949 ff8a | 8600 0000 | eb4b 498b | 8296 0000 | 0049 0b82 | 8e00 0000 | 750a 49c7 

  0x000001672723a2f4: ;   {no_reloc}
  0x000001672723a2f4: 423e 0000 | 0000 eb3d | 4983 ba9e | 0000 0000 | 7422 4833 | c049 c742 | 3e00 0000 | 00f0 8304 
  0x000001672723a314: 2400 4983 | ba9e 0000 | 0000 750d | f04d 0fb1 | 7a3e 7505 | 83c8 01eb | 0ca8 00eb | 084c 8b10 
  0x000001672723a334: f04d 0fb1 | 1375 0a49 | ff8f 5005 | 0000 4533 | d20f 85dd | 0300 0044 | 8b5b 0849 | ba00 0000 
  0x000001672723a354: 3267 0100 | 004d 03d3 | 4d8b 5248 

  0x000001672723a360: ;   {metadata('java/io/IOException')}
  0x000001672723a360: 49bb 5853 | 0433 6701 | 0000 4d3b | d30f 8491 | 0300 0044 | 8b5b 0849 | b800 0000 | 3267 0100 
  0x000001672723a380: 004d 03c3 | e974 0200 | 0048 8bd8 | 448b 5808 | 49b8 0000 | 0032 6701 | 0000 4d03 | c34d 8b50 
  0x000001672723a3a0: 504c 3bd5 | 0f85 5302 | 0000 4533 | c9e9 8401 | 0000 488b | d844 8b50 | 0849 b800 | 0000 3267 
  0x000001672723a3c0: 0100 004d | 03c2 e932 | 0200 004c | 8bd0 eb03 | 4c8b d049 | 8bda 458b | 5208 49b8 | 0000 0032 
  0x000001672723a3e0: 6701 0000 | 4d03 c2e9 | 1102 0000 | 4c8b d0eb | 034c 8bd0 | 498b dae9 | 9402 0000 | 4c8b d0eb 
  0x000001672723a400: 034c 8bd0 | 498b dae9 | 8402 0000 | 488b d8eb | 2a48 8bd8 | eb25 488b | e848 8b54 | 2458 448b 
  0x000001672723a420: 5c24 4044 | 895c 2424 

  0x000001672723a428: ;   {static_call}
  0x000001672723a428: c5f8 77e8 

  0x000001672723a42c: ; ImmutableOopMap {rbp=Oop [32]=NarrowOop [36]=NarrowOop [40]=Oop [56]=Oop [72]=Oop [80]=Oop [112]=Oop [120]=Oop [160]=Oop }
                      ;*invokestatic endInit {reexecute=0 rethrow=0 return_oop=0}
                      ; - java.util.jar.JarFile::ensureInitialization@53
                      ; - java.util.jar.JavaUtilJarAccessImpl::ensureInitialization@1
                      ; - jdk.internal.loader.URLClassPath$JarLoader$2::getManifest@10
                      ; - java.net.URLClassLoader::defineClass@34
                      ; - java.net.URLClassLoader$1::run@43
                      ; - java.net.URLClassLoader$1::run@1
  0x000001672723a42c: 5054 86ff 

  0x000001672723a430: ;   {other}
  0x000001672723a430: 0f1f 8400 | 2038 006a | 488b dd4c | 8b5c 2478 | 488d 8424 | b000 0000 | 4883 3800 | 0f84 7900 
  0x000001672723a450: 0000 4d8b | 1341 f6c2 | 020f 8462 | 0000 0049 | 83ba 8600 | 0000 0074 | 0949 ff8a | 8600 0000 
  0x000001672723a470: eb4b 498b | 8296 0000 | 0049 0b82 | 8e00 0000 | 750a 49c7 | 423e 0000 | 0000 eb3d | 4983 ba9e 
  0x000001672723a490: 0000 0000 | 7422 4833 | c049 c742 | 3e00 0000 | 00f0 8304 | 2400 4983 | ba9e 0000 | 0000 750d 
  0x000001672723a4b0: f04d 0fb1 | 7a3e 7505 | 83c8 01eb | 0ca8 00eb | 084c 8b10 | f04d 0fb1 | 1375 0a49 | ff8f 5005 
  0x000001672723a4d0: 0000 4533 | d20f 84b6 | 0000 0048 | 8b4c 2478 | 488d 9424 | b000 0000 | 4d8b c7c5 | f877 49ba 
  0x000001672723a4f0: b0cf 683b | fd7f 0000 

  0x000001672723a4f8: ;   {other}
  0x000001672723a4f8: 41ff d20f | 1f84 0000 | 0000 00e9 | 8900 0000 | 4c8b d0e9 | c300 0000 | 488b d844 | 8b50 0849 
  0x000001672723a518: b800 0000 | 3267 0100 | 004d 03c2 | 4d8b 5050 | 4c3b d50f | 85cc 0000 | 004c 8b4c | 2450 448b 
  0x000001672723a538: 5c24 6849 | 8bd3 4c8b | 8424 a000 | 0000 488b | 7c24 5890 

  0x000001672723a54c: ;   {optimized virtual_call}
  0x000001672723a54c: c5f8 77e8 

  0x000001672723a550: ; ImmutableOopMap {[32]=Oop [40]=Oop [56]=NarrowOop [64]=Oop [72]=Oop [104]=NarrowOop [108]=NarrowOop [160]=Oop }
                      ;*invokevirtual getAndVerifyPackage {reexecute=0 rethrow=0 return_oop=1}
                      ; - java.net.URLClassLoader::defineClass@97
                      ; - java.net.URLClassLoader$1::run@43
                      ; - java.net.URLClassLoader$1::run@1
  0x000001672723a550: 2c49 86ff 

  0x000001672723a554: ;   {other}
  0x000001672723a554: 0f1f 8400 | 4439 006b | 4885 c00f | 8457 0100 | 004c 8b6c | 2428 8b74 | 2438 488b | 5424 20e9 
  0x000001672723a574: 9fd7 ffff | 488b d844 | 8b50 0849 | b800 0000 | 3267 0100 | 004d 03c2 | eb6f 488b | d844 8b5b 
  0x000001672723a594: 0849 b800 | 0000 3267 | 0100 004d | 03c3 eb59 | 488b d844 | 8b50 0849 | b800 0000 | 3267 0100 
  0x000001672723a5b4: 004d 03c2 | eb43 488b | d844 8b50 | 0849 b800 | 0000 3267 | 0100 004d | 03c2 eb2d | 4c8b d049 
  0x000001672723a5d4: 8bda 458b | 5208 49b8 | 0000 0032 | 6701 0000 | 4d03 c2eb | 1448 8bd8 | 448b 5008 | 49b8 0000 
  0x000001672723a5f4: 0032 6701 | 0000 4d03 | c24d 8b50 

  0x000001672723a600: ;   {metadata('java/io/IOException')}
  0x000001672723a600: 4849 bb58 | 5304 3367 | 0100 004d | 3bd3 0f84 | 8f00 0000 | 4d8b 5050 

  0x000001672723a618: ;   {metadata('java/lang/ClassFormatError')}
  0x000001672723a618: 49bb 3092 | 3c33 6701 | 0000 4d3b | d375 6948 | 8beb 488b | 5424 2866 | 6690 c5f8 | 7748 b8ff 
  0x000001672723a638: ffff ffff 

  0x000001672723a63c: ;   {virtual_call}
  0x000001672723a63c: ffff ffe8 

  0x000001672723a640: ; ImmutableOopMap {rbp=Oop [40]=Oop }
                      ;*invokevirtual getDataError {reexecute=0 rethrow=0 return_oop=1}
                      ; - java.net.URLClassLoader$1::run@63
                      ; - java.net.URLClassLoader$1::run@1
  0x000001672723a640: 3c4d 86ff 

  0x000001672723a644: ;   {other}
  0x000001672723a644: 0f1f 8400 | 343a 006c | 4885 c074 | 3748 8b54 | 2428 c5f8 | 7748 b8ff | ffff ffff 

  0x000001672723a660: ;   {virtual_call}
  0x000001672723a660: ffff ffe8 

  0x000001672723a664: ; ImmutableOopMap {rbp=Oop }
                      ;*invokevirtual getDataError {reexecute=0 rethrow=0 return_oop=1}
                      ; - java.net.URLClassLoader$1::run@71
                      ; - java.net.URLClassLoader$1::run@1
  0x000001672723a664: 184d 86ff 

  0x000001672723a668: ;   {other}
  0x000001672723a668: 0f1f 8400 | 583a 006d | 488b d54c | 8bc0 6690 

  0x000001672723a678: ;   {optimized virtual_call}
  0x000001672723a678: c5f8 77e8 

  0x000001672723a67c: ; ImmutableOopMap {rbp=Oop }
                      ;*invokevirtual addSuppressed {reexecute=0 rethrow=0 return_oop=0}
                      ; - java.net.URLClassLoader$1::run@74
                      ; - java.net.URLClassLoader$1::run@1
  0x000001672723a67c: 0048 86ff 

  0x000001672723a680: ;   {other}
  0x000001672723a680: 0f1f 8400 | 703a 006e | 488b d5eb | 0648 8bd8 | 488b d3c5 | f877 4881 | c4d0 0000 

  0x000001672723a69c: ;   {runtime_call _rethrow_Java}
  0x000001672723a69c: 005d e9dd | 0a94 ff48 | 8beb ba2f | 0000 0090 

  0x000001672723a6ac: ;   {runtime_call UncommonTrapBlob}
  0x000001672723a6ac: c5f8 77e8 

  0x000001672723a6b0: ; ImmutableOopMap {rbp=Oop [72]=Oop }
                      ;*new {reexecute=0 rethrow=0 return_oop=0}
                      ; - java.net.URLClassLoader$1::run@48
                      ; - java.net.URLClassLoader$1::run@1
  0x000001672723a6b0: 4cd4 86ff 

  0x000001672723a6b4: ;   {other}
  0x000001672723a6b4: 0f1f 8400 | a43a 006f | bafd 0000 | 004c 8b54 | 2428 4c89 | 5424 2090 

  0x000001672723a6cc: ;   {runtime_call UncommonTrapBlob}
  0x000001672723a6cc: c5f8 77e8 

  0x000001672723a6d0: ; ImmutableOopMap {[32]=Oop [72]=Oop [160]=Oop }
                      ;*new {reexecute=0 rethrow=0 return_oop=0}
                      ; - java.net.URLClassLoader::defineClass@103
                      ; - java.net.URLClassLoader$1::run@43
                      ; - java.net.URLClassLoader$1::run@1
  0x000001672723a6d0: 2cd4 86ff 

  0x000001672723a6d4: ;   {other}
  0x000001672723a6d4: 0f1f 8400 | c43a 0070 

  0x000001672723a6dc: ;   {metadata('java/lang/RuntimeException')}
  0x000001672723a6dc: 498b e848 | baa8 b705 | 3267 0100 | 0066 6690 

  0x000001672723a6ec: ;   {runtime_call _new_instance_Java}
  0x000001672723a6ec: c5f8 77e8 

  0x000001672723a6f0: ; ImmutableOopMap {rbp=Oop [40]=Oop [56]=NarrowOop [64]=Oop [72]=Oop [80]=NarrowOop [88]=Oop [120]=Oop [160]=Oop }
                      ;*new {reexecute=0 rethrow=0 return_oop=1}
                      ; - java.util.jar.JarFile::ensureInitialization@8
                      ; - java.util.jar.JavaUtilJarAccessImpl::ensureInitialization@1
                      ; - jdk.internal.loader.URLClassPath$JarLoader$2::getManifest@10
                      ; - java.net.URLClassLoader::defineClass@34
                      ; - java.net.URLClassLoader$1::run@43
                      ; - java.net.URLClassLoader$1::run@1
  0x000001672723a6f0: 0c7c 93ff 

  0x000001672723a6f4: ;   {other}
  0x000001672723a6f4: 0f1f 8400 | e43a 0071 | 4c8b c5e9 | dafa ffff | 488b ebba | 2a00 0000 | 48ff 7424 | 4848 8f44 
  0x000001672723a714: 2420 6690 

  0x000001672723a718: ;   {runtime_call UncommonTrapBlob}
  0x000001672723a718: c5f8 77e8 

  0x000001672723a71c: ; ImmutableOopMap {rbp=Oop [32]=Oop [40]=Oop [56]=NarrowOop [104]=NarrowOop [108]=NarrowOop [136]=Oop }
                      ;*new {reexecute=0 rethrow=0 return_oop=0}
                      ; - java.util.jar.JarFile$JarFileEntry::getCodeSigners@11
                      ; - jdk.internal.loader.URLClassPath$JarLoader$2::getCodeSigners@4
                      ; - java.net.URLClassLoader::defineClass@185
                      ; - java.net.URLClassLoader$1::run@43
                      ; - java.net.URLClassLoader$1::run@1
  0x000001672723a71c: e0d3 86ff 

  0x000001672723a720: ;   {other}
  0x000001672723a720: 0f1f 8400 | 103b 0072 | 498b cb48 | 8d94 24b0 | 0000 004d | 8bc7 c5f8 | 7749 bab0 | cf68 3bfd 
  0x000001672723a740: 7f00 0041 

  0x000001672723a744: ;   {other}
  0x000001672723a744: ffd2 0f1f | 8400 0000 | 0000 e9f8 | fbff ff49 | 8bcb 488d | 9424 b000 | 0000 4d8b | c7c5 f877 
  0x000001672723a764: 49ba b0cf | 683b fd7f | 0000 41ff 

  0x000001672723a770: ;   {other}
  0x000001672723a770: d20f 1f84 | 0000 0000 | 00e9 22fb 

  0x000001672723a77c: ;   {internal_word}
  0x000001672723a77c: ffff 49ba | c380 2327 | 6701 0000 | 4d89 9768 

  0x000001672723a78c: ;   {runtime_call SafepointBlob}
  0x000001672723a78c: 0400 00e9 | ecc1 86ff 

  0x000001672723a794: ;   {runtime_call StubRoutines (final stubs)}
  0x000001672723a794: e807 db84 | ffe9 80c9 | ffff f4f4 
[Stub Code]
  0x000001672723a7a0: ;   {no_reloc}
  0x000001672723a7a0: 48bb 0000 | 0000 0000 

  0x000001672723a7a8: ;   {runtime_call nmethod}
  0x000001672723a7a8: 0000 e9fb 

  0x000001672723a7ac: ;   {static_stub}
  0x000001672723a7ac: ffff ff48 | bb00 0000 | 0000 0000 

  0x000001672723a7b8: ;   {runtime_call nmethod}
  0x000001672723a7b8: 00e9 fbff 

  0x000001672723a7bc: ;   {static_stub}
  0x000001672723a7bc: ffff 48bb | 0000 0000 | 0000 0000 

  0x000001672723a7c8: ;   {runtime_call nmethod}
  0x000001672723a7c8: e9fb ffff 

  0x000001672723a7cc: ;   {static_stub}
  0x000001672723a7cc: ff48 bb00 | 0000 0000 

  0x000001672723a7d4: ;   {runtime_call nmethod}
  0x000001672723a7d4: 0000 00e9 | fbff ffff 

  0x000001672723a7dc: ;   {static_stub}
  0x000001672723a7dc: 48bb 0000 | 0000 0000 

  0x000001672723a7e4: ;   {runtime_call nmethod}
  0x000001672723a7e4: 0000 e9fb 

  0x000001672723a7e8: ;   {static_stub}
  0x000001672723a7e8: ffff ff48 | bb00 0000 | 0000 0000 

  0x000001672723a7f4: ;   {runtime_call nmethod}
  0x000001672723a7f4: 00e9 fbff 

  0x000001672723a7f8: ;   {static_stub}
  0x000001672723a7f8: ffff 48bb | 0000 0000 | 0000 0000 

  0x000001672723a804: ;   {runtime_call nmethod}
  0x000001672723a804: e9fb ffff 

  0x000001672723a808: ;   {static_stub}
  0x000001672723a808: ff48 bb00 | 0000 0000 

  0x000001672723a810: ;   {runtime_call nmethod}
  0x000001672723a810: 0000 00e9 | fbff ffff 

  0x000001672723a818: ;   {static_stub}
  0x000001672723a818: 48bb 0000 | 0000 0000 

  0x000001672723a820: ;   {runtime_call nmethod}
  0x000001672723a820: 0000 e9fb 

  0x000001672723a824: ;   {static_stub}
  0x000001672723a824: ffff ff48 | bb00 0000 | 0000 0000 

  0x000001672723a830: ;   {runtime_call nmethod}
  0x000001672723a830: 00e9 fbff 

  0x000001672723a834: ;   {static_stub}
  0x000001672723a834: ffff 48bb | 0000 0000 | 0000 0000 

  0x000001672723a840: ;   {runtime_call nmethod}
  0x000001672723a840: e9fb ffff 

  0x000001672723a844: ;   {static_stub}
  0x000001672723a844: ff48 bb00 | 0000 0000 

  0x000001672723a84c: ;   {runtime_call nmethod}
  0x000001672723a84c: 0000 00e9 | fbff ffff 

  0x000001672723a854: ;   {static_stub}
  0x000001672723a854: 48bb 0000 | 0000 0000 

  0x000001672723a85c: ;   {runtime_call nmethod}
  0x000001672723a85c: 0000 e9fb 

  0x000001672723a860: ;   {static_stub}
  0x000001672723a860: ffff ff48 | bb00 0000 | 0000 0000 

  0x000001672723a86c: ;   {runtime_call nmethod}
  0x000001672723a86c: 00e9 fbff 

  0x000001672723a870: ;   {static_stub}
  0x000001672723a870: ffff 48bb | 0000 0000 | 0000 0000 

  0x000001672723a87c: ;   {runtime_call nmethod}
  0x000001672723a87c: e9fb ffff 

  0x000001672723a880: ;   {static_stub}
  0x000001672723a880: ff48 bb00 | 0000 0000 

  0x000001672723a888: ;   {runtime_call nmethod}
  0x000001672723a888: 0000 00e9 | fbff ffff 
[Exception Handler]
  0x000001672723a890: ;   {runtime_call ExceptionBlob}
  0x000001672723a890: e9eb 8393 | ffe8 0000 | 0000 4883 

  0x000001672723a89c: ;   {runtime_call DeoptimizationBlob}
  0x000001672723a89c: 2c24 05e9 | 7cd5 86ff | f4f4 f4f4 
[/MachCode]


---------------  P R O C E S S  ---------------

Threads class SMR info:
_java_thread_list=0x000001674d2a9350, length=68, elements={
0x000001671c31e9e0, 0x000001674b002090, 0x000001674b005720, 0x000001674b006400,
0x000001674b008e90, 0x000001674b00d510, 0x000001674b00db80, 0x000001674b00e520,
0x000001674b010ff0, 0x000001674b217580, 0x000001674b27b110, 0x000001674ca8d530,
0x000001674ccf8bb0, 0x000001674cbc43d0, 0x000001674cd20470, 0x000001674cae62e0,
0x000001674cae55c0, 0x000001674cae7690, 0x000001674cae7d20, 0x000001674ffe0ba0,
0x000001674ffdf7f0, 0x000001674ffe3300, 0x000001674ffe18c0, 0x000001674ffe3990,
0x000001674ffe4020, 0x000001674ffe53d0, 0x000001674ffe4d40, 0x000001674f9e65e0,
0x000001674f9e4ba0, 0x000001674f9e7300, 0x00000167517f19c0, 0x00000167517f2050,
0x000001674ffe1230, 0x000001674ffdfe80, 0x000001674cae7000, 0x000001674ffe6e10,
0x00000167517f1330, 0x00000167517f0610, 0x00000167517eff80, 0x00000167517f26e0,
0x00000167517f3a90, 0x00000167517f2d70, 0x00000167517f0ca0, 0x00000167517f54d0,
0x00000167517f75a0, 0x00000167517f5b60, 0x00000167517f4e40, 0x00000167517f61f0,
0x00000167517f6880, 0x00000167517f6f10, 0x00000167517f47b0, 0x000001674f9e5230,
0x000001674f9e37f0, 0x000001674f9e3160, 0x000001674f9e1db0, 0x000001674f9e58c0,
0x000001674f9e3e80, 0x000001674f9e5f50, 0x000001674f9e2ad0, 0x000001674f9e93d0,
0x000001674f9e7990, 0x000001674f9e8d40, 0x000001674f9e6c70, 0x000001674f9e8020,
0x000001674f9e86b0, 0x000001674d813a20, 0x0000016752366860, 0x000001674d8140b0
}
_to_delete_list=0x000001674e0e48f0
Skipping _to_delete_list fields and contents for safety.

Java Threads: ( => current thread )
  0x000001671c31e9e0 JavaThread "main"                              [_thread_blocked, id=26348, stack(0x0000003477800000,0x0000003477900000) (1024K)]
  0x000001674b002090 JavaThread "Reference Handler"          daemon [_thread_blocked, id=25408, stack(0x0000003478000000,0x0000003478100000) (1024K)]
  0x000001674b005720 JavaThread "Finalizer"                  daemon [_thread_blocked, id=25672, stack(0x0000003478100000,0x0000003478200000) (1024K)]
  0x000001674b006400 JavaThread "Signal Dispatcher"          daemon [_thread_blocked, id=23720, stack(0x0000003478200000,0x0000003478300000) (1024K)]
  0x000001674b008e90 JavaThread "Attach Listener"            daemon [_thread_blocked, id=4984, stack(0x0000003478300000,0x0000003478400000) (1024K)]
  0x000001674b00d510 JavaThread "Service Thread"             daemon [_thread_blocked, id=21344, stack(0x0000003478400000,0x0000003478500000) (1024K)]
  0x000001674b00db80 JavaThread "Monitor Deflation Thread"   daemon [_thread_blocked, id=20764, stack(0x0000003478500000,0x0000003478600000) (1024K)]
  0x000001674b00e520 JavaThread "C2 CompilerThread0"         daemon [_thread_blocked, id=9632, stack(0x0000003478600000,0x0000003478700000) (1024K)]
  0x000001674b010ff0 JavaThread "C1 CompilerThread0"         daemon [_thread_blocked, id=24992, stack(0x0000003478700000,0x0000003478800000) (1024K)]
  0x000001674b217580 JavaThread "Common-Cleaner"             daemon [_thread_blocked, id=1860, stack(0x0000003478800000,0x0000003478900000) (1024K)]
  0x000001674b27b110 JavaThread "Notification Thread"        daemon [_thread_blocked, id=25168, stack(0x0000003478900000,0x0000003478a00000) (1024K)]
  0x000001674ca8d530 JavaThread "Daemon health stats"               [_thread_blocked, id=25856, stack(0x0000003478b00000,0x0000003478c00000) (1024K)]
  0x000001674ccf8bb0 JavaThread "Incoming local TCP Connector on port 57696"        [_thread_in_native, id=17080, stack(0x0000003479100000,0x0000003479200000) (1024K)]
  0x000001674cbc43d0 JavaThread "Daemon periodic checks"            [_thread_blocked, id=19716, stack(0x0000003479200000,0x0000003479300000) (1024K)]
  0x000001674cd20470 JavaThread "Daemon"                            [_thread_blocked, id=11948, stack(0x0000003479300000,0x0000003479400000) (1024K)]
=>0x000001674cae62e0 JavaThread "Daemon worker"                     [_thread_in_vm, id=26340, stack(0x0000003479600000,0x0000003479700000) (1024K)]
  0x000001674cae55c0 JavaThread "Cache worker for journal cache (C:\Users\vsing\.gradle\caches\journal-1)"        [_thread_blocked, id=19872, stack(0x0000003479a00000,0x0000003479b00000) (1024K)]
  0x000001674cae7690 JavaThread "File lock request listener"        [_thread_in_native, id=24476, stack(0x0000003479b00000,0x0000003479c00000) (1024K)]
  0x000001674cae7d20 JavaThread "Cache worker for file hash cache (C:\Users\vsing\.gradle\caches\8.9\fileHashes)"        [_thread_blocked, id=25260, stack(0x0000003479c00000,0x0000003479d00000) (1024K)]
  0x000001674ffe0ba0 JavaThread "File watcher server"        daemon [_thread_in_native, id=26252, stack(0x000000347a300000,0x000000347a400000) (1024K)]
  0x000001674ffdf7f0 JavaThread "File watcher consumer"      daemon [_thread_blocked, id=25252, stack(0x000000347a400000,0x000000347a500000) (1024K)]
  0x000001674ffe3300 JavaThread "Cache worker for file content cache (C:\Users\vsing\.gradle\caches\8.9\fileContent)"        [_thread_blocked, id=20832, stack(0x000000347a500000,0x000000347a600000) (1024K)]
  0x000001674ffe18c0 JavaThread "jar transforms"                    [_thread_blocked, id=24696, stack(0x000000347a800000,0x000000347a900000) (1024K)]
  0x000001674ffe3990 JavaThread "jar transforms Thread 2"           [_thread_blocked, id=25340, stack(0x0000003478a00000,0x0000003478b00000) (1024K)]
  0x000001674ffe4020 JavaThread "jar transforms Thread 3"           [_thread_blocked, id=20052, stack(0x000000347a900000,0x000000347aa00000) (1024K)]
  0x000001674ffe53d0 JavaThread "jar transforms Thread 4"           [_thread_blocked, id=20416, stack(0x000000347ab00000,0x000000347ac00000) (1024K)]
  0x000001674ffe4d40 JavaThread "jar transforms Thread 5"           [_thread_blocked, id=3784, stack(0x000000347ac00000,0x000000347ad00000) (1024K)]
  0x000001674f9e65e0 JavaThread "jar transforms Thread 6"           [_thread_blocked, id=25020, stack(0x000000347c300000,0x000000347c400000) (1024K)]
  0x000001674f9e4ba0 JavaThread "VFS cleanup"                       [_thread_blocked, id=20920, stack(0x0000003479700000,0x0000003479800000) (1024K)]
  0x000001674f9e7300 JavaThread "jar transforms Thread 7"           [_thread_blocked, id=17524, stack(0x000000347ae00000,0x000000347af00000) (1024K)]
  0x00000167517f19c0 JavaThread "jar transforms Thread 8"           [_thread_blocked, id=16676, stack(0x000000347c600000,0x000000347c700000) (1024K)]
  0x00000167517f2050 JavaThread "File lock release action executor"        [_thread_blocked, id=14348, stack(0x0000003479400000,0x0000003479500000) (1024K)]
  0x000001674ffe1230 JavaThread "Memory manager"                    [_thread_blocked, id=26604, stack(0x000000347c500000,0x000000347c600000) (1024K)]
  0x000001674ffdfe80 JavaThread "included builds"                   [_thread_blocked, id=25936, stack(0x000000347c800000,0x000000347c900000) (1024K)]
  0x000001674cae7000 JavaThread "included builds"                   [_thread_blocked, id=26184, stack(0x000000347c700000,0x000000347c800000) (1024K)]
  0x000001674ffe6e10 JavaThread "included builds"                   [_thread_blocked, id=7292, stack(0x000000347ca00000,0x000000347cb00000) (1024K)]
  0x00000167517f1330 JavaThread "Handler for socket connection from /127.0.0.1:57696 to /127.0.0.1:51884"        [_thread_in_native, id=2752, stack(0x0000003477700000,0x0000003477800000) (1024K)]
  0x00000167517f0610 JavaThread "Cancel handler"                    [_thread_blocked, id=21776, stack(0x0000003479500000,0x0000003479600000) (1024K)]
  0x00000167517eff80 JavaThread "Asynchronous log dispatcher for DefaultDaemonConnection: socket connection from /127.0.0.1:57696 to /127.0.0.1:51884"        [_thread_blocked, id=26428, stack(0x0000003479800000,0x0000003479900000) (1024K)]
  0x00000167517f26e0 JavaThread "Stdin handler"                     [_thread_blocked, id=9124, stack(0x0000003479900000,0x0000003479a00000) (1024K)]
  0x00000167517f3a90 JavaThread "Daemon client event forwarder"        [_thread_blocked, id=7912, stack(0x0000003479d00000,0x0000003479e00000) (1024K)]
  0x00000167517f2d70 JavaThread "Cache worker for file hash cache (C:\chatbots\node_modules\react-native-vector-icons\android\.gradle\8.9\fileHashes)"        [_thread_blocked, id=6792, stack(0x0000003479e00000,0x0000003479f00000) (1024K)]
  0x00000167517f0ca0 JavaThread "Cache worker for Build Output Cleanup Cache (C:\chatbots\node_modules\react-native-vector-icons\android\.gradle\buildOutputCleanup)"        [_thread_blocked, id=3204, stack(0x0000003479f00000,0x000000347a000000) (1024K)]
  0x00000167517f54d0 JavaThread "Cache worker for checksums cache (C:\chatbots\node_modules\react-native-vector-icons\android\.gradle\8.9\checksums)"        [_thread_blocked, id=23788, stack(0x000000347a600000,0x000000347a700000) (1024K)]
  0x00000167517f75a0 JavaThread "Cache worker for cache directory md-rule (C:\Users\vsing\.gradle\caches\8.9\md-rule)"        [_thread_blocked, id=25288, stack(0x000000347a700000,0x000000347a800000) (1024K)]
  0x00000167517f5b60 JavaThread "Cache worker for cache directory md-supplier (C:\Users\vsing\.gradle\caches\8.9\md-supplier)"        [_thread_blocked, id=7384, stack(0x000000347ad00000,0x000000347ae00000) (1024K)]
  0x00000167517f4e40 JavaThread "Unconstrained build operations"        [_thread_blocked, id=15524, stack(0x000000347aa00000,0x000000347ab00000) (1024K)]
  0x00000167517f61f0 JavaThread "Unconstrained build operations Thread 2"        [_thread_blocked, id=14056, stack(0x000000347af00000,0x000000347b000000) (1024K)]
  0x00000167517f6880 JavaThread "Unconstrained build operations Thread 3"        [_thread_blocked, id=15828, stack(0x000000347b000000,0x000000347b100000) (1024K)]
  0x00000167517f6f10 JavaThread "Unconstrained build operations Thread 4"        [_thread_blocked, id=12796, stack(0x000000347b100000,0x000000347b200000) (1024K)]
  0x00000167517f47b0 JavaThread "Unconstrained build operations Thread 5"        [_thread_blocked, id=12872, stack(0x000000347b200000,0x000000347b300000) (1024K)]
  0x000001674f9e5230 JavaThread "Unconstrained build operations Thread 6"        [_thread_blocked, id=22044, stack(0x000000347b300000,0x000000347b400000) (1024K)]
  0x000001674f9e37f0 JavaThread "Unconstrained build operations Thread 7"        [_thread_blocked, id=25608, stack(0x000000347b400000,0x000000347b500000) (1024K)]
  0x000001674f9e3160 JavaThread "Unconstrained build operations Thread 8"        [_thread_blocked, id=6152, stack(0x000000347b500000,0x000000347b600000) (1024K)]
  0x000001674f9e1db0 JavaThread "Unconstrained build operations Thread 9"        [_thread_blocked, id=12360, stack(0x000000347b600000,0x000000347b700000) (1024K)]
  0x000001674f9e58c0 JavaThread "Unconstrained build operations Thread 10"        [_thread_blocked, id=22508, stack(0x000000347b700000,0x000000347b800000) (1024K)]
  0x000001674f9e3e80 JavaThread "Unconstrained build operations Thread 11"        [_thread_blocked, id=6888, stack(0x000000347b800000,0x000000347b900000) (1024K)]
  0x000001674f9e5f50 JavaThread "Unconstrained build operations Thread 12"        [_thread_blocked, id=15844, stack(0x000000347b900000,0x000000347ba00000) (1024K)]
  0x000001674f9e2ad0 JavaThread "Unconstrained build operations Thread 13"        [_thread_blocked, id=25556, stack(0x000000347ba00000,0x000000347bb00000) (1024K)]
  0x000001674f9e93d0 JavaThread "Unconstrained build operations Thread 14"        [_thread_blocked, id=23244, stack(0x000000347bb00000,0x000000347bc00000) (1024K)]
  0x000001674f9e7990 JavaThread "Unconstrained build operations Thread 15"        [_thread_blocked, id=25628, stack(0x000000347bc00000,0x000000347bd00000) (1024K)]
  0x000001674f9e8d40 JavaThread "Unconstrained build operations Thread 16"        [_thread_blocked, id=2304, stack(0x000000347bd00000,0x000000347be00000) (1024K)]
  0x000001674f9e6c70 JavaThread "Unconstrained build operations Thread 17"        [_thread_blocked, id=10264, stack(0x000000347be00000,0x000000347bf00000) (1024K)]
  0x000001674f9e8020 JavaThread "Unconstrained build operations Thread 18"        [_thread_blocked, id=26144, stack(0x000000347bf00000,0x000000347c000000) (1024K)]
  0x000001674f9e86b0 JavaThread "Unconstrained build operations Thread 19"        [_thread_blocked, id=21968, stack(0x000000347c000000,0x000000347c100000) (1024K)]
  0x000001674d813a20 JavaThread "Unconstrained build operations Thread 20"        [_thread_blocked, id=25412, stack(0x000000347c100000,0x000000347c200000) (1024K)]
  0x0000016752366860 JavaThread "C2 CompilerThread1"         daemon [_thread_blocked, id=7456, stack(0x000000347c200000,0x000000347c300000) (1024K)]
  0x000001674d8140b0 JavaThread "Unconstrained build operations Thread 21"        [_thread_blocked, id=25448, stack(0x000000347c400000,0x000000347c500000) (1024K)]
Total: 68

Other Threads:
  0x0000016731cb2f90 VMThread "VM Thread"                           [id=18208, stack(0x0000003477f00000,0x0000003478000000) (1024K)] _threads_hazard_ptr=0x000001674d2a9350
  0x0000016731ca13d0 WatcherThread "VM Periodic Task Thread"        [id=26240, stack(0x0000003477e00000,0x0000003477f00000) (1024K)]
  0x000001671c34bbd0 WorkerThread "GC Thread#0"                     [id=18736, stack(0x0000003477900000,0x0000003477a00000) (1024K)]
  0x000001674ba94ce0 WorkerThread "GC Thread#1"                     [id=18768, stack(0x0000003478c00000,0x0000003478d00000) (1024K)]
  0x000001674b8d5ea0 WorkerThread "GC Thread#2"                     [id=22832, stack(0x0000003478d00000,0x0000003478e00000) (1024K)]
  0x000001674bd07c40 WorkerThread "GC Thread#3"                     [id=25880, stack(0x0000003478e00000,0x0000003478f00000) (1024K)]
  0x000001674bd07ff0 WorkerThread "GC Thread#4"                     [id=19940, stack(0x0000003478f00000,0x0000003479000000) (1024K)]
  0x000001674bcb5120 WorkerThread "GC Thread#5"                     [id=25180, stack(0x0000003479000000,0x0000003479100000) (1024K)]
  0x000001674cc7af10 WorkerThread "GC Thread#6"                     [id=23724, stack(0x000000347a000000,0x000000347a100000) (1024K)]
  0x000001674eebbb60 WorkerThread "GC Thread#7"                     [id=20012, stack(0x000000347a100000,0x000000347a200000) (1024K)]
  0x000001671c350ad0 ConcurrentGCThread "G1 Main Marker"            [id=12864, stack(0x0000003477a00000,0x0000003477b00000) (1024K)]
  0x000001671c352370 WorkerThread "G1 Conc#0"                       [id=21416, stack(0x0000003477b00000,0x0000003477c00000) (1024K)]
  0x000001674eebcdd0 WorkerThread "G1 Conc#1"                       [id=26076, stack(0x000000347a200000,0x000000347a300000) (1024K)]
  0x0000016731b759f0 ConcurrentGCThread "G1 Refine#0"               [id=12672, stack(0x0000003477c00000,0x0000003477d00000) (1024K)]
  0x0000016731b75e30 ConcurrentGCThread "G1 Service"                [id=18988, stack(0x0000003477d00000,0x0000003477e00000) (1024K)]
Total: 15

Threads with active compile tasks:
Total: 0

VM state: synchronizing (normal execution)

VM Mutex/Monitor currently owned by a thread:  ([mutex/lock_event])
[0x00007ffd3bc0c4e0] Metaspace_lock - owner thread: 0x000001674cae62e0
[0x00007ffd3bc0e560] Threads_lock - owner thread: 0x0000016731cb2f90

Heap address: 0x00000000e0000000, size: 512 MB, Compressed Oops mode: 32-bit

CDS archive(s) mapped at: [0x0000016732000000-0x0000016732ba0000-0x0000016732ba0000), size 12189696, SharedBaseAddress: 0x0000016732000000, ArchiveRelocationMode: 1.
Compressed class space mapped at: 0x0000016733000000-0x0000016747000000, reserved size: 335544320
Narrow klass base: 0x0000016732000000, Narrow klass shift: 0, Narrow klass range: 0x100000000

GC Precious Log:
 CardTable entry size: 512
 Card Set container configuration: InlinePtr #cards 5 size 8 Array Of Cards #cards 12 size 40 Howl #buckets 4 coarsen threshold 1843 Howl Bitmap #cards 512 size 80 coarsen threshold 460 Card regions per heap region 1 cards per card region 2048
 CPUs: 8 total, 8 available
 Memory: 7834M
 Large Page Support: Disabled
 NUMA Support: Disabled
 Compressed Oops: Enabled (32-bit)
 Heap Region Size: 1M
 Heap Min Capacity: 256M
 Heap Initial Capacity: 256M
 Heap Max Capacity: 512M
 Pre-touch: Disabled
 Parallel Workers: 8
 Concurrent Workers: 2
 Concurrent Refinement Workers: 8
 Periodic GC: Disabled

Heap:
 garbage-first heap   total 275456K, used 184098K [0x00000000e0000000, 0x0000000100000000)
  region size 1024K, 29 young (29696K), 11 survivors (11264K)
 Metaspace       used 99108K, committed 101312K, reserved 458752K
  class space    used 13914K, committed 14976K, reserved 327680K

Heap Regions: E=young(eden), S=young(survivor), O=old, HS=humongous(starts), HC=humongous(continues), CS=collection set, F=free, TAMS=top-at-mark-start, PB=parsable bottom
|   0|0x00000000e0000000, 0x00000000e0100000, 0x00000000e0100000|100%|HS|  |TAMS 0x00000000e0000000| PB 0x00000000e0000000| Complete 
|   1|0x00000000e0100000, 0x00000000e0200000, 0x00000000e0200000|100%|HC|  |TAMS 0x00000000e0100000| PB 0x00000000e0100000| Complete 
|   2|0x00000000e0200000, 0x00000000e0300000, 0x00000000e0300000|100%|HC|  |TAMS 0x00000000e0200000| PB 0x00000000e0200000| Complete 
|   3|0x00000000e0300000, 0x00000000e0400000, 0x00000000e0400000|100%|HC|  |TAMS 0x00000000e0300000| PB 0x00000000e0300000| Complete 
|   4|0x00000000e0400000, 0x00000000e0500000, 0x00000000e0500000|100%| O|  |TAMS 0x00000000e0400000| PB 0x00000000e0400000| Untracked 
|   5|0x00000000e0500000, 0x00000000e0600000, 0x00000000e0600000|100%| O|  |TAMS 0x00000000e0500000| PB 0x00000000e0500000| Untracked 
|   6|0x00000000e0600000, 0x00000000e0700000, 0x00000000e0700000|100%| O|  |TAMS 0x00000000e0600000| PB 0x00000000e0600000| Untracked 
|   7|0x00000000e0700000, 0x00000000e0800000, 0x00000000e0800000|100%| O|  |TAMS 0x00000000e0700000| PB 0x00000000e0700000| Untracked 
|   8|0x00000000e0800000, 0x00000000e0900000, 0x00000000e0900000|100%| O|  |TAMS 0x00000000e0800000| PB 0x00000000e0800000| Untracked 
|   9|0x00000000e0900000, 0x00000000e0a00000, 0x00000000e0a00000|100%| O|  |TAMS 0x00000000e0900000| PB 0x00000000e0900000| Untracked 
|  10|0x00000000e0a00000, 0x00000000e0b00000, 0x00000000e0b00000|100%|HS|  |TAMS 0x00000000e0a00000| PB 0x00000000e0a00000| Complete 
|  11|0x00000000e0b00000, 0x00000000e0c00000, 0x00000000e0c00000|100%| O|  |TAMS 0x00000000e0b00000| PB 0x00000000e0b00000| Untracked 
|  12|0x00000000e0c00000, 0x00000000e0d00000, 0x00000000e0d00000|100%| O|  |TAMS 0x00000000e0c00000| PB 0x00000000e0c00000| Untracked 
|  13|0x00000000e0d00000, 0x00000000e0e00000, 0x00000000e0e00000|100%| O|  |TAMS 0x00000000e0d00000| PB 0x00000000e0d00000| Untracked 
|  14|0x00000000e0e00000, 0x00000000e0f00000, 0x00000000e0f00000|100%| O|  |TAMS 0x00000000e0e00000| PB 0x00000000e0e00000| Untracked 
|  15|0x00000000e0f00000, 0x00000000e1000000, 0x00000000e1000000|100%| O|  |TAMS 0x00000000e0f00000| PB 0x00000000e0f00000| Untracked 
|  16|0x00000000e1000000, 0x00000000e1100000, 0x00000000e1100000|100%| O|  |TAMS 0x00000000e1000000| PB 0x00000000e1000000| Untracked 
|  17|0x00000000e1100000, 0x00000000e1200000, 0x00000000e1200000|100%| O|  |TAMS 0x00000000e1100000| PB 0x00000000e1100000| Untracked 
|  18|0x00000000e1200000, 0x00000000e1300000, 0x00000000e1300000|100%| O|  |TAMS 0x00000000e1200000| PB 0x00000000e1200000| Untracked 
|  19|0x00000000e1300000, 0x00000000e1400000, 0x00000000e1400000|100%| O|  |TAMS 0x00000000e1300000| PB 0x00000000e1300000| Untracked 
|  20|0x00000000e1400000, 0x00000000e1500000, 0x00000000e1500000|100%| O|  |TAMS 0x00000000e1400000| PB 0x00000000e1400000| Untracked 
|  21|0x00000000e1500000, 0x00000000e1600000, 0x00000000e1600000|100%| O|  |TAMS 0x00000000e1500000| PB 0x00000000e1500000| Untracked 
|  22|0x00000000e1600000, 0x00000000e1700000, 0x00000000e1700000|100%| O|  |TAMS 0x00000000e1600000| PB 0x00000000e1600000| Untracked 
|  23|0x00000000e1700000, 0x00000000e1800000, 0x00000000e1800000|100%| O|  |TAMS 0x00000000e1700000| PB 0x00000000e1700000| Untracked 
|  24|0x00000000e1800000, 0x00000000e1900000, 0x00000000e1900000|100%| O|  |TAMS 0x00000000e1800000| PB 0x00000000e1800000| Untracked 
|  25|0x00000000e1900000, 0x00000000e1a00000, 0x00000000e1a00000|100%|HS|  |TAMS 0x00000000e1900000| PB 0x00000000e1900000| Complete 
|  26|0x00000000e1a00000, 0x00000000e1b00000, 0x00000000e1b00000|100%|HC|  |TAMS 0x00000000e1a00000| PB 0x00000000e1a00000| Complete 
|  27|0x00000000e1b00000, 0x00000000e1c00000, 0x00000000e1c00000|100%|HS|  |TAMS 0x00000000e1b00000| PB 0x00000000e1b00000| Complete 
|  28|0x00000000e1c00000, 0x00000000e1d00000, 0x00000000e1d00000|100%|HC|  |TAMS 0x00000000e1c00000| PB 0x00000000e1c00000| Complete 
|  29|0x00000000e1d00000, 0x00000000e1e00000, 0x00000000e1e00000|100%|HC|  |TAMS 0x00000000e1d00000| PB 0x00000000e1d00000| Complete 
|  30|0x00000000e1e00000, 0x00000000e1f00000, 0x00000000e1f00000|100%|HC|  |TAMS 0x00000000e1e00000| PB 0x00000000e1e00000| Complete 
|  31|0x00000000e1f00000, 0x00000000e2000000, 0x00000000e2000000|100%| O|  |TAMS 0x00000000e1f00000| PB 0x00000000e1f00000| Untracked 
|  32|0x00000000e2000000, 0x00000000e2100000, 0x00000000e2100000|100%| O|  |TAMS 0x00000000e2000000| PB 0x00000000e2000000| Untracked 
|  33|0x00000000e2100000, 0x00000000e2200000, 0x00000000e2200000|100%| O|  |TAMS 0x00000000e2100000| PB 0x00000000e2100000| Untracked 
|  34|0x00000000e2200000, 0x00000000e2300000, 0x00000000e2300000|100%| O|  |TAMS 0x00000000e2200000| PB 0x00000000e2200000| Untracked 
|  35|0x00000000e2300000, 0x00000000e2400000, 0x00000000e2400000|100%| O|  |TAMS 0x00000000e2300000| PB 0x00000000e2300000| Untracked 
|  36|0x00000000e2400000, 0x00000000e2500000, 0x00000000e2500000|100%| O|  |TAMS 0x00000000e2400000| PB 0x00000000e2400000| Untracked 
|  37|0x00000000e2500000, 0x00000000e2600000, 0x00000000e2600000|100%| O|  |TAMS 0x00000000e2500000| PB 0x00000000e2500000| Untracked 
|  38|0x00000000e2600000, 0x00000000e2700000, 0x00000000e2700000|100%| O|  |TAMS 0x00000000e2600000| PB 0x00000000e2600000| Untracked 
|  39|0x00000000e2700000, 0x00000000e2800000, 0x00000000e2800000|100%| O|  |TAMS 0x00000000e2700000| PB 0x00000000e2700000| Untracked 
|  40|0x00000000e2800000, 0x00000000e2900000, 0x00000000e2900000|100%| O|  |TAMS 0x00000000e2800000| PB 0x00000000e2800000| Untracked 
|  41|0x00000000e2900000, 0x00000000e2a00000, 0x00000000e2a00000|100%| O|  |TAMS 0x00000000e2900000| PB 0x00000000e2900000| Untracked 
|  42|0x00000000e2a00000, 0x00000000e2b00000, 0x00000000e2b00000|100%| O|  |TAMS 0x00000000e2a00000| PB 0x00000000e2a00000| Untracked 
|  43|0x00000000e2b00000, 0x00000000e2c00000, 0x00000000e2c00000|100%| O|  |TAMS 0x00000000e2b00000| PB 0x00000000e2b00000| Untracked 
|  44|0x00000000e2c00000, 0x00000000e2d00000, 0x00000000e2d00000|100%| O|  |TAMS 0x00000000e2c00000| PB 0x00000000e2c00000| Untracked 
|  45|0x00000000e2d00000, 0x00000000e2e00000, 0x00000000e2e00000|100%|HS|  |TAMS 0x00000000e2d00000| PB 0x00000000e2d00000| Complete 
|  46|0x00000000e2e00000, 0x00000000e2f00000, 0x00000000e2f00000|100%| O|  |TAMS 0x00000000e2e00000| PB 0x00000000e2e00000| Untracked 
|  47|0x00000000e2f00000, 0x00000000e3000000, 0x00000000e3000000|100%|HS|  |TAMS 0x00000000e2f00000| PB 0x00000000e2f00000| Complete 
|  48|0x00000000e3000000, 0x00000000e3100000, 0x00000000e3100000|100%|HS|  |TAMS 0x00000000e3000000| PB 0x00000000e3000000| Complete 
|  49|0x00000000e3100000, 0x00000000e3200000, 0x00000000e3200000|100%|HC|  |TAMS 0x00000000e3100000| PB 0x00000000e3100000| Complete 
|  50|0x00000000e3200000, 0x00000000e3300000, 0x00000000e3300000|100%|HS|  |TAMS 0x00000000e3200000| PB 0x00000000e3200000| Complete 
|  51|0x00000000e3300000, 0x00000000e3400000, 0x00000000e3400000|100%|HC|  |TAMS 0x00000000e3300000| PB 0x00000000e3300000| Complete 
|  52|0x00000000e3400000, 0x00000000e3500000, 0x00000000e3500000|100%|HS|  |TAMS 0x00000000e3400000| PB 0x00000000e3400000| Complete 
|  53|0x00000000e3500000, 0x00000000e3600000, 0x00000000e3600000|100%|HC|  |TAMS 0x00000000e3500000| PB 0x00000000e3500000| Complete 
|  54|0x00000000e3600000, 0x00000000e3700000, 0x00000000e3700000|100%|HC|  |TAMS 0x00000000e3600000| PB 0x00000000e3600000| Complete 
|  55|0x00000000e3700000, 0x00000000e3800000, 0x00000000e3800000|100%| O|  |TAMS 0x00000000e3700000| PB 0x00000000e3700000| Untracked 
|  56|0x00000000e3800000, 0x00000000e3900000, 0x00000000e3900000|100%| O|  |TAMS 0x00000000e3800000| PB 0x00000000e3800000| Untracked 
|  57|0x00000000e3900000, 0x00000000e3a00000, 0x00000000e3a00000|100%| O|  |TAMS 0x00000000e3900000| PB 0x00000000e3900000| Untracked 
|  58|0x00000000e3a00000, 0x00000000e3b00000, 0x00000000e3b00000|100%| O|  |TAMS 0x00000000e3a00000| PB 0x00000000e3a00000| Untracked 
|  59|0x00000000e3b00000, 0x00000000e3c00000, 0x00000000e3c00000|100%| O|  |TAMS 0x00000000e3b00000| PB 0x00000000e3b00000| Untracked 
|  60|0x00000000e3c00000, 0x00000000e3d00000, 0x00000000e3d00000|100%| O|  |TAMS 0x00000000e3c00000| PB 0x00000000e3c00000| Untracked 
|  61|0x00000000e3d00000, 0x00000000e3e00000, 0x00000000e3e00000|100%| O|  |TAMS 0x00000000e3d00000| PB 0x00000000e3d00000| Untracked 
|  62|0x00000000e3e00000, 0x00000000e3e00000, 0x00000000e3f00000|  0%| F|  |TAMS 0x00000000e3e00000| PB 0x00000000e3e00000| Untracked 
|  63|0x00000000e3f00000, 0x00000000e4000000, 0x00000000e4000000|100%|HS|  |TAMS 0x00000000e3f00000| PB 0x00000000e3f00000| Complete 
|  64|0x00000000e4000000, 0x00000000e4100000, 0x00000000e4100000|100%|HS|  |TAMS 0x00000000e4000000| PB 0x00000000e4000000| Complete 
|  65|0x00000000e4100000, 0x00000000e4200000, 0x00000000e4200000|100%|HS|  |TAMS 0x00000000e4100000| PB 0x00000000e4100000| Complete 
|  66|0x00000000e4200000, 0x00000000e4300000, 0x00000000e4300000|100%| O|  |TAMS 0x00000000e4200000| PB 0x00000000e4200000| Untracked 
|  67|0x00000000e4300000, 0x00000000e4400000, 0x00000000e4400000|100%| O|  |TAMS 0x00000000e4300000| PB 0x00000000e4300000| Untracked 
|  68|0x00000000e4400000, 0x00000000e4500000, 0x00000000e4500000|100%| O|  |TAMS 0x00000000e4400000| PB 0x00000000e4400000| Untracked 
|  69|0x00000000e4500000, 0x00000000e4600000, 0x00000000e4600000|100%| O|  |TAMS 0x00000000e4500000| PB 0x00000000e4500000| Untracked 
|  70|0x00000000e4600000, 0x00000000e4700000, 0x00000000e4700000|100%| O|  |TAMS 0x00000000e4600000| PB 0x00000000e4600000| Untracked 
|  71|0x00000000e4700000, 0x00000000e4800000, 0x00000000e4800000|100%| O|  |TAMS 0x00000000e4700000| PB 0x00000000e4700000| Untracked 
|  72|0x00000000e4800000, 0x00000000e4900000, 0x00000000e4900000|100%| O|  |TAMS 0x00000000e4800000| PB 0x00000000e4800000| Untracked 
|  73|0x00000000e4900000, 0x00000000e4a00000, 0x00000000e4a00000|100%| O|  |TAMS 0x00000000e4900000| PB 0x00000000e4900000| Untracked 
|  74|0x00000000e4a00000, 0x00000000e4b00000, 0x00000000e4b00000|100%| O|  |TAMS 0x00000000e4a00000| PB 0x00000000e4a00000| Untracked 
|  75|0x00000000e4b00000, 0x00000000e4c00000, 0x00000000e4c00000|100%| O|  |TAMS 0x00000000e4b00000| PB 0x00000000e4b00000| Untracked 
|  76|0x00000000e4c00000, 0x00000000e4d00000, 0x00000000e4d00000|100%| O|  |TAMS 0x00000000e4c00000| PB 0x00000000e4c00000| Untracked 
|  77|0x00000000e4d00000, 0x00000000e4e00000, 0x00000000e4e00000|100%| O|  |TAMS 0x00000000e4d00000| PB 0x00000000e4d00000| Untracked 
|  78|0x00000000e4e00000, 0x00000000e4f00000, 0x00000000e4f00000|100%| O|  |TAMS 0x00000000e4e00000| PB 0x00000000e4e00000| Untracked 
|  79|0x00000000e4f00000, 0x00000000e5000000, 0x00000000e5000000|100%| O|  |TAMS 0x00000000e4f00000| PB 0x00000000e4f00000| Untracked 
|  80|0x00000000e5000000, 0x00000000e5100000, 0x00000000e5100000|100%|HS|  |TAMS 0x00000000e5000000| PB 0x00000000e5000000| Complete 
|  81|0x00000000e5100000, 0x00000000e5200000, 0x00000000e5200000|100%|HC|  |TAMS 0x00000000e5100000| PB 0x00000000e5100000| Complete 
|  82|0x00000000e5200000, 0x00000000e5300000, 0x00000000e5300000|100%|HS|  |TAMS 0x00000000e5200000| PB 0x00000000e5200000| Complete 
|  83|0x00000000e5300000, 0x00000000e5400000, 0x00000000e5400000|100%| O|  |TAMS 0x00000000e5300000| PB 0x00000000e5300000| Untracked 
|  84|0x00000000e5400000, 0x00000000e5500000, 0x00000000e5500000|100%| O|  |TAMS 0x00000000e5400000| PB 0x00000000e5400000| Untracked 
|  85|0x00000000e5500000, 0x00000000e5600000, 0x00000000e5600000|100%| O|  |TAMS 0x00000000e5500000| PB 0x00000000e5500000| Untracked 
|  86|0x00000000e5600000, 0x00000000e5700000, 0x00000000e5700000|100%| O|  |TAMS 0x00000000e5600000| PB 0x00000000e5600000| Untracked 
|  87|0x00000000e5700000, 0x00000000e5800000, 0x00000000e5800000|100%| O|  |TAMS 0x00000000e5700000| PB 0x00000000e5700000| Untracked 
|  88|0x00000000e5800000, 0x00000000e5900000, 0x00000000e5900000|100%| O|  |TAMS 0x00000000e5800000| PB 0x00000000e5800000| Untracked 
|  89|0x00000000e5900000, 0x00000000e5a00000, 0x00000000e5a00000|100%| O|  |TAMS 0x00000000e5900000| PB 0x00000000e5900000| Untracked 
|  90|0x00000000e5a00000, 0x00000000e5b00000, 0x00000000e5b00000|100%| O|  |TAMS 0x00000000e5a00000| PB 0x00000000e5a00000| Untracked 
|  91|0x00000000e5b00000, 0x00000000e5c00000, 0x00000000e5c00000|100%| O|  |TAMS 0x00000000e5b00000| PB 0x00000000e5b00000| Untracked 
|  92|0x00000000e5c00000, 0x00000000e5d00000, 0x00000000e5d00000|100%| O|  |TAMS 0x00000000e5c00000| PB 0x00000000e5c00000| Untracked 
|  93|0x00000000e5d00000, 0x00000000e5e00000, 0x00000000e5e00000|100%| O|  |TAMS 0x00000000e5d00000| PB 0x00000000e5d00000| Untracked 
|  94|0x00000000e5e00000, 0x00000000e5f00000, 0x00000000e5f00000|100%| O|  |TAMS 0x00000000e5e00000| PB 0x00000000e5e00000| Untracked 
|  95|0x00000000e5f00000, 0x00000000e6000000, 0x00000000e6000000|100%| O|  |TAMS 0x00000000e5f00000| PB 0x00000000e5f00000| Untracked 
|  96|0x00000000e6000000, 0x00000000e6100000, 0x00000000e6100000|100%| O|  |TAMS 0x00000000e6000000| PB 0x00000000e6000000| Untracked 
|  97|0x00000000e6100000, 0x00000000e6200000, 0x00000000e6200000|100%| O|  |TAMS 0x00000000e6100000| PB 0x00000000e6100000| Untracked 
|  98|0x00000000e6200000, 0x00000000e6300000, 0x00000000e6300000|100%| O|  |TAMS 0x00000000e6200000| PB 0x00000000e6200000| Untracked 
|  99|0x00000000e6300000, 0x00000000e6300000, 0x00000000e6400000|  0%| F|  |TAMS 0x00000000e6300000| PB 0x00000000e6300000| Untracked 
| 100|0x00000000e6400000, 0x00000000e6500000, 0x00000000e6500000|100%| O|  |TAMS 0x00000000e6400000| PB 0x00000000e6400000| Untracked 
| 101|0x00000000e6500000, 0x00000000e6600000, 0x00000000e6600000|100%| O|  |TAMS 0x00000000e6500000| PB 0x00000000e6500000| Untracked 
| 102|0x00000000e6600000, 0x00000000e6700000, 0x00000000e6700000|100%| O|  |TAMS 0x00000000e6600000| PB 0x00000000e6600000| Untracked 
| 103|0x00000000e6700000, 0x00000000e6700000, 0x00000000e6800000|  0%| F|  |TAMS 0x00000000e6700000| PB 0x00000000e6700000| Untracked 
| 104|0x00000000e6800000, 0x00000000e6800000, 0x00000000e6900000|  0%| F|  |TAMS 0x00000000e6800000| PB 0x00000000e6800000| Untracked 
| 105|0x00000000e6900000, 0x00000000e6a00000, 0x00000000e6a00000|100%| O|  |TAMS 0x00000000e6900000| PB 0x00000000e6900000| Untracked 
| 106|0x00000000e6a00000, 0x00000000e6a00000, 0x00000000e6b00000|  0%| F|  |TAMS 0x00000000e6a00000| PB 0x00000000e6a00000| Untracked 
| 107|0x00000000e6b00000, 0x00000000e6c00000, 0x00000000e6c00000|100%| O|  |TAMS 0x00000000e6b00000| PB 0x00000000e6b00000| Untracked 
| 108|0x00000000e6c00000, 0x00000000e6c00000, 0x00000000e6d00000|  0%| F|  |TAMS 0x00000000e6c00000| PB 0x00000000e6c00000| Untracked 
| 109|0x00000000e6d00000, 0x00000000e6e00000, 0x00000000e6e00000|100%| O|  |TAMS 0x00000000e6d00000| PB 0x00000000e6d00000| Untracked 
| 110|0x00000000e6e00000, 0x00000000e6f00000, 0x00000000e6f00000|100%| O|  |TAMS 0x00000000e6e00000| PB 0x00000000e6e00000| Untracked 
| 111|0x00000000e6f00000, 0x00000000e7000000, 0x00000000e7000000|100%| O|  |TAMS 0x00000000e6f00000| PB 0x00000000e6f00000| Untracked 
| 112|0x00000000e7000000, 0x00000000e7100000, 0x00000000e7100000|100%| O|  |TAMS 0x00000000e7000000| PB 0x00000000e7000000| Untracked 
| 113|0x00000000e7100000, 0x00000000e7200000, 0x00000000e7200000|100%| O|  |TAMS 0x00000000e7100000| PB 0x00000000e7100000| Untracked 
| 114|0x00000000e7200000, 0x00000000e7300000, 0x00000000e7300000|100%| O|  |TAMS 0x00000000e7200000| PB 0x00000000e7200000| Untracked 
| 115|0x00000000e7300000, 0x00000000e7400000, 0x00000000e7400000|100%| O|  |TAMS 0x00000000e7300000| PB 0x00000000e7300000| Untracked 
| 116|0x00000000e7400000, 0x00000000e7500000, 0x00000000e7500000|100%| O|  |TAMS 0x00000000e7400000| PB 0x00000000e7400000| Untracked 
| 117|0x00000000e7500000, 0x00000000e7600000, 0x00000000e7600000|100%| O|  |TAMS 0x00000000e7500000| PB 0x00000000e7500000| Untracked 
| 118|0x00000000e7600000, 0x00000000e7700000, 0x00000000e7700000|100%| O|  |TAMS 0x00000000e7600000| PB 0x00000000e7600000| Untracked 
| 119|0x00000000e7700000, 0x00000000e7800000, 0x00000000e7800000|100%| O|  |TAMS 0x00000000e7700000| PB 0x00000000e7700000| Untracked 
| 120|0x00000000e7800000, 0x00000000e7900000, 0x00000000e7900000|100%| O|  |TAMS 0x00000000e7800000| PB 0x00000000e7800000| Untracked 
| 121|0x00000000e7900000, 0x00000000e7a00000, 0x00000000e7a00000|100%| O|  |TAMS 0x00000000e7900000| PB 0x00000000e7900000| Untracked 
| 122|0x00000000e7a00000, 0x00000000e7b00000, 0x00000000e7b00000|100%| O|  |TAMS 0x00000000e7a00000| PB 0x00000000e7a00000| Untracked 
| 123|0x00000000e7b00000, 0x00000000e7c00000, 0x00000000e7c00000|100%| O|  |TAMS 0x00000000e7b00000| PB 0x00000000e7b00000| Untracked 
| 124|0x00000000e7c00000, 0x00000000e7d00000, 0x00000000e7d00000|100%|HS|  |TAMS 0x00000000e7c00000| PB 0x00000000e7c00000| Complete 
| 125|0x00000000e7d00000, 0x00000000e7e00000, 0x00000000e7e00000|100%|HS|  |TAMS 0x00000000e7d00000| PB 0x00000000e7d00000| Complete 
| 126|0x00000000e7e00000, 0x00000000e7f00000, 0x00000000e7f00000|100%| O|  |TAMS 0x00000000e7e00000| PB 0x00000000e7e00000| Untracked 
| 127|0x00000000e7f00000, 0x00000000e8000000, 0x00000000e8000000|100%| O|  |TAMS 0x00000000e7f00000| PB 0x00000000e7f00000| Untracked 
| 128|0x00000000e8000000, 0x00000000e8100000, 0x00000000e8100000|100%| O|  |TAMS 0x00000000e8000000| PB 0x00000000e8000000| Untracked 
| 129|0x00000000e8100000, 0x00000000e8200000, 0x00000000e8200000|100%| O|  |TAMS 0x00000000e8100000| PB 0x00000000e8100000| Untracked 
| 130|0x00000000e8200000, 0x00000000e8200000, 0x00000000e8300000|  0%| F|  |TAMS 0x00000000e8200000| PB 0x00000000e8200000| Untracked 
| 131|0x00000000e8300000, 0x00000000e8400000, 0x00000000e8400000|100%| O|  |TAMS 0x00000000e8300000| PB 0x00000000e8300000| Untracked 
| 132|0x00000000e8400000, 0x00000000e8500000, 0x00000000e8500000|100%| O|  |TAMS 0x00000000e8400000| PB 0x00000000e8400000| Untracked 
| 133|0x00000000e8500000, 0x00000000e8500000, 0x00000000e8600000|  0%| F|  |TAMS 0x00000000e8500000| PB 0x00000000e8500000| Untracked 
| 134|0x00000000e8600000, 0x00000000e8700000, 0x00000000e8700000|100%|HS|  |TAMS 0x00000000e8600000| PB 0x00000000e8600000| Complete 
| 135|0x00000000e8700000, 0x00000000e8800000, 0x00000000e8800000|100%|HS|  |TAMS 0x00000000e8700000| PB 0x00000000e8700000| Complete 
| 136|0x00000000e8800000, 0x00000000e8900000, 0x00000000e8900000|100%|HC|  |TAMS 0x00000000e8800000| PB 0x00000000e8800000| Complete 
| 137|0x00000000e8900000, 0x00000000e8a00000, 0x00000000e8a00000|100%|HC|  |TAMS 0x00000000e8900000| PB 0x00000000e8900000| Complete 
| 138|0x00000000e8a00000, 0x00000000e8b00000, 0x00000000e8b00000|100%| O|  |TAMS 0x00000000e8a00000| PB 0x00000000e8a00000| Untracked 
| 139|0x00000000e8b00000, 0x00000000e8c00000, 0x00000000e8c00000|100%| O|  |TAMS 0x00000000e8b00000| PB 0x00000000e8b00000| Untracked 
| 140|0x00000000e8c00000, 0x00000000e8d00000, 0x00000000e8d00000|100%|HS|  |TAMS 0x00000000e8c00000| PB 0x00000000e8c00000| Complete 
| 141|0x00000000e8d00000, 0x00000000e8e00000, 0x00000000e8e00000|100%| O|  |TAMS 0x00000000e8d00000| PB 0x00000000e8d00000| Untracked 
| 142|0x00000000e8e00000, 0x00000000e8e00000, 0x00000000e8f00000|  0%| F|  |TAMS 0x00000000e8e00000| PB 0x00000000e8e00000| Untracked 
| 143|0x00000000e8f00000, 0x00000000e8f00000, 0x00000000e9000000|  0%| F|  |TAMS 0x00000000e8f00000| PB 0x00000000e8f00000| Untracked 
| 144|0x00000000e9000000, 0x00000000e9100000, 0x00000000e9100000|100%|HS|  |TAMS 0x00000000e9000000| PB 0x00000000e9000000| Complete 
| 145|0x00000000e9100000, 0x00000000e9200000, 0x00000000e9200000|100%|HS|  |TAMS 0x00000000e9100000| PB 0x00000000e9100000| Complete 
| 146|0x00000000e9200000, 0x00000000e9300000, 0x00000000e9300000|100%| O|  |TAMS 0x00000000e9200000| PB 0x00000000e9200000| Untracked 
| 147|0x00000000e9300000, 0x00000000e9400000, 0x00000000e9400000|100%| O|  |TAMS 0x00000000e9300000| PB 0x00000000e9300000| Untracked 
| 148|0x00000000e9400000, 0x00000000e9500000, 0x00000000e9500000|100%| O|  |TAMS 0x00000000e9400000| PB 0x00000000e9400000| Untracked 
| 149|0x00000000e9500000, 0x00000000e9600000, 0x00000000e9600000|100%| O|  |TAMS 0x00000000e9500000| PB 0x00000000e9500000| Untracked 
| 150|0x00000000e9600000, 0x00000000e9700000, 0x00000000e9700000|100%| O|  |TAMS 0x00000000e9600000| PB 0x00000000e9600000| Untracked 
| 151|0x00000000e9700000, 0x00000000e9800000, 0x00000000e9800000|100%| O|  |TAMS 0x00000000e9700000| PB 0x00000000e9700000| Untracked 
| 152|0x00000000e9800000, 0x00000000e9900000, 0x00000000e9900000|100%| O|  |TAMS 0x00000000e9800000| PB 0x00000000e9800000| Untracked 
| 153|0x00000000e9900000, 0x00000000e9a00000, 0x00000000e9a00000|100%| S|CS|TAMS 0x00000000e9900000| PB 0x00000000e9900000| Complete 
| 154|0x00000000e9a00000, 0x00000000e9b00000, 0x00000000e9b00000|100%| O|  |TAMS 0x00000000e9a00000| PB 0x00000000e9a00000| Untracked 
| 155|0x00000000e9b00000, 0x00000000e9c00000, 0x00000000e9c00000|100%| O|  |TAMS 0x00000000e9b00000| PB 0x00000000e9b00000| Untracked 
| 156|0x00000000e9c00000, 0x00000000e9d00000, 0x00000000e9d00000|100%| O|  |TAMS 0x00000000e9c00000| PB 0x00000000e9c00000| Untracked 
| 157|0x00000000e9d00000, 0x00000000e9e00000, 0x00000000e9e00000|100%| O|  |TAMS 0x00000000e9d00000| PB 0x00000000e9d00000| Untracked 
| 158|0x00000000e9e00000, 0x00000000e9f00000, 0x00000000e9f00000|100%| O|  |TAMS 0x00000000e9e00000| PB 0x00000000e9e00000| Untracked 
| 159|0x00000000e9f00000, 0x00000000ea000000, 0x00000000ea000000|100%| S|CS|TAMS 0x00000000e9f00000| PB 0x00000000e9f00000| Complete 
| 160|0x00000000ea000000, 0x00000000ea100000, 0x00000000ea100000|100%| O|  |TAMS 0x00000000ea000000| PB 0x00000000ea000000| Untracked 
| 161|0x00000000ea100000, 0x00000000ea200000, 0x00000000ea200000|100%| S|CS|TAMS 0x00000000ea100000| PB 0x00000000ea100000| Complete 
| 162|0x00000000ea200000, 0x00000000ea300000, 0x00000000ea300000|100%| S|CS|TAMS 0x00000000ea200000| PB 0x00000000ea200000| Complete 
| 163|0x00000000ea300000, 0x00000000ea400000, 0x00000000ea400000|100%| S|CS|TAMS 0x00000000ea300000| PB 0x00000000ea300000| Complete 
| 164|0x00000000ea400000, 0x00000000ea500000, 0x00000000ea500000|100%| S|CS|TAMS 0x00000000ea400000| PB 0x00000000ea400000| Complete 
| 165|0x00000000ea500000, 0x00000000ea500000, 0x00000000ea600000|  0%| F|  |TAMS 0x00000000ea500000| PB 0x00000000ea500000| Untracked 
| 166|0x00000000ea600000, 0x00000000ea600000, 0x00000000ea700000|  0%| F|  |TAMS 0x00000000ea600000| PB 0x00000000ea600000| Untracked 
| 167|0x00000000ea700000, 0x00000000ea800000, 0x00000000ea800000|100%| S|CS|TAMS 0x00000000ea700000| PB 0x00000000ea700000| Complete 
| 168|0x00000000ea800000, 0x00000000ea900000, 0x00000000ea900000|100%| S|CS|TAMS 0x00000000ea800000| PB 0x00000000ea800000| Complete 
| 169|0x00000000ea900000, 0x00000000eaa00000, 0x00000000eaa00000|100%| S|CS|TAMS 0x00000000ea900000| PB 0x00000000ea900000| Complete 
| 170|0x00000000eaa00000, 0x00000000eab00000, 0x00000000eab00000|100%| S|CS|TAMS 0x00000000eaa00000| PB 0x00000000eaa00000| Complete 
| 171|0x00000000eab00000, 0x00000000eab00000, 0x00000000eac00000|  0%| F|  |TAMS 0x00000000eab00000| PB 0x00000000eab00000| Untracked 
| 172|0x00000000eac00000, 0x00000000eac00000, 0x00000000ead00000|  0%| F|  |TAMS 0x00000000eac00000| PB 0x00000000eac00000| Untracked 
| 173|0x00000000ead00000, 0x00000000ead00000, 0x00000000eae00000|  0%| F|  |TAMS 0x00000000ead00000| PB 0x00000000ead00000| Untracked 
| 174|0x00000000eae00000, 0x00000000eae00000, 0x00000000eaf00000|  0%| F|  |TAMS 0x00000000eae00000| PB 0x00000000eae00000| Untracked 
| 175|0x00000000eaf00000, 0x00000000eaf00000, 0x00000000eb000000|  0%| F|  |TAMS 0x00000000eaf00000| PB 0x00000000eaf00000| Untracked 
| 176|0x00000000eb000000, 0x00000000eb000000, 0x00000000eb100000|  0%| F|  |TAMS 0x00000000eb000000| PB 0x00000000eb000000| Untracked 
| 177|0x00000000eb100000, 0x00000000eb100000, 0x00000000eb200000|  0%| F|  |TAMS 0x00000000eb100000| PB 0x00000000eb100000| Untracked 
| 178|0x00000000eb200000, 0x00000000eb200000, 0x00000000eb300000|  0%| F|  |TAMS 0x00000000eb200000| PB 0x00000000eb200000| Untracked 
| 179|0x00000000eb300000, 0x00000000eb300000, 0x00000000eb400000|  0%| F|  |TAMS 0x00000000eb300000| PB 0x00000000eb300000| Untracked 
| 180|0x00000000eb400000, 0x00000000eb400000, 0x00000000eb500000|  0%| F|  |TAMS 0x00000000eb400000| PB 0x00000000eb400000| Untracked 
| 181|0x00000000eb500000, 0x00000000eb500000, 0x00000000eb600000|  0%| F|  |TAMS 0x00000000eb500000| PB 0x00000000eb500000| Untracked 
| 182|0x00000000eb600000, 0x00000000eb600000, 0x00000000eb700000|  0%| F|  |TAMS 0x00000000eb600000| PB 0x00000000eb600000| Untracked 
| 183|0x00000000eb700000, 0x00000000eb700000, 0x00000000eb800000|  0%| F|  |TAMS 0x00000000eb700000| PB 0x00000000eb700000| Untracked 
| 184|0x00000000eb800000, 0x00000000eb800000, 0x00000000eb900000|  0%| F|  |TAMS 0x00000000eb800000| PB 0x00000000eb800000| Untracked 
| 185|0x00000000eb900000, 0x00000000eb900000, 0x00000000eba00000|  0%| F|  |TAMS 0x00000000eb900000| PB 0x00000000eb900000| Untracked 
| 186|0x00000000eba00000, 0x00000000eba00000, 0x00000000ebb00000|  0%| F|  |TAMS 0x00000000eba00000| PB 0x00000000eba00000| Untracked 
| 187|0x00000000ebb00000, 0x00000000ebb00000, 0x00000000ebc00000|  0%| F|  |TAMS 0x00000000ebb00000| PB 0x00000000ebb00000| Untracked 
| 188|0x00000000ebc00000, 0x00000000ebc00000, 0x00000000ebd00000|  0%| F|  |TAMS 0x00000000ebc00000| PB 0x00000000ebc00000| Untracked 
| 189|0x00000000ebd00000, 0x00000000ebd00000, 0x00000000ebe00000|  0%| F|  |TAMS 0x00000000ebd00000| PB 0x00000000ebd00000| Untracked 
| 190|0x00000000ebe00000, 0x00000000ebe00000, 0x00000000ebf00000|  0%| F|  |TAMS 0x00000000ebe00000| PB 0x00000000ebe00000| Untracked 
| 191|0x00000000ebf00000, 0x00000000ebf00000, 0x00000000ec000000|  0%| F|  |TAMS 0x00000000ebf00000| PB 0x00000000ebf00000| Untracked 
| 192|0x00000000ec000000, 0x00000000ec000000, 0x00000000ec100000|  0%| F|  |TAMS 0x00000000ec000000| PB 0x00000000ec000000| Untracked 
| 193|0x00000000ec100000, 0x00000000ec100000, 0x00000000ec200000|  0%| F|  |TAMS 0x00000000ec100000| PB 0x00000000ec100000| Untracked 
| 194|0x00000000ec200000, 0x00000000ec200000, 0x00000000ec300000|  0%| F|  |TAMS 0x00000000ec200000| PB 0x00000000ec200000| Untracked 
| 195|0x00000000ec300000, 0x00000000ec300000, 0x00000000ec400000|  0%| F|  |TAMS 0x00000000ec300000| PB 0x00000000ec300000| Untracked 
| 196|0x00000000ec400000, 0x00000000ec400000, 0x00000000ec500000|  0%| F|  |TAMS 0x00000000ec400000| PB 0x00000000ec400000| Untracked 
| 197|0x00000000ec500000, 0x00000000ec500000, 0x00000000ec600000|  0%| F|  |TAMS 0x00000000ec500000| PB 0x00000000ec500000| Untracked 
| 198|0x00000000ec600000, 0x00000000ec600000, 0x00000000ec700000|  0%| F|  |TAMS 0x00000000ec600000| PB 0x00000000ec600000| Untracked 
| 199|0x00000000ec700000, 0x00000000ec700000, 0x00000000ec800000|  0%| F|  |TAMS 0x00000000ec700000| PB 0x00000000ec700000| Untracked 
| 200|0x00000000ec800000, 0x00000000ec800000, 0x00000000ec900000|  0%| F|  |TAMS 0x00000000ec800000| PB 0x00000000ec800000| Untracked 
| 201|0x00000000ec900000, 0x00000000ec900000, 0x00000000eca00000|  0%| F|  |TAMS 0x00000000ec900000| PB 0x00000000ec900000| Untracked 
| 202|0x00000000eca00000, 0x00000000eca00000, 0x00000000ecb00000|  0%| F|  |TAMS 0x00000000eca00000| PB 0x00000000eca00000| Untracked 
| 203|0x00000000ecb00000, 0x00000000ecb00000, 0x00000000ecc00000|  0%| F|  |TAMS 0x00000000ecb00000| PB 0x00000000ecb00000| Untracked 
| 204|0x00000000ecc00000, 0x00000000ecc00000, 0x00000000ecd00000|  0%| F|  |TAMS 0x00000000ecc00000| PB 0x00000000ecc00000| Untracked 
| 205|0x00000000ecd00000, 0x00000000ecd00000, 0x00000000ece00000|  0%| F|  |TAMS 0x00000000ecd00000| PB 0x00000000ecd00000| Untracked 
| 206|0x00000000ece00000, 0x00000000ece00000, 0x00000000ecf00000|  0%| F|  |TAMS 0x00000000ece00000| PB 0x00000000ece00000| Untracked 
| 207|0x00000000ecf00000, 0x00000000ecf00000, 0x00000000ed000000|  0%| F|  |TAMS 0x00000000ecf00000| PB 0x00000000ecf00000| Untracked 
| 208|0x00000000ed000000, 0x00000000ed000000, 0x00000000ed100000|  0%| F|  |TAMS 0x00000000ed000000| PB 0x00000000ed000000| Untracked 
| 209|0x00000000ed100000, 0x00000000ed100000, 0x00000000ed200000|  0%| F|  |TAMS 0x00000000ed100000| PB 0x00000000ed100000| Untracked 
| 210|0x00000000ed200000, 0x00000000ed200000, 0x00000000ed300000|  0%| F|  |TAMS 0x00000000ed200000| PB 0x00000000ed200000| Untracked 
| 211|0x00000000ed300000, 0x00000000ed300000, 0x00000000ed400000|  0%| F|  |TAMS 0x00000000ed300000| PB 0x00000000ed300000| Untracked 
| 212|0x00000000ed400000, 0x00000000ed400000, 0x00000000ed500000|  0%| F|  |TAMS 0x00000000ed400000| PB 0x00000000ed400000| Untracked 
| 213|0x00000000ed500000, 0x00000000ed500000, 0x00000000ed600000|  0%| F|  |TAMS 0x00000000ed500000| PB 0x00000000ed500000| Untracked 
| 214|0x00000000ed600000, 0x00000000ed600000, 0x00000000ed700000|  0%| F|  |TAMS 0x00000000ed600000| PB 0x00000000ed600000| Untracked 
| 215|0x00000000ed700000, 0x00000000ed700000, 0x00000000ed800000|  0%| F|  |TAMS 0x00000000ed700000| PB 0x00000000ed700000| Untracked 
| 216|0x00000000ed800000, 0x00000000ed800000, 0x00000000ed900000|  0%| F|  |TAMS 0x00000000ed800000| PB 0x00000000ed800000| Untracked 
| 217|0x00000000ed900000, 0x00000000ed900000, 0x00000000eda00000|  0%| F|  |TAMS 0x00000000ed900000| PB 0x00000000ed900000| Untracked 
| 218|0x00000000eda00000, 0x00000000eda00000, 0x00000000edb00000|  0%| F|  |TAMS 0x00000000eda00000| PB 0x00000000eda00000| Untracked 
| 219|0x00000000edb00000, 0x00000000edb00000, 0x00000000edc00000|  0%| F|  |TAMS 0x00000000edb00000| PB 0x00000000edb00000| Untracked 
| 220|0x00000000edc00000, 0x00000000edc00000, 0x00000000edd00000|  0%| F|  |TAMS 0x00000000edc00000| PB 0x00000000edc00000| Untracked 
| 221|0x00000000edd00000, 0x00000000edd00000, 0x00000000ede00000|  0%| F|  |TAMS 0x00000000edd00000| PB 0x00000000edd00000| Untracked 
| 222|0x00000000ede00000, 0x00000000ede00000, 0x00000000edf00000|  0%| F|  |TAMS 0x00000000ede00000| PB 0x00000000ede00000| Untracked 
| 223|0x00000000edf00000, 0x00000000edf00000, 0x00000000ee000000|  0%| F|  |TAMS 0x00000000edf00000| PB 0x00000000edf00000| Untracked 
| 224|0x00000000ee000000, 0x00000000ee000000, 0x00000000ee100000|  0%| F|  |TAMS 0x00000000ee000000| PB 0x00000000ee000000| Untracked 
| 225|0x00000000ee100000, 0x00000000ee100000, 0x00000000ee200000|  0%| F|  |TAMS 0x00000000ee100000| PB 0x00000000ee100000| Untracked 
| 226|0x00000000ee200000, 0x00000000ee200000, 0x00000000ee300000|  0%| F|  |TAMS 0x00000000ee200000| PB 0x00000000ee200000| Untracked 
| 227|0x00000000ee300000, 0x00000000ee300000, 0x00000000ee400000|  0%| F|  |TAMS 0x00000000ee300000| PB 0x00000000ee300000| Untracked 
| 228|0x00000000ee400000, 0x00000000ee400000, 0x00000000ee500000|  0%| F|  |TAMS 0x00000000ee400000| PB 0x00000000ee400000| Untracked 
| 229|0x00000000ee500000, 0x00000000ee500000, 0x00000000ee600000|  0%| F|  |TAMS 0x00000000ee500000| PB 0x00000000ee500000| Untracked 
| 230|0x00000000ee600000, 0x00000000ee600000, 0x00000000ee700000|  0%| F|  |TAMS 0x00000000ee600000| PB 0x00000000ee600000| Untracked 
| 231|0x00000000ee700000, 0x00000000ee700000, 0x00000000ee800000|  0%| F|  |TAMS 0x00000000ee700000| PB 0x00000000ee700000| Untracked 
| 232|0x00000000ee800000, 0x00000000ee800000, 0x00000000ee900000|  0%| F|  |TAMS 0x00000000ee800000| PB 0x00000000ee800000| Untracked 
| 233|0x00000000ee900000, 0x00000000ee900000, 0x00000000eea00000|  0%| F|  |TAMS 0x00000000ee900000| PB 0x00000000ee900000| Untracked 
| 234|0x00000000eea00000, 0x00000000eea00000, 0x00000000eeb00000|  0%| F|  |TAMS 0x00000000eea00000| PB 0x00000000eea00000| Untracked 
| 235|0x00000000eeb00000, 0x00000000eeb00000, 0x00000000eec00000|  0%| F|  |TAMS 0x00000000eeb00000| PB 0x00000000eeb00000| Untracked 
| 236|0x00000000eec00000, 0x00000000eec00000, 0x00000000eed00000|  0%| F|  |TAMS 0x00000000eec00000| PB 0x00000000eec00000| Untracked 
| 237|0x00000000eed00000, 0x00000000eed00000, 0x00000000eee00000|  0%| F|  |TAMS 0x00000000eed00000| PB 0x00000000eed00000| Untracked 
| 238|0x00000000eee00000, 0x00000000eee00000, 0x00000000eef00000|  0%| F|  |TAMS 0x00000000eee00000| PB 0x00000000eee00000| Untracked 
| 239|0x00000000eef00000, 0x00000000eef00000, 0x00000000ef000000|  0%| F|  |TAMS 0x00000000eef00000| PB 0x00000000eef00000| Untracked 
| 240|0x00000000ef000000, 0x00000000ef000000, 0x00000000ef100000|  0%| F|  |TAMS 0x00000000ef000000| PB 0x00000000ef000000| Untracked 
| 241|0x00000000ef100000, 0x00000000ef100000, 0x00000000ef200000|  0%| F|  |TAMS 0x00000000ef100000| PB 0x00000000ef100000| Untracked 
| 242|0x00000000ef200000, 0x00000000ef200000, 0x00000000ef300000|  0%| F|  |TAMS 0x00000000ef200000| PB 0x00000000ef200000| Untracked 
| 243|0x00000000ef300000, 0x00000000ef300000, 0x00000000ef400000|  0%| F|  |TAMS 0x00000000ef300000| PB 0x00000000ef300000| Untracked 
| 244|0x00000000ef400000, 0x00000000ef400000, 0x00000000ef500000|  0%| F|  |TAMS 0x00000000ef400000| PB 0x00000000ef400000| Untracked 
| 245|0x00000000ef500000, 0x00000000ef500000, 0x00000000ef600000|  0%| F|  |TAMS 0x00000000ef500000| PB 0x00000000ef500000| Untracked 
| 246|0x00000000ef600000, 0x00000000ef600000, 0x00000000ef700000|  0%| F|  |TAMS 0x00000000ef600000| PB 0x00000000ef600000| Untracked 
| 247|0x00000000ef700000, 0x00000000ef783480, 0x00000000ef800000| 51%| E|  |TAMS 0x00000000ef700000| PB 0x00000000ef700000| Complete 
| 248|0x00000000ef800000, 0x00000000ef900000, 0x00000000ef900000|100%| E|CS|TAMS 0x00000000ef800000| PB 0x00000000ef800000| Complete 
| 249|0x00000000ef900000, 0x00000000efa00000, 0x00000000efa00000|100%| E|CS|TAMS 0x00000000ef900000| PB 0x00000000ef900000| Complete 
| 250|0x00000000efa00000, 0x00000000efb00000, 0x00000000efb00000|100%| E|CS|TAMS 0x00000000efa00000| PB 0x00000000efa00000| Complete 
| 251|0x00000000efb00000, 0x00000000efc00000, 0x00000000efc00000|100%| E|CS|TAMS 0x00000000efb00000| PB 0x00000000efb00000| Complete 
| 252|0x00000000efc00000, 0x00000000efd00000, 0x00000000efd00000|100%| E|CS|TAMS 0x00000000efc00000| PB 0x00000000efc00000| Complete 
| 253|0x00000000efd00000, 0x00000000efe00000, 0x00000000efe00000|100%| E|CS|TAMS 0x00000000efd00000| PB 0x00000000efd00000| Complete 
| 254|0x00000000efe00000, 0x00000000eff00000, 0x00000000eff00000|100%| E|CS|TAMS 0x00000000efe00000| PB 0x00000000efe00000| Complete 
| 255|0x00000000eff00000, 0x00000000f0000000, 0x00000000f0000000|100%| E|CS|TAMS 0x00000000eff00000| PB 0x00000000eff00000| Complete 
| 256|0x00000000f0000000, 0x00000000f0100000, 0x00000000f0100000|100%| E|CS|TAMS 0x00000000f0000000| PB 0x00000000f0000000| Complete 
| 257|0x00000000f0100000, 0x00000000f0200000, 0x00000000f0200000|100%| E|CS|TAMS 0x00000000f0100000| PB 0x00000000f0100000| Complete 
| 258|0x00000000f0200000, 0x00000000f0300000, 0x00000000f0300000|100%| E|CS|TAMS 0x00000000f0200000| PB 0x00000000f0200000| Complete 
| 259|0x00000000f0300000, 0x00000000f0400000, 0x00000000f0400000|100%| E|CS|TAMS 0x00000000f0300000| PB 0x00000000f0300000| Complete 
| 260|0x00000000f0400000, 0x00000000f0500000, 0x00000000f0500000|100%| E|CS|TAMS 0x00000000f0400000| PB 0x00000000f0400000| Complete 
| 261|0x00000000f0500000, 0x00000000f05e0498, 0x00000000f0600000| 87%| S|CS|TAMS 0x00000000f0500000| PB 0x00000000f0500000| Complete 
| 505|0x00000000ff900000, 0x00000000ff9e8750, 0x00000000ffa00000| 90%| O|  |TAMS 0x00000000ff900000| PB 0x00000000ff900000| Untracked 
| 506|0x00000000ffa00000, 0x00000000ffb00000, 0x00000000ffb00000|100%| E|CS|TAMS 0x00000000ffa00000| PB 0x00000000ffa00000| Complete 
| 507|0x00000000ffb00000, 0x00000000ffc00000, 0x00000000ffc00000|100%| E|CS|TAMS 0x00000000ffb00000| PB 0x00000000ffb00000| Complete 
| 508|0x00000000ffc00000, 0x00000000ffd00000, 0x00000000ffd00000|100%| E|CS|TAMS 0x00000000ffc00000| PB 0x00000000ffc00000| Complete 
| 509|0x00000000ffd00000, 0x00000000ffe00000, 0x00000000ffe00000|100%| E|CS|TAMS 0x00000000ffd00000| PB 0x00000000ffd00000| Complete 
| 510|0x00000000ffe00000, 0x00000000fff00000, 0x00000000fff00000|100%| O|  |TAMS 0x00000000ffe00000| PB 0x00000000ffe00000| Untracked 
| 511|0x00000000fff00000, 0x0000000100000000, 0x0000000100000000|100%| O|  |TAMS 0x00000000fff00000| PB 0x00000000fff00000| Untracked 

Card table byte_map: [0x000001672e950000,0x000001672ea50000] _byte_map_base: 0x000001672e250000

Marking Bits: (CMBitMap*) 0x000001671c34c1f0
 Bits: [0x000001672ea50000, 0x000001672f250000)

Polling page: 0x000001671a0c0000

Metaspace:

Usage:
  Non-class:     83.20 MB used.
      Class:     13.59 MB used.
       Both:     96.79 MB used.

Virtual space:
  Non-class space:      128.00 MB reserved,      84.31 MB ( 66%) committed,  2 nodes.
      Class space:      320.00 MB reserved,      14.62 MB (  5%) committed,  1 nodes.
             Both:      448.00 MB reserved,      98.94 MB ( 22%) committed. 

Chunk freelists:
   Non-Class:  10.92 MB
       Class:  1.38 MB
        Both:  12.30 MB

MaxMetaspaceSize: 384.00 MB
CompressedClassSpaceSize: 320.00 MB
Initial GC threshold: 21.00 MB
Current GC threshold: 160.31 MB
CDS: on
 - commit_granule_bytes: 65536.
 - commit_granule_words: 8192.
 - virtual_space_node_default_size: 8388608.
 - enlarge_chunks_in_place: 1.
 - use_allocation_guard: 0.


Internal statistics:

num_allocs_failed_limit: 12.
num_arena_births: 3872.
num_arena_deaths: 0.
num_vsnodes_births: 3.
num_vsnodes_deaths: 0.
num_space_committed: 1583.
num_space_uncommitted: 0.
num_chunks_returned_to_freelist: 12.
num_chunks_taken_from_freelist: 8315.
num_chunk_merges: 12.
num_chunk_splits: 5558.
num_chunks_enlarged: 3647.
num_inconsistent_stats: 0.

CodeHeap 'non-profiled nmethods': size=120000Kb used=9230Kb max_used=9294Kb free=110769Kb
 bounds [0x0000016726ff0000, 0x0000016727910000, 0x000001672e520000]
CodeHeap 'profiled nmethods': size=120000Kb used=20339Kb max_used=24207Kb free=99660Kb
 bounds [0x000001671f520000, 0x0000016720cd0000, 0x0000016726a50000]
CodeHeap 'non-nmethods': size=5760Kb used=2903Kb max_used=2985Kb free=2856Kb
 bounds [0x0000016726a50000, 0x0000016726d50000, 0x0000016726ff0000]
CodeCache: size=245760Kb, used=32472Kb, max_used=36486Kb, free=213285Kb
 total_blobs=12283, nmethods=11345, adapters=840, full_count=0
Compilation: enabled, stopped_count=0, restarted_count=0

Compilation events (20 events):
Event: 58.202 Thread 0x000001674b010ff0 13780       3       com.google.common.collect.CollectPreconditions::checkEntryNotNull (100 bytes)
Event: 58.203 Thread 0x000001674b010ff0 nmethod 13780 0x000001671feb0190 code [0x000001671feb0520, 0x000001671feb1880]
Event: 58.203 Thread 0x000001674b010ff0 13781       1       com.android.build.gradle.options.Stage::getStatus (5 bytes)
Event: 58.203 Thread 0x000001674b010ff0 nmethod 13781 0x0000016727593190 code [0x0000016727593320, 0x00000167275933e8]
Event: 58.207 Thread 0x000001674b010ff0 13782       1       kotlin.Pair::getFirst (5 bytes)
Event: 58.207 Thread 0x000001674b010ff0 nmethod 13782 0x0000016727592e90 code [0x0000016727593020, 0x00000167275930e8]
Event: 58.207 Thread 0x000001674b010ff0 13783       1       kotlin.Pair::getSecond (5 bytes)
Event: 58.207 Thread 0x000001674b010ff0 nmethod 13783 0x0000016727592b10 code [0x0000016727592ca0, 0x0000016727592d68]
Event: 58.207 Thread 0x000001674b010ff0 13784       3       org.gradle.internal.problems.failure.DefaultFailure::indexOfStackFrame (59 bytes)
Event: 58.208 Thread 0x000001674b010ff0 nmethod 13784 0x000001671f747790 code [0x000001671f7479a0, 0x000001671f748180]
Event: 58.214 Thread 0x000001674b010ff0 13785       3       java.nio.file.Paths::get (6 bytes)
Event: 58.215 Thread 0x000001674b010ff0 nmethod 13785 0x000001671fc3a590 code [0x000001671fc3a760, 0x000001671fc3ab70]
Event: 58.247 Thread 0x000001674b010ff0 13786       3       sun.util.locale.LocaleUtils::isAlphaNumeric (20 bytes)
Event: 58.248 Thread 0x000001674b010ff0 nmethod 13786 0x00000167207cee90 code [0x00000167207cf040, 0x00000167207cf3c0]
Event: 58.248 Thread 0x000001674b010ff0 13787       3       sun.util.calendar.ZoneInfo::getTransitionIndex (156 bytes)
Event: 58.248 Thread 0x000001674b010ff0 nmethod 13787 0x000001671f98a490 code [0x000001671f98a660, 0x000001671f98aad8]
Event: 58.248 Thread 0x000001674b010ff0 13788       1       sun.util.calendar.CalendarDate::setNormalized (6 bytes)
Event: 58.249 Thread 0x000001674b010ff0 nmethod 13788 0x00000167276a1a90 code [0x00000167276a1c20, 0x00000167276a1cf0]
Event: 58.249 Thread 0x000001674b010ff0 13789       3       org.gradle.api.internal.project.DefaultProject_Decorated::getObjects (32 bytes)
Event: 58.250 Thread 0x000001674b010ff0 nmethod 13789 0x000001671fc14a90 code [0x000001671fc14c60, 0x000001671fc15080]

GC Heap History (20 events):
Event: 44.003 GC heap before
{Heap before GC invocations=11 (full 0):
 garbage-first heap   total 262144K, used 228080K [0x00000000e0000000, 0x0000000100000000)
  region size 1024K, 140 young (143360K), 9 survivors (9216K)
 Metaspace       used 70697K, committed 72704K, reserved 393216K
  class space    used 9781K, committed 10752K, reserved 327680K
}
Event: 44.015 GC heap after
{Heap after GC invocations=12 (full 0):
 garbage-first heap   total 262144K, used 103849K [0x00000000e0000000, 0x0000000100000000)
  region size 1024K, 18 young (18432K), 18 survivors (18432K)
 Metaspace       used 70697K, committed 72704K, reserved 393216K
  class space    used 9781K, committed 10752K, reserved 327680K
}
Event: 46.166 GC heap before
{Heap before GC invocations=12 (full 0):
 garbage-first heap   total 262144K, used 227753K [0x00000000e0000000, 0x0000000100000000)
  region size 1024K, 139 young (142336K), 18 survivors (18432K)
 Metaspace       used 79198K, committed 81280K, reserved 458752K
  class space    used 11209K, committed 12224K, reserved 327680K
}
Event: 46.186 GC heap after
{Heap after GC invocations=13 (full 0):
 garbage-first heap   total 262144K, used 111282K [0x00000000e0000000, 0x0000000100000000)
  region size 1024K, 9 young (9216K), 9 survivors (9216K)
 Metaspace       used 79198K, committed 81280K, reserved 458752K
  class space    used 11209K, committed 12224K, reserved 327680K
}
Event: 47.728 GC heap before
{Heap before GC invocations=13 (full 0):
 garbage-first heap   total 262144K, used 233138K [0x00000000e0000000, 0x0000000100000000)
  region size 1024K, 126 young (129024K), 9 survivors (9216K)
 Metaspace       used 81204K, committed 83328K, reserved 458752K
  class space    used 11450K, committed 12480K, reserved 327680K
}
Event: 47.742 GC heap after
{Heap after GC invocations=14 (full 0):
 garbage-first heap   total 262144K, used 122880K [0x00000000e0000000, 0x0000000100000000)
  region size 1024K, 16 young (16384K), 16 survivors (16384K)
 Metaspace       used 81204K, committed 83328K, reserved 458752K
  class space    used 11450K, committed 12480K, reserved 327680K
}
Event: 49.005 GC heap before
{Heap before GC invocations=14 (full 0):
 garbage-first heap   total 262144K, used 232448K [0x00000000e0000000, 0x0000000100000000)
  region size 1024K, 123 young (125952K), 16 survivors (16384K)
 Metaspace       used 89585K, committed 91776K, reserved 458752K
  class space    used 12471K, committed 13568K, reserved 327680K
}
Event: 49.016 GC heap after
{Heap after GC invocations=15 (full 0):
 garbage-first heap   total 262144K, used 131467K [0x00000000e0000000, 0x0000000100000000)
  region size 1024K, 8 young (8192K), 8 survivors (8192K)
 Metaspace       used 89585K, committed 91776K, reserved 458752K
  class space    used 12471K, committed 13568K, reserved 327680K
}
Event: 50.378 GC heap before
{Heap before GC invocations=15 (full 0):
 garbage-first heap   total 262144K, used 235915K [0x00000000e0000000, 0x0000000100000000)
  region size 1024K, 110 young (112640K), 8 survivors (8192K)
 Metaspace       used 94938K, committed 97088K, reserved 458752K
  class space    used 13342K, committed 14400K, reserved 327680K
}
Event: 50.386 GC heap after
{Heap after GC invocations=16 (full 0):
 garbage-first heap   total 262144K, used 139264K [0x00000000e0000000, 0x0000000100000000)
  region size 1024K, 14 young (14336K), 14 survivors (14336K)
 Metaspace       used 94938K, committed 97088K, reserved 458752K
  class space    used 13342K, committed 14400K, reserved 327680K
}
Event: 50.876 GC heap before
{Heap before GC invocations=17 (full 0):
 garbage-first heap   total 262144K, used 237568K [0x00000000e0000000, 0x0000000100000000)
  region size 1024K, 111 young (113664K), 14 survivors (14336K)
 Metaspace       used 94950K, committed 97152K, reserved 458752K
  class space    used 13342K, committed 14400K, reserved 327680K
}
Event: 50.888 GC heap after
{Heap after GC invocations=18 (full 0):
 garbage-first heap   total 262144K, used 143342K [0x00000000e0000000, 0x0000000100000000)
  region size 1024K, 5 young (5120K), 5 survivors (5120K)
 Metaspace       used 94950K, committed 97152K, reserved 458752K
  class space    used 13342K, committed 14400K, reserved 327680K
}
Event: 52.173 GC heap before
{Heap before GC invocations=18 (full 0):
 garbage-first heap   total 262144K, used 247790K [0x00000000e0000000, 0x0000000100000000)
  region size 1024K, 101 young (103424K), 5 survivors (5120K)
 Metaspace       used 96290K, committed 98496K, reserved 458752K
  class space    used 13565K, committed 14656K, reserved 327680K
}
Event: 52.184 GC heap after
{Heap after GC invocations=19 (full 0):
 garbage-first heap   total 269312K, used 157430K [0x00000000e0000000, 0x0000000100000000)
  region size 1024K, 13 young (13312K), 13 survivors (13312K)
 Metaspace       used 96290K, committed 98496K, reserved 458752K
  class space    used 13565K, committed 14656K, reserved 327680K
}
Event: 52.499 GC heap before
{Heap before GC invocations=19 (full 0):
 garbage-first heap   total 269312K, used 242422K [0x00000000e0000000, 0x0000000100000000)
  region size 1024K, 97 young (99328K), 13 survivors (13312K)
 Metaspace       used 96290K, committed 98496K, reserved 458752K
  class space    used 13565K, committed 14656K, reserved 327680K
}
Event: 52.509 GC heap after
{Heap after GC invocations=20 (full 0):
 garbage-first heap   total 269312K, used 163193K [0x00000000e0000000, 0x0000000100000000)
  region size 1024K, 5 young (5120K), 5 survivors (5120K)
 Metaspace       used 96290K, committed 98496K, reserved 458752K
  class space    used 13565K, committed 14656K, reserved 327680K
}
Event: 57.630 GC heap before
{Heap before GC invocations=21 (full 0):
 garbage-first heap   total 273408K, used 246137K [0x00000000e0000000, 0x0000000100000000)
  region size 1024K, 87 young (89088K), 5 survivors (5120K)
 Metaspace       used 96447K, committed 98688K, reserved 458752K
  class space    used 13576K, committed 14656K, reserved 327680K
}
Event: 57.637 GC heap after
{Heap after GC invocations=22 (full 0):
 garbage-first heap   total 273408K, used 166660K [0x00000000e0000000, 0x0000000100000000)
  region size 1024K, 9 young (9216K), 9 survivors (9216K)
 Metaspace       used 96447K, committed 98688K, reserved 458752K
  class space    used 13576K, committed 14656K, reserved 327680K
}
Event: 58.083 GC heap before
{Heap before GC invocations=22 (full 0):
 garbage-first heap   total 273408K, used 253700K [0x00000000e0000000, 0x0000000100000000)
  region size 1024K, 92 young (94208K), 9 survivors (9216K)
 Metaspace       used 97385K, committed 99648K, reserved 458752K
  class space    used 13691K, committed 14784K, reserved 327680K
}
Event: 58.094 GC heap after
{Heap after GC invocations=23 (full 0):
 garbage-first heap   total 275456K, used 166690K [0x00000000e0000000, 0x0000000100000000)
  region size 1024K, 11 young (11264K), 11 survivors (11264K)
 Metaspace       used 97385K, committed 99648K, reserved 458752K
  class space    used 13691K, committed 14784K, reserved 327680K
}

Dll operation events (14 events):
Event: 0.013 Loaded shared library C:\Users\vsing\.vscode\extensions\redhat.java-1.54.0-win32-x64\jre\21.0.10-win32-x86_64\bin\java.dll
Event: 0.081 Loaded shared library C:\Users\vsing\.vscode\extensions\redhat.java-1.54.0-win32-x64\jre\21.0.10-win32-x86_64\bin\zip.dll
Event: 0.105 Loaded shared library C:\Users\vsing\.vscode\extensions\redhat.java-1.54.0-win32-x64\jre\21.0.10-win32-x86_64\bin\instrument.dll
Event: 0.112 Loaded shared library C:\Users\vsing\.vscode\extensions\redhat.java-1.54.0-win32-x64\jre\21.0.10-win32-x86_64\bin\net.dll
Event: 0.115 Loaded shared library C:\Users\vsing\.vscode\extensions\redhat.java-1.54.0-win32-x64\jre\21.0.10-win32-x86_64\bin\nio.dll
Event: 0.119 Loaded shared library C:\Users\vsing\.vscode\extensions\redhat.java-1.54.0-win32-x64\jre\21.0.10-win32-x86_64\bin\zip.dll
Event: 0.348 Loaded shared library C:\Users\vsing\.vscode\extensions\redhat.java-1.54.0-win32-x64\jre\21.0.10-win32-x86_64\bin\jimage.dll
Event: 0.517 Loaded shared library C:\Users\vsing\.vscode\extensions\redhat.java-1.54.0-win32-x64\jre\21.0.10-win32-x86_64\bin\verify.dll
Event: 0.651 Loaded shared library C:\Users\vsing\.gradle\native\c067742578af261105cb4f569cf0c3c89f3d7b1fecec35dd04571415982c5e48\windows-amd64\native-platform.dll
Event: 0.668 Loaded shared library C:\Users\vsing\.gradle\native\100fb08df4bc3b14c8652ba06237920a3bd2aa13389f12d3474272988ae205f9\windows-amd64\native-platform-file-events.dll
Event: 1.707 Loaded shared library C:\Users\vsing\.vscode\extensions\redhat.java-1.54.0-win32-x64\jre\21.0.10-win32-x86_64\bin\management.dll
Event: 1.712 Loaded shared library C:\Users\vsing\.vscode\extensions\redhat.java-1.54.0-win32-x64\jre\21.0.10-win32-x86_64\bin\management_ext.dll
Event: 1.931 Loaded shared library C:\Users\vsing\.vscode\extensions\redhat.java-1.54.0-win32-x64\jre\21.0.10-win32-x86_64\bin\extnet.dll
Event: 2.064 Loaded shared library C:\Users\vsing\.vscode\extensions\redhat.java-1.54.0-win32-x64\jre\21.0.10-win32-x86_64\bin\sunmscapi.dll

Deoptimization events (20 events):
Event: 57.094 Thread 0x000001674cae62e0 Uncommon trap: trap_request=0xffffffd6 fr.pc=0x0000016727116310 relative=0x0000000000001c70
Event: 57.094 Thread 0x000001674cae62e0 Uncommon trap: reason=array_check action=maybe_recompile pc=0x0000016727116310 method=org.gradle.internal.service.DefaultServiceRegistry$FactoryService.bind()V @ 267 c2
Event: 57.094 Thread 0x000001674cae62e0 DEOPT PACKING pc=0x0000016727116310 sp=0x00000034796fdd30
Event: 57.094 Thread 0x000001674cae62e0 DEOPT UNPACKING pc=0x0000016726aa7ba2 sp=0x00000034796fdd00 mode 2
Event: 57.094 Thread 0x000001674cae62e0 Uncommon trap: trap_request=0xffffffd6 fr.pc=0x0000016727116680 relative=0x0000000000001fe0
Event: 57.094 Thread 0x000001674cae62e0 Uncommon trap: reason=array_check action=maybe_recompile pc=0x0000016727116680 method=org.gradle.internal.service.DefaultServiceRegistry$FactoryService.bind()V @ 125 c2
Event: 57.094 Thread 0x000001674cae62e0 DEOPT PACKING pc=0x0000016727116680 sp=0x00000034796fd470
Event: 57.094 Thread 0x000001674cae62e0 DEOPT UNPACKING pc=0x0000016726aa7ba2 sp=0x00000034796fd440 mode 2
Event: 57.094 Thread 0x000001674cae62e0 Uncommon trap: trap_request=0xffffffd6 fr.pc=0x0000016727116310 relative=0x0000000000001c70
Event: 57.094 Thread 0x000001674cae62e0 Uncommon trap: reason=array_check action=maybe_recompile pc=0x0000016727116310 method=org.gradle.internal.service.DefaultServiceRegistry$FactoryService.bind()V @ 267 c2
Event: 57.094 Thread 0x000001674cae62e0 DEOPT PACKING pc=0x0000016727116310 sp=0x00000034796fd470
Event: 57.094 Thread 0x000001674cae62e0 DEOPT UNPACKING pc=0x0000016726aa7ba2 sp=0x00000034796fd440 mode 2
Event: 57.094 Thread 0x000001674cae62e0 Uncommon trap: trap_request=0xffffffd6 fr.pc=0x0000016727116310 relative=0x0000000000001c70
Event: 57.094 Thread 0x000001674cae62e0 Uncommon trap: reason=array_check action=maybe_recompile pc=0x0000016727116310 method=org.gradle.internal.service.DefaultServiceRegistry$FactoryService.bind()V @ 267 c2
Event: 57.094 Thread 0x000001674cae62e0 DEOPT PACKING pc=0x0000016727116310 sp=0x00000034796fdac0
Event: 57.094 Thread 0x000001674cae62e0 DEOPT UNPACKING pc=0x0000016726aa7ba2 sp=0x00000034796fda90 mode 2
Event: 57.508 Thread 0x000001674cae62e0 Uncommon trap: trap_request=0xffffff45 fr.pc=0x000001672775946c relative=0x000000000000206c
Event: 57.508 Thread 0x000001674cae62e0 Uncommon trap: reason=unstable_if action=reinterpret pc=0x000001672775946c method=com.esotericsoftware.kryo.io.Output.writeString(Ljava/lang/String;)V @ 39 c2
Event: 57.508 Thread 0x000001674cae62e0 DEOPT PACKING pc=0x000001672775946c sp=0x00000034796f88b0
Event: 57.508 Thread 0x000001674cae62e0 DEOPT UNPACKING pc=0x0000016726aa7ba2 sp=0x00000034796f8810 mode 2

Classes loaded (20 events):
Event: 50.178 Loading class java/util/Collections$ReverseComparator2
Event: 50.178 Loading class java/util/Collections$ReverseComparator2 done
Event: 51.339 Loading class java/util/TreeMap$KeySpliterator
Event: 51.339 Loading class java/util/TreeMap$KeySpliterator done
Event: 51.382 Loading class sun/security/x509/CertificatePoliciesExtension
Event: 51.382 Loading class sun/security/x509/CertificatePoliciesExtension done
Event: 51.382 Loading class sun/security/x509/PolicyInformation
Event: 51.383 Loading class sun/security/x509/PolicyInformation done
Event: 51.383 Loading class sun/security/x509/CertificatePolicyId
Event: 51.383 Loading class sun/security/x509/CertificatePolicyId done
Event: 51.384 Loading class java/security/cert/PolicyQualifierInfo
Event: 51.384 Loading class java/security/cert/PolicyQualifierInfo done
Event: 51.387 Loading class sun/security/rsa/RSASignature$SHA256withRSA
Event: 51.387 Loading class sun/security/rsa/RSASignature$SHA256withRSA done
Event: 51.388 Loading class sun/security/rsa/RSASignature$SHA384withRSA
Event: 51.388 Loading class sun/security/rsa/RSASignature$SHA384withRSA done
Event: 51.388 Loading class sun/security/provider/SHA5$SHA384
Event: 51.389 Loading class sun/security/provider/SHA5$SHA384 done
Event: 51.983 Loading class java/util/LinkedList$LLSpliterator
Event: 51.984 Loading class java/util/LinkedList$LLSpliterator done

Classes unloaded (0 events):
No events

Classes redefined (0 events):
No events

Internal exceptions (20 events):
Event: 51.648 Thread 0x000001674cae62e0 Exception <a 'java/lang/ClassNotFoundException'{0x00000000ece16908}: build_7b1o4xlamyto8oqkygzq97qqdCustomizer> (0x00000000ece16908) 
thrown [s\src\hotspot\share\classfile\systemDictionary.cpp, line 312]
Event: 51.663 Thread 0x000001674cae62e0 Exception <a 'java/lang/ClassNotFoundException'{0x00000000ece84b98}: build_7b1o4xlamyto8oqkygzq97qqd$_run_closure1BeanInfo> (0x00000000ece84b98) 
thrown [s\src\hotspot\share\classfile\systemDictionary.cpp, line 312]
Event: 51.664 Thread 0x000001674cae62e0 Exception <a 'java/lang/ClassNotFoundException'{0x00000000ece8bf20}: build_7b1o4xlamyto8oqkygzq97qqd$_run_closure1Customizer> (0x00000000ece8bf20) 
thrown [s\src\hotspot\share\classfile\systemDictionary.cpp, line 312]
Event: 52.681 Thread 0x000001674cae62e0 Exception <a 'java/lang/ClassNotFoundException'{0x00000000f037fca8}: build_7b1o4xlamyto8oqkygzq97qqdBeanInfo> (0x00000000f037fca8) 
thrown [s\src\hotspot\share\classfile\systemDictionary.cpp, line 312]
Event: 52.682 Thread 0x000001674cae62e0 Exception <a 'java/lang/ClassNotFoundException'{0x00000000f0273730}: build_7b1o4xlamyto8oqkygzq97qqdCustomizer> (0x00000000f0273730) 
thrown [s\src\hotspot\share\classfile\systemDictionary.cpp, line 312]
Event: 52.693 Thread 0x000001674cae62e0 Exception <a 'java/io/FileNotFoundException'{0x00000000f029bbf8}> (0x00000000f029bbf8) 
thrown [s\src\hotspot\share\prims\jni.cpp, line 520]
Event: 52.905 Thread 0x000001674cae62e0 Exception <a 'sun/nio/fs/WindowsException'{0x00000000edfedc68}> (0x00000000edfedc68) 
thrown [s\src\hotspot\share\prims\jni.cpp, line 520]
Event: 52.905 Thread 0x000001674cae62e0 Exception <a 'sun/nio/fs/WindowsException'{0x00000000edfef120}> (0x00000000edfef120) 
thrown [s\src\hotspot\share\prims\jni.cpp, line 520]
Event: 52.906 Thread 0x000001674cae62e0 Exception <a 'sun/nio/fs/WindowsException'{0x00000000edff05c8}> (0x00000000edff05c8) 
thrown [s\src\hotspot\share\prims\jni.cpp, line 520]
Event: 52.906 Thread 0x000001674cae62e0 Exception <a 'sun/nio/fs/WindowsException'{0x00000000edff1a50}> (0x00000000edff1a50) 
thrown [s\src\hotspot\share\prims\jni.cpp, line 520]
Event: 52.949 Thread 0x000001674cae62e0 Exception <a 'java/lang/ClassNotFoundException'{0x00000000edd1c7a8}: build_demdmukk2qcexrd43bjy7xo8yBeanInfo> (0x00000000edd1c7a8) 
thrown [s\src\hotspot\share\classfile\systemDictionary.cpp, line 312]
Event: 52.950 Thread 0x000001674cae62e0 Exception <a 'java/lang/ClassNotFoundException'{0x00000000edd23188}: build_demdmukk2qcexrd43bjy7xo8yCustomizer> (0x00000000edd23188) 
thrown [s\src\hotspot\share\classfile\systemDictionary.cpp, line 312]
Event: 57.153 Thread 0x000001674cae62e0 Exception <a 'sun/nio/fs/WindowsException'{0x00000000ecd3eba8}> (0x00000000ecd3eba8) 
thrown [s\src\hotspot\share\prims\jni.cpp, line 520]
Event: 57.153 Thread 0x000001674cae62e0 Exception <a 'sun/nio/fs/WindowsException'{0x00000000ecd40060}> (0x00000000ecd40060) 
thrown [s\src\hotspot\share\prims\jni.cpp, line 520]
Event: 57.154 Thread 0x000001674cae62e0 Exception <a 'sun/nio/fs/WindowsException'{0x00000000ecd41508}> (0x00000000ecd41508) 
thrown [s\src\hotspot\share\prims\jni.cpp, line 520]
Event: 57.154 Thread 0x000001674cae62e0 Exception <a 'sun/nio/fs/WindowsException'{0x00000000ecd42990}> (0x00000000ecd42990) 
thrown [s\src\hotspot\share\prims\jni.cpp, line 520]
Event: 57.194 Thread 0x000001674cae62e0 Exception <a 'java/lang/ClassNotFoundException'{0x00000000ecc75980}: build_8x3mg3yczhdpqqaencx5uv4yoBeanInfo> (0x00000000ecc75980) 
thrown [s\src\hotspot\share\classfile\systemDictionary.cpp, line 312]
Event: 57.195 Thread 0x000001674cae62e0 Exception <a 'java/lang/ClassNotFoundException'{0x00000000ecc7c368}: build_8x3mg3yczhdpqqaencx5uv4yoCustomizer> (0x00000000ecc7c368) 
thrown [s\src\hotspot\share\classfile\systemDictionary.cpp, line 312]
Event: 57.864 Thread 0x000001674cae62e0 Exception <a 'java/lang/ClassNotFoundException'{0x00000000ebfe1878}: build_8x3mg3yczhdpqqaencx5uv4yoBeanInfo> (0x00000000ebfe1878) 
thrown [s\src\hotspot\share\classfile\systemDictionary.cpp, line 312]
Event: 57.864 Thread 0x000001674cae62e0 Exception <a 'java/lang/ClassNotFoundException'{0x00000000ebfe81f8}: build_8x3mg3yczhdpqqaencx5uv4yoCustomizer> (0x00000000ebfe81f8) 
thrown [s\src\hotspot\share\classfile\systemDictionary.cpp, line 312]

ZGC Phase Switch (0 events):
No events

VM Operations (20 events):
Event: 50.888 Executing safepoint VM operation: G1CollectForAllocation (G1 Evacuation Pause) done
Event: 51.391 Executing non-safepoint VM operation: HandshakeAllThreads (Deoptimize)
Event: 51.391 Executing non-safepoint VM operation: HandshakeAllThreads (Deoptimize) done
Event: 51.970 Executing safepoint VM operation: ICBufferFull
Event: 51.970 Executing safepoint VM operation: ICBufferFull done
Event: 52.173 Executing safepoint VM operation: G1CollectForAllocation (G1 Evacuation Pause)
Event: 52.184 Executing safepoint VM operation: G1CollectForAllocation (G1 Evacuation Pause) done
Event: 52.499 Executing safepoint VM operation: G1CollectForAllocation (G1 Evacuation Pause)
Event: 52.509 Executing safepoint VM operation: G1CollectForAllocation (G1 Evacuation Pause) done
Event: 52.626 Executing safepoint VM operation: G1PauseRemark
Event: 52.638 Executing safepoint VM operation: G1PauseRemark done
Event: 52.706 Executing safepoint VM operation: G1PauseCleanup
Event: 52.706 Executing safepoint VM operation: G1PauseCleanup done
Event: 53.708 Executing safepoint VM operation: Cleanup
Event: 53.708 Executing safepoint VM operation: Cleanup done
Event: 57.630 Executing safepoint VM operation: G1CollectForAllocation (G1 Evacuation Pause)
Event: 57.637 Executing safepoint VM operation: G1CollectForAllocation (G1 Evacuation Pause) done
Event: 58.083 Executing safepoint VM operation: G1CollectForAllocation (G1 Evacuation Pause)
Event: 58.094 Executing safepoint VM operation: G1CollectForAllocation (G1 Evacuation Pause) done
Event: 59.107 Executing safepoint VM operation: Cleanup

Memory protections (0 events):
No events

Nmethod flushes (20 events):
Event: 52.636 Thread 0x0000016731cb2f90 flushing  nmethod 0x000001672012a190
Event: 52.636 Thread 0x0000016731cb2f90 flushing  nmethod 0x000001672012b190
Event: 52.636 Thread 0x0000016731cb2f90 flushing  nmethod 0x0000016720135010
Event: 52.636 Thread 0x0000016731cb2f90 flushing  nmethod 0x00000167201f2510
Event: 52.636 Thread 0x0000016731cb2f90 flushing  nmethod 0x00000167201f3490
Event: 52.636 Thread 0x0000016731cb2f90 flushing  nmethod 0x0000016720284d90
Event: 52.636 Thread 0x0000016731cb2f90 flushing  nmethod 0x0000016720421b10
Event: 52.636 Thread 0x0000016731cb2f90 flushing  nmethod 0x00000167204b4790
Event: 52.636 Thread 0x0000016731cb2f90 flushing  nmethod 0x00000167204b6a90
Event: 52.636 Thread 0x0000016731cb2f90 flushing  nmethod 0x00000167204b8910
Event: 52.636 Thread 0x0000016731cb2f90 flushing  nmethod 0x00000167204d9d10
Event: 52.636 Thread 0x0000016731cb2f90 flushing  nmethod 0x0000016720877210
Event: 52.636 Thread 0x0000016731cb2f90 flushing  nmethod 0x0000016720878210
Event: 52.636 Thread 0x0000016731cb2f90 flushing  nmethod 0x0000016720a56710
Event: 52.636 Thread 0x0000016731cb2f90 flushing  nmethod 0x0000016720a56f90
Event: 52.636 Thread 0x0000016731cb2f90 flushing  nmethod 0x0000016720a57a10
Event: 52.636 Thread 0x0000016731cb2f90 flushing  nmethod 0x0000016720a59a90
Event: 52.636 Thread 0x0000016731cb2f90 flushing  nmethod 0x0000016720a59f90
Event: 52.636 Thread 0x0000016731cb2f90 flushing  nmethod 0x0000016720a5aa90
Event: 52.636 Thread 0x0000016731cb2f90 flushing  nmethod 0x0000016720a5dc10

Events (20 events):
Event: 57.515 Thread 0x000001674cae62e0 Thread added: 0x00000167517f6880
Event: 57.515 Thread 0x000001674cae62e0 Thread added: 0x00000167517f6f10
Event: 57.515 Thread 0x000001674cae62e0 Thread added: 0x00000167517f47b0
Event: 57.516 Thread 0x000001674cae62e0 Thread added: 0x000001674f9e5230
Event: 57.516 Thread 0x000001674cae62e0 Thread added: 0x000001674f9e37f0
Event: 57.581 Thread 0x000001674cae62e0 Thread added: 0x000001674f9e3160
Event: 57.583 Thread 0x000001674cae62e0 Thread added: 0x000001674f9e1db0
Event: 57.583 Thread 0x000001674cae62e0 Thread added: 0x000001674f9e58c0
Event: 57.584 Thread 0x000001674cae62e0 Thread added: 0x000001674f9e3e80
Event: 57.585 Thread 0x000001674cae62e0 Thread added: 0x000001674f9e5f50
Event: 57.586 Thread 0x000001674cae62e0 Thread added: 0x000001674f9e2ad0
Event: 57.587 Thread 0x000001674cae62e0 Thread added: 0x000001674f9e93d0
Event: 57.623 Thread 0x000001674cae62e0 Thread added: 0x000001674f9e7990
Event: 57.623 Thread 0x000001674cae62e0 Thread added: 0x000001674f9e8d40
Event: 57.623 Thread 0x000001674cae62e0 Thread added: 0x000001674f9e6c70
Event: 57.624 Thread 0x000001674cae62e0 Thread added: 0x000001674f9e8020
Event: 57.624 Thread 0x000001674cae62e0 Thread added: 0x000001674f9e86b0
Event: 57.624 Thread 0x000001674cae62e0 Thread added: 0x000001674d813a20
Event: 57.624 Thread 0x000001674b010ff0 Thread added: 0x0000016752366860
Event: 57.624 Thread 0x000001674cae62e0 Thread added: 0x000001674d8140b0


Dynamic libraries:
0x00007ff747c10000 - 0x00007ff747c1e000 	C:\Users\vsing\.vscode\extensions\redhat.java-1.54.0-win32-x64\jre\21.0.10-win32-x86_64\bin\java.exe
0x00007ffdff480000 - 0x00007ffdff6e7000 	C:\WINDOWS\SYSTEM32\ntdll.dll
0x00007ffdfdbe0000 - 0x00007ffdfdca9000 	C:\WINDOWS\System32\KERNEL32.DLL
0x00007ffdfc240000 - 0x00007ffdfc637000 	C:\WINDOWS\System32\KERNELBASE.dll
0x00007ffdfbeb0000 - 0x00007ffdfbffb000 	C:\WINDOWS\System32\ucrtbase.dll
0x00007ffdc4c10000 - 0x00007ffdc4c2e000 	C:\Users\vsing\.vscode\extensions\redhat.java-1.54.0-win32-x64\jre\21.0.10-win32-x86_64\bin\VCRUNTIME140.dll
0x00007ffdb5ca0000 - 0x00007ffdb5cb8000 	C:\Users\vsing\.vscode\extensions\redhat.java-1.54.0-win32-x64\jre\21.0.10-win32-x86_64\bin\jli.dll
0x00007ffdff1e0000 - 0x00007ffdff3a6000 	C:\WINDOWS\System32\USER32.dll
0x00007ffdfc210000 - 0x00007ffdfc237000 	C:\WINDOWS\System32\win32u.dll
0x00007ffdfd930000 - 0x00007ffdfd95b000 	C:\WINDOWS\System32\GDI32.dll
0x00007ffdfc7a0000 - 0x00007ffdfc8cc000 	C:\WINDOWS\System32\gdi32full.dll
0x00007ffdd9810000 - 0x00007ffdd9aa2000 	C:\WINDOWS\WinSxS\amd64_microsoft.windows.common-controls_6595b64144ccf1df_6.0.26100.8457_none_3e0b2faee331e92d\COMCTL32.dll
0x00007ffdfc6f0000 - 0x00007ffdfc793000 	C:\WINDOWS\System32\msvcp_win.dll
0x00007ffdfd7b0000 - 0x00007ffdfd859000 	C:\WINDOWS\System32\msvcrt.dll
0x00007ffdfedc0000 - 0x00007ffdfedf2000 	C:\WINDOWS\System32\IMM32.DLL
0x00007ffdf4850000 - 0x00007ffdf485c000 	C:\Users\vsing\.vscode\extensions\redhat.java-1.54.0-win32-x64\jre\21.0.10-win32-x86_64\bin\vcruntime140_1.dll
0x00007ffd8e6b0000 - 0x00007ffd8e73d000 	C:\Users\vsing\.vscode\extensions\redhat.java-1.54.0-win32-x64\jre\21.0.10-win32-x86_64\bin\msvcp140.dll
0x00007ffd3af50000 - 0x00007ffd3bcf1000 	C:\Users\vsing\.vscode\extensions\redhat.java-1.54.0-win32-x64\jre\21.0.10-win32-x86_64\bin\server\jvm.dll
0x00007ffdfd860000 - 0x00007ffdfd916000 	C:\WINDOWS\System32\ADVAPI32.dll
0x00007ffdfed10000 - 0x00007ffdfedb7000 	C:\WINDOWS\System32\sechost.dll
0x00007ffdfd980000 - 0x00007ffdfda98000 	C:\WINDOWS\System32\RPCRT4.dll
0x00007ffdfd230000 - 0x00007ffdfd2b0000 	C:\WINDOWS\System32\WS2_32.dll
0x00007ffded930000 - 0x00007ffded966000 	C:\WINDOWS\SYSTEM32\WINMM.dll
0x00007ffdf5830000 - 0x00007ffdf583b000 	C:\WINDOWS\SYSTEM32\VERSION.dll
0x00007ffdfbd30000 - 0x00007ffdfbd8e000 	C:\WINDOWS\SYSTEM32\POWRPROF.dll
0x00007ffdfbd10000 - 0x00007ffdfbd24000 	C:\WINDOWS\SYSTEM32\UMPDC.dll
0x00007ffdfac10000 - 0x00007ffdfac2b000 	C:\WINDOWS\SYSTEM32\kernel.appcore.dll
0x00007ffdd8850000 - 0x00007ffdd885a000 	C:\Users\vsing\.vscode\extensions\redhat.java-1.54.0-win32-x64\jre\21.0.10-win32-x86_64\bin\jimage.dll
0x00007ffdf9ec0000 - 0x00007ffdfa102000 	C:\WINDOWS\SYSTEM32\DBGHELP.DLL
0x00007ffdfd2c0000 - 0x00007ffdfd643000 	C:\WINDOWS\System32\combase.dll
0x00007ffdfdaa0000 - 0x00007ffdfdb79000 	C:\WINDOWS\System32\OLEAUT32.dll
0x00007ffdda0d0000 - 0x00007ffdda10b000 	C:\WINDOWS\SYSTEM32\dbgcore.DLL
0x00007ffdfc640000 - 0x00007ffdfc6e8000 	C:\WINDOWS\System32\bcryptPrimitives.dll
0x00007ffde0ce0000 - 0x00007ffde0cef000 	C:\Users\vsing\.vscode\extensions\redhat.java-1.54.0-win32-x64\jre\21.0.10-win32-x86_64\bin\instrument.dll
0x00007ffdb1300000 - 0x00007ffdb1320000 	C:\Users\vsing\.vscode\extensions\redhat.java-1.54.0-win32-x64\jre\21.0.10-win32-x86_64\bin\java.dll
0x00007ffdfe4d0000 - 0x00007ffdfec3e000 	C:\WINDOWS\System32\SHELL32.dll
0x00007ffdfc990000 - 0x00007ffdfd1fc000 	C:\WINDOWS\System32\windows.storage.dll
0x00007ffdfefe0000 - 0x00007ffdff0d6000 	C:\WINDOWS\System32\SHCORE.dll
0x00007ffdff3b0000 - 0x00007ffdff416000 	C:\WINDOWS\System32\shlwapi.dll
0x00007ffdfbdd0000 - 0x00007ffdfbdf9000 	C:\WINDOWS\SYSTEM32\profapi.dll
0x00007ffd8e690000 - 0x00007ffd8e6a8000 	C:\Users\vsing\.vscode\extensions\redhat.java-1.54.0-win32-x64\jre\21.0.10-win32-x86_64\bin\zip.dll
0x00007ffdb1270000 - 0x00007ffdb1280000 	C:\Users\vsing\.vscode\extensions\redhat.java-1.54.0-win32-x64\jre\21.0.10-win32-x86_64\bin\net.dll
0x00007ffdf7160000 - 0x00007ffdf7289000 	C:\WINDOWS\SYSTEM32\WINHTTP.dll
0x00007ffdfb1b0000 - 0x00007ffdfb21c000 	C:\WINDOWS\system32\mswsock.dll
0x00007ffd8e670000 - 0x00007ffd8e686000 	C:\Users\vsing\.vscode\extensions\redhat.java-1.54.0-win32-x64\jre\21.0.10-win32-x86_64\bin\nio.dll
0x00007ffd8e660000 - 0x00007ffd8e670000 	C:\Users\vsing\.vscode\extensions\redhat.java-1.54.0-win32-x64\jre\21.0.10-win32-x86_64\bin\verify.dll
0x00007ffdcb730000 - 0x00007ffdcb757000 	C:\Users\vsing\.gradle\native\c067742578af261105cb4f569cf0c3c89f3d7b1fecec35dd04571415982c5e48\windows-amd64\native-platform.dll
0x00007ffd8d080000 - 0x00007ffd8d1c4000 	C:\Users\vsing\.gradle\native\100fb08df4bc3b14c8652ba06237920a3bd2aa13389f12d3474272988ae205f9\windows-amd64\native-platform-file-events.dll
0x00007ffde0d00000 - 0x00007ffde0d0a000 	C:\Users\vsing\.vscode\extensions\redhat.java-1.54.0-win32-x64\jre\21.0.10-win32-x86_64\bin\management.dll
0x00007ffde0cc0000 - 0x00007ffde0ccc000 	C:\Users\vsing\.vscode\extensions\redhat.java-1.54.0-win32-x64\jre\21.0.10-win32-x86_64\bin\management_ext.dll
0x00007ffdfd920000 - 0x00007ffdfd928000 	C:\WINDOWS\System32\PSAPI.DLL
0x00007ffdfb490000 - 0x00007ffdfb4ab000 	C:\WINDOWS\SYSTEM32\CRYPTSP.dll
0x00007ffdfab70000 - 0x00007ffdfaba9000 	C:\WINDOWS\system32\rsaenh.dll
0x00007ffdfb260000 - 0x00007ffdfb293000 	C:\WINDOWS\SYSTEM32\USERENV.dll
0x00007ffdfbda0000 - 0x00007ffdfbdca000 	C:\WINDOWS\SYSTEM32\bcrypt.dll
0x00007ffdfb4b0000 - 0x00007ffdfb4bc000 	C:\WINDOWS\SYSTEM32\CRYPTBASE.dll
0x00007ffdfa5b0000 - 0x00007ffdfa5e2000 	C:\WINDOWS\SYSTEM32\IPHLPAPI.DLL
0x00007ffdfde10000 - 0x00007ffdfde1a000 	C:\WINDOWS\System32\NSI.dll
0x00007ffdf5040000 - 0x00007ffdf5049000 	C:\Users\vsing\.vscode\extensions\redhat.java-1.54.0-win32-x64\jre\21.0.10-win32-x86_64\bin\extnet.dll
0x00007ffde0d10000 - 0x00007ffde0d1e000 	C:\Users\vsing\.vscode\extensions\redhat.java-1.54.0-win32-x64\jre\21.0.10-win32-x86_64\bin\sunmscapi.dll
0x00007ffdfc000000 - 0x00007ffdfc178000 	C:\WINDOWS\System32\CRYPT32.dll
0x00007ffdfb6b0000 - 0x00007ffdfb6e0000 	C:\WINDOWS\SYSTEM32\ncrypt.dll
0x00007ffdfb660000 - 0x00007ffdfb69f000 	C:\WINDOWS\SYSTEM32\NTASN1.dll
0x00007ffdd7e40000 - 0x00007ffdd7e48000 	C:\WINDOWS\system32\wshunix.dll

JVMTI agents:
C:\Users\vsing\.gradle\wrapper\dists\gradle-8.9-bin\90cnw93cvbtalezasaz0blq0a\gradle-8.9\lib\agents\gradle-instrumentation-agent-8.9.jar path:C:\Users\vsing\.vscode\extensions\redhat.java-1.54.0-win32-x64\jre\21.0.10-win32-x86_64\bin\instrument.dll, loaded, initialized, instrumentlib options:none

dbghelp: loaded successfully - version: 4.0.5 - missing functions: none
symbol engine: initialized successfully - sym options: 0x614 - pdb path: .;C:\Users\vsing\.vscode\extensions\redhat.java-1.54.0-win32-x64\jre\21.0.10-win32-x86_64\bin;C:\WINDOWS\SYSTEM32;C:\WINDOWS\WinSxS\amd64_microsoft.windows.common-controls_6595b64144ccf1df_6.0.26100.8457_none_3e0b2faee331e92d;C:\Users\vsing\.vscode\extensions\redhat.java-1.54.0-win32-x64\jre\21.0.10-win32-x86_64\bin\server;C:\Users\vsing\.gradle\native\c067742578af261105cb4f569cf0c3c89f3d7b1fecec35dd04571415982c5e48\windows-amd64;C:\Users\vsing\.gradle\native\100fb08df4bc3b14c8652ba06237920a3bd2aa13389f12d3474272988ae205f9\windows-amd64

VM Arguments:
jvm_args: --add-opens=java.base/java.util=ALL-UNNAMED --add-opens=java.base/java.lang=ALL-UNNAMED --add-opens=java.base/java.lang.invoke=ALL-UNNAMED --add-opens=java.prefs/java.util.prefs=ALL-UNNAMED --add-exports=jdk.compiler/com.sun.tools.javac.api=ALL-UNNAMED --add-exports=jdk.compiler/com.sun.tools.javac.util=ALL-UNNAMED --add-opens=java.base/java.nio.charset=ALL-UNNAMED --add-opens=java.base/java.net=ALL-UNNAMED --add-opens=java.base/java.util.concurrent.atomic=ALL-UNNAMED -XX:MaxMetaspaceSize=384m -XX:+HeapDumpOnOutOfMemoryError -Xms256m -Xmx512m -Dfile.encoding=utf8 -Duser.country=IN -Duser.language=en -Duser.variant -javaagent:C:\Users\vsing\.gradle\wrapper\dists\gradle-8.9-bin\90cnw93cvbtalezasaz0blq0a\gradle-8.9\lib\agents\gradle-instrumentation-agent-8.9.jar 
java_command: org.gradle.launcher.daemon.bootstrap.GradleDaemon 8.9
java_class_path (initial): C:\Users\vsing\.gradle\wrapper\dists\gradle-8.9-bin\90cnw93cvbtalezasaz0blq0a\gradle-8.9\lib\gradle-daemon-main-8.9.jar
Launcher Type: SUN_STANDARD

[Global flags]
     intx CICompilerCount                          = 4                                         {product} {ergonomic}
   size_t CompressedClassSpaceSize                 = 335544320                                 {product} {ergonomic}
     uint ConcGCThreads                            = 2                                         {product} {ergonomic}
     uint G1ConcRefinementThreads                  = 8                                         {product} {ergonomic}
   size_t G1HeapRegionSize                         = 1048576                                   {product} {ergonomic}
    uintx GCDrainStackTargetSize                   = 64                                        {product} {ergonomic}
     bool HeapDumpOnOutOfMemoryError               = true                                   {manageable} {command line}
   size_t InitialHeapSize                          = 268435456                                 {product} {command line}
   size_t MarkStackSize                            = 4194304                                   {product} {ergonomic}
   size_t MaxHeapSize                              = 536870912                                 {product} {command line}
   size_t MaxMetaspaceSize                         = 402653184                                 {product} {command line}
   size_t MaxNewSize                               = 321912832                                 {product} {ergonomic}
   size_t MinHeapDeltaBytes                        = 1048576                                   {product} {ergonomic}
   size_t MinHeapSize                              = 268435456                                 {product} {command line}
    uintx NonNMethodCodeHeapSize                   = 5839372                                {pd product} {ergonomic}
    uintx NonProfiledCodeHeapSize                  = 122909434                              {pd product} {ergonomic}
    uintx ProfiledCodeHeapSize                     = 122909434                              {pd product} {ergonomic}
    uintx ReservedCodeCacheSize                    = 251658240                              {pd product} {ergonomic}
     bool SegmentedCodeCache                       = true                                      {product} {ergonomic}
   size_t SoftMaxHeapSize                          = 536870912                              {manageable} {ergonomic}
     bool UseCompressedOops                        = true                           {product lp64_product} {ergonomic}
     bool UseG1GC                                  = true                                      {product} {ergonomic}
     bool UseLargePagesIndividualAllocation        = false                                  {pd product} {ergonomic}

Logging:
Log output configuration:
 #0: stdout all=warning uptime,level,tags foldmultilines=false
 #1: stderr all=off uptime,level,tags foldmultilines=false

Release file:
JAVA_VERSION="21.0.10" 
MODULES="java.base java.compiler java.datatransfer java.xml java.prefs java.desktop java.instrument java.logging java.management java.security.sasl java.naming java.rmi java.management.rmi java.net.http java.scripting java.security.jgss java.transaction.xa java.sql java.sql.rowset java.xml.crypto java.se java.smartcardio jdk.accessibility jdk.internal.jvmstat jdk.attach jdk.charsets jdk.internal.opt jdk.zipfs jdk.compiler jdk.crypto.ec jdk.crypto.cryptoki jdk.crypto.mscapi jdk.dynalink jdk.internal.ed jdk.editpad jdk.hotspot.agent jdk.httpserver jdk.internal.le jdk.internal.vm.ci jdk.internal.vm.compiler jdk.internal.vm.compiler.management jdk.jartool jdk.javadoc jdk.jcmd jdk.management jdk.management.agent jdk.jconsole jdk.jdeps jdk.jdwp.agent jdk.jdi jdk.jfr jdk.jshell jdk.jsobject jdk.jstatd jdk.localedata jdk.management.jfr jdk.naming.dns jdk.naming.rmi jdk.net jdk.nio.mapmode jdk.random jdk.sctp jdk.security.auth jdk.security.jgss jdk.unsupported jdk.unsupported.desktop jdk.xml.dom" 

Environment Variables:
JAVA_HOME=C:\Program Files\OpenLogic\jdk-17.0.18.8-hotspot
PATH=C:\Program Files\OpenLogic\jdk-17.0.18.8-hotspot\bin;C:\WINDOWS\system32;C:\WINDOWS;C:\WINDOWS\System32\Wbem;C:\WINDOWS\System32\WindowsPowerShell\v1.0\;C:\WINDOWS\System32\OpenSSH\;C:\WINDOWS\system32;C:\WINDOWS;C:\WINDOWS\System32\Wbem;C:\WINDOWS\System32\WindowsPowerShell\v1.0\;C:\WINDOWS\System32\OpenSSH\;C:\ProgramData\chocolatey\bin;C:\Users\vsing\AppData\Local\Android\Sdk\platform-tools;C:\Users\vsing\AppData\Local\Android\Sdk\emulator;C:\Users\vsing\AppData\Local\Android\Sdk\build-tools;C:\Users\vsing\AppData\Local\Android\Sdk\platforms;C:\Users\vsing\AppData\Local\Android\Sdk;C:\Program Files\OpenLogic\jdk-17.0.18.8-hotspot;C:\Program Files\nodejs\;D:\Git\bin;C:\Users\vsing\AppData\Local\Microsoft\WindowsApps;C:\Users\vsing\AppData\Local\Programs\Microsoft VS Code\bin;C:\Users\vsing\AppData\Local\Android\Sdk\platform-tools;C:\Users\vsing\AppData\Local\Android\Sdk\emulator;C:\Users\vsing\AppData\Local\Android\Sdk\build-tools;C:\Users\vsing\AppData\Local\Android\Sdk\platforms;C:\Users\vsing\AppData\Local\Android\Sdk;C:\Program Files\OpenLogic\jdk-17.0.18.8-hotspot;C:\Program Files\OpenLogic\jdk-17.0.18.8-hotspot\bin;C:\Program Files\nodejs;C:\Users\vsing\AppData\Roaming\npm;D:\Git\bin;C:\Users\vsing\AppData\Local\Programs\Antigravity\bin;C:\Users\vsing\AppData\Local\Programs\cursor\resources\app\bin
USERNAME=vsing
OS=Windows_NT
PROCESSOR_IDENTIFIER=Intel64 Family 6 Model 140 Stepping 1, GenuineIntel
TMP=C:\Users\vsing\AppData\Local\Temp
TEMP=C:\Users\vsing\AppData\Local\Temp




Periodic native trim disabled

---------------  S Y S T E M  ---------------

OS:
 Windows 11 , 64 bit Build 26100 (10.0.26100.8328)
OS uptime: 1 days 3:30 hours
Hyper-V role detected

CPU: total 8 (initial active 8) (4 cores per cpu, 2 threads per core) family 6 model 140 stepping 1 microcode 0xb4, cx8, cmov, fxsr, ht, mmx, 3dnowpref, sse, sse2, sse3, ssse3, sse4.1, sse4.2, popcnt, lzcnt, tsc, tscinvbit, avx, avx2, aes, erms, clmul, bmi1, bmi2, adx, avx512f, avx512dq, avx512cd, avx512bw, avx512vl, sha, fma, vzeroupper, avx512_vpopcntdq, avx512_vpclmulqdq, avx512_vaes, avx512_vnni, clflush, clflushopt, clwb, avx512_vbmi2, avx512_vbmi, hv, rdtscp, rdpid, fsrm, gfni, avx512_bitalg, f16c, cet_ibt, cet_ss, avx512_ifma
Processor Information for processor 0
  Max Mhz: 2001, Current Mhz: 1200, Mhz Limit: 2001
Processor Information for processor 1
  Max Mhz: 2001, Current Mhz: 1200, Mhz Limit: 2001
Processor Information for processor 2
  Max Mhz: 2001, Current Mhz: 2001, Mhz Limit: 2001
Processor Information for processor 3
  Max Mhz: 2001, Current Mhz: 1200, Mhz Limit: 2001
Processor Information for processor 4
  Max Mhz: 2001, Current Mhz: 2001, Mhz Limit: 2001
Processor Information for processor 5
  Max Mhz: 2001, Current Mhz: 1200, Mhz Limit: 2001
Processor Information for processor 6
  Max Mhz: 2001, Current Mhz: 2001, Mhz Limit: 2001
Processor Information for processor 7
  Max Mhz: 2001, Current Mhz: 2001, Mhz Limit: 2001

Memory: 4k page, system-wide physical 7834M (828M free)
TotalPageFile size 26973M (AvailPageFile size 8M)
current process WorkingSet (physical memory assigned to process): 470M, peak: 495M
current process commit charge ("private bytes"): 614M, peak: 615M

vm_info: OpenJDK 64-Bit Server VM (21.0.10+7-LTS) for windows-amd64 JRE (21.0.10+7-LTS), built on 2026-01-20T00:00:00Z by "admin" with MS VC++ 17.12 (VS2022)

END.
