#
# There is insufficient memory for the Java Runtime Environment to continue.
# Native memory allocation (mmap) failed to map 50331648 bytes. Error detail: G1 virtual space
# Possible reasons:
#   The system is out of physical RAM or swap space
#   This process is running with CompressedOops enabled, and the Java Heap may be blocking the growth of the native heap
# Possible solutions:
#   Reduce memory load on the system
#   Increase physical memory or swap space
#   Check if swap backing store is full
#   Decrease Java heap size (-Xmx/-Xms)
#   Decrease number of Java threads
#   Decrease Java thread stack sizes (-Xss)
#   Set larger code cache with -XX:ReservedCodeCacheSize=
#   JVM is running with Unscaled Compressed Oops mode in which the Java heap is
#     placed in the first 4GB address space. The Java Heap base address is the
#     maximum limit for the native heap growth. Please use -XX:HeapBaseMinAddress
#     to set the Java Heap base and to place the Java Heap above 4GB virtual address.
# This output file may be truncated or incomplete.
#
#  Out of Memory Error (os_windows.cpp:3714), pid=17276, tid=5752
#
# JRE version: OpenJDK Runtime Environment Temurin-21.0.10+7 (21.0.10+7) (build 21.0.10+7-LTS)
# Java VM: OpenJDK 64-Bit Server VM Temurin-21.0.10+7 (21.0.10+7-LTS, mixed mode, sharing, tiered, compressed oops, compressed class ptrs, g1 gc, windows-amd64)
# No core dump will be written. Minidumps are not enabled by default on client versions of Windows
#

---------------  S U M M A R Y ------------

Command Line: --add-opens=java.base/java.lang=ALL-UNNAMED --add-opens=java.base/java.lang.invoke=ALL-UNNAMED --add-opens=java.base/java.util=ALL-UNNAMED --add-opens=java.prefs/java.util.prefs=ALL-UNNAMED --add-exports=jdk.compiler/com.sun.tools.javac.api=ALL-UNNAMED --add-exports=jdk.compiler/com.sun.tools.javac.util=ALL-UNNAMED --add-opens=java.base/java.util=ALL-UNNAMED --add-opens=java.prefs/java.util.prefs=ALL-UNNAMED --add-opens=java.base/java.nio.charset=ALL-UNNAMED --add-opens=java.base/java.net=ALL-UNNAMED --add-opens=java.base/java.util.concurrent.atomic=ALL-UNNAMED --add-opens=java.xml/javax.xml.namespace=ALL-UNNAMED -XX:MaxMetaspaceSize=192m -Xmx768m -Dfile.encoding=UTF-8 -Duser.country=IN -Duser.language=en -Duser.variant -javaagent:C:\Users\vsing\.gradle\wrapper\dists\gradle-8.14.3-bin\cv11ve7ro1n3o1j4so8xd9n66\gradle-8.14.3\lib\agents\gradle-instrumentation-agent-8.14.3.jar org.gradle.launcher.daemon.bootstrap.GradleDaemon 8.14.3

Host: 11th Gen Intel(R) Core(TM) i3-1125G4 @ 2.00GHz, 8 cores, 7G,  Windows 11 , 64 bit Build 26100 (10.0.26100.8328)
Time: Tue May 26 15:02:24 2026 India Standard Time elapsed time: 446.918051 seconds (0d 0h 7m 26s)

---------------  T H R E A D  ---------------

Current thread (0x000001b6727b2580):  VMThread "VM Thread"          [id=5752, stack(0x0000008a99b00000,0x0000008a99c00000) (1024K)]

Stack: [0x0000008a99b00000,0x0000008a99c00000]
Native frames: (J=compiled Java code, j=interpreted, Vv=VM code, C=native code)
V  [jvm.dll+0x6d7a39]
V  [jvm.dll+0x8b4b26]
V  [jvm.dll+0x8b70de]
V  [jvm.dll+0x8b77c3]
V  [jvm.dll+0x284346]
V  [jvm.dll+0x6d4355]
V  [jvm.dll+0x6c808a]
V  [jvm.dll+0x35edb8]
V  [jvm.dll+0x3669f6]
V  [jvm.dll+0x3b7afe]
V  [jvm.dll+0x3b7da8]
V  [jvm.dll+0x332fbc]
V  [jvm.dll+0x333047]
V  [jvm.dll+0x376e1c]
V  [jvm.dll+0x3755be]
V  [jvm.dll+0x332701]
V  [jvm.dll+0x335f96]
V  [jvm.dll+0x3897d6]
V  [jvm.dll+0x8bd4b0]
V  [jvm.dll+0x8be824]
V  [jvm.dll+0x8bed50]
V  [jvm.dll+0x8beff3]
V  [jvm.dll+0x85f59d]
V  [jvm.dll+0x6d626d]
C  [ucrtbase.dll+0x37b0]
C  [KERNEL32.DLL+0x2e957]
C  [ntdll.dll+0x427c]

VM_Operation (0x0000008a993fdaf0): CollectForMetadataAllocation, mode: safepoint, requested by thread 0x000001b6099e1000


---------------  P R O C E S S  ---------------

Threads class SMR info:
_java_thread_list=0x000001b613c2e7f0, length=39, elements={
0x000001b65ac06620, 0x000001b6727d6bc0, 0x000001b6727da1a0, 0x000001b6727dc8b0,
0x000001b6727e0460, 0x000001b6727ed1b0, 0x000001b6727edc10, 0x000001b6727ee9a0,
0x000001b6727f7450, 0x000001b672b2f410, 0x000001b672a89310, 0x000001b67f6d5030,
0x000001b67f7c2a70, 0x000001b67f7c30e0, 0x000001b6042b8a80, 0x000001b6042b7d60,
0x000001b6042b83f0, 0x000001b6042b5c90, 0x000001b604bac490, 0x000001b604baaa50,
0x000001b604baa3c0, 0x000001b604bab0e0, 0x000001b604bab770, 0x000001b604babe00,
0x000001b6076a38c0, 0x000001b6099e1000, 0x000001b60bb89de0, 0x000001b6090c8ef0,
0x000001b6090cf160, 0x000001b6090ce440, 0x000001b6090cd720, 0x000001b6090d0510,
0x000001b607844fe0, 0x000001b607847740, 0x000001b606de8f20, 0x000001b606de74e0,
0x000001b606de6e50, 0x000001b6077b56a0, 0x000001b6090c9580
}

Java Threads: ( => current thread )
  0x000001b65ac06620 JavaThread "main"                              [_thread_blocked, id=14860, stack(0x0000008a99400000,0x0000008a99500000) (1024K)]
  0x000001b6727d6bc0 JavaThread "Reference Handler"          daemon [_thread_blocked, id=9344, stack(0x0000008a99c00000,0x0000008a99d00000) (1024K)]
  0x000001b6727da1a0 JavaThread "Finalizer"                  daemon [_thread_blocked, id=13012, stack(0x0000008a99d00000,0x0000008a99e00000) (1024K)]
  0x000001b6727dc8b0 JavaThread "Signal Dispatcher"          daemon [_thread_blocked, id=11740, stack(0x0000008a99e00000,0x0000008a99f00000) (1024K)]
  0x000001b6727e0460 JavaThread "Attach Listener"            daemon [_thread_blocked, id=7928, stack(0x0000008a99f00000,0x0000008a9a000000) (1024K)]
  0x000001b6727ed1b0 JavaThread "Service Thread"             daemon [_thread_blocked, id=13096, stack(0x0000008a9a000000,0x0000008a9a100000) (1024K)]
  0x000001b6727edc10 JavaThread "Monitor Deflation Thread"   daemon [_thread_blocked, id=19248, stack(0x0000008a9a100000,0x0000008a9a200000) (1024K)]
  0x000001b6727ee9a0 JavaThread "C2 CompilerThread0"         daemon [_thread_blocked, id=25104, stack(0x0000008a9a200000,0x0000008a9a300000) (1024K)]
  0x000001b6727f7450 JavaThread "C1 CompilerThread0"         daemon [_thread_blocked, id=26528, stack(0x0000008a9a300000,0x0000008a9a400000) (1024K)]
  0x000001b672b2f410 JavaThread "Common-Cleaner"             daemon [_thread_blocked, id=22240, stack(0x0000008a9a400000,0x0000008a9a500000) (1024K)]
  0x000001b672a89310 JavaThread "Notification Thread"        daemon [_thread_blocked, id=9124, stack(0x0000008a9a500000,0x0000008a9a600000) (1024K)]
  0x000001b67f6d5030 JavaThread "Daemon health stats"               [_thread_blocked, id=11020, stack(0x0000008a9ae00000,0x0000008a9af00000) (1024K)]
  0x000001b67f7c2a70 JavaThread "Daemon"                            [_thread_blocked, id=22008, stack(0x0000008a9b100000,0x0000008a9b200000) (1024K)]
  0x000001b67f7c30e0 JavaThread "Handler for socket connection from /127.0.0.1:51070 to /127.0.0.1:56169"        [_thread_in_native, id=8020, stack(0x0000008a9b200000,0x0000008a9b300000) (1024K)]
  0x000001b6042b8a80 JavaThread "Cache worker for journal cache (C:\Users\vsing\.gradle\caches\journal-1)"        [_thread_blocked, id=5568, stack(0x0000008a9b800000,0x0000008a9b900000) (1024K)]
  0x000001b6042b7d60 JavaThread "File lock request listener"        [_thread_in_native, id=21860, stack(0x0000008a9b900000,0x0000008a9ba00000) (1024K)]
  0x000001b6042b83f0 JavaThread "Cache worker for file hash cache (C:\Users\vsing\.gradle\caches\8.14.3\fileHashes)"        [_thread_blocked, id=9360, stack(0x0000008a9ba00000,0x0000008a9bb00000) (1024K)]
  0x000001b6042b5c90 JavaThread "Cache worker for file hash cache (C:\chatbots\android\.gradle\8.14.3\fileHashes)"        [_thread_blocked, id=17340, stack(0x0000008a9bd00000,0x0000008a9be00000) (1024K)]
  0x000001b604bac490 JavaThread "File watcher server"        daemon [_thread_in_native, id=16000, stack(0x0000008a9bf00000,0x0000008a9c000000) (1024K)]
  0x000001b604baaa50 JavaThread "File watcher consumer"      daemon [_thread_blocked, id=3040, stack(0x0000008a9c000000,0x0000008a9c100000) (1024K)]
  0x000001b604baa3c0 JavaThread "jar transforms"                    [_thread_blocked, id=15580, stack(0x0000008a9c100000,0x0000008a9c200000) (1024K)]
  0x000001b604bab0e0 JavaThread "jar transforms Thread 2"           [_thread_blocked, id=20396, stack(0x0000008a9c200000,0x0000008a9c300000) (1024K)]
  0x000001b604bab770 JavaThread "Cache worker for checksums cache (C:\chatbots\android\.gradle\8.14.3\checksums)"        [_thread_blocked, id=13032, stack(0x0000008a9c300000,0x0000008a9c400000) (1024K)]
  0x000001b604babe00 JavaThread "Cache worker for file content cache (C:\Users\vsing\.gradle\caches\8.14.3\fileContent)"        [_thread_blocked, id=19756, stack(0x0000008a9c400000,0x0000008a9c500000) (1024K)]
  0x000001b6076a38c0 JavaThread "jar transforms Thread 3"           [_thread_blocked, id=26580, stack(0x0000008a9c500000,0x0000008a9c600000) (1024K)]
  0x000001b6099e1000 JavaThread "Memory manager"                    [_thread_blocked, id=24236, stack(0x0000008a99300000,0x0000008a99400000) (1024K)]
  0x000001b60bb89de0 JavaThread "ForkJoinPool.commonPool-worker-5" daemon [_thread_blocked, id=19868, stack(0x0000008a9d500000,0x0000008a9d600000) (1024K)]
  0x000001b6090c8ef0 JavaThread "WorkerExecutor Queue"              [_thread_blocked, id=16984, stack(0x0000008a9e000000,0x0000008a9e100000) (1024K)]
  0x000001b6090cf160 JavaThread "RMI Scheduler(0)"           daemon [_thread_blocked, id=26332, stack(0x0000008a9df00000,0x0000008a9e000000) (1024K)]
  0x000001b6090ce440 JavaThread "RMI GC Daemon"              daemon [_thread_blocked, id=8164, stack(0x0000008a9e200000,0x0000008a9e300000) (1024K)]
  0x000001b6090cd720 JavaThread "RMI TCP Accept-0"           daemon [_thread_blocked, id=19180, stack(0x0000008a9e300000,0x0000008a9e400000) (1024K)]
  0x000001b6090d0510 JavaThread "RMI Reaper"                        [_thread_blocked, id=11664, stack(0x0000008a9e400000,0x0000008a9e500000) (1024K)]
  0x000001b607844fe0 JavaThread "jar transforms Thread 4"           [_thread_blocked, id=18544, stack(0x0000008a9e900000,0x0000008a9ea00000) (1024K)]
  0x000001b607847740 JavaThread "jar transforms Thread 5"           [_thread_blocked, id=19308, stack(0x0000008a9eb00000,0x0000008a9ec00000) (1024K)]
  0x000001b606de8f20 JavaThread "jar transforms Thread 6"           [_thread_blocked, id=26376, stack(0x0000008a9d800000,0x0000008a9d900000) (1024K)]
  0x000001b606de74e0 JavaThread "jar transforms Thread 7"           [_thread_blocked, id=5156, stack(0x0000008a9d900000,0x0000008a9da00000) (1024K)]
  0x000001b606de6e50 JavaThread "jar transforms Thread 8"           [_thread_blocked, id=24996, stack(0x0000008a9da00000,0x0000008a9db00000) (1024K)]
  0x000001b6077b56a0 JavaThread "build event listener"              [_thread_blocked, id=10488, stack(0x0000008a9db00000,0x0000008a9dc00000) (1024K)]
  0x000001b6090c9580 JavaThread "RMI TCP Connection(idle)"   daemon [_thread_blocked, id=17240, stack(0x0000008a99200000,0x0000008a99300000) (1024K)]
Total: 39

Other Threads:
=>0x000001b6727b2580 VMThread "VM Thread"                           [id=5752, stack(0x0000008a99b00000,0x0000008a99c00000) (1024K)]
  0x000001b6727a1890 WatcherThread "VM Periodic Task Thread"        [id=21304, stack(0x0000008a99a00000,0x0000008a99b00000) (1024K)]
  0x000001b65ac360b0 WorkerThread "GC Thread#0"                     [id=8256, stack(0x0000008a99500000,0x0000008a99600000) (1024K)]
  0x000001b67e06eb10 WorkerThread "GC Thread#1"                     [id=5968, stack(0x0000008a9a800000,0x0000008a9a900000) (1024K)]
  0x000001b67e191a60 WorkerThread "GC Thread#2"                     [id=7912, stack(0x0000008a9a900000,0x0000008a9aa00000) (1024K)]
  0x000001b67e1c8470 WorkerThread "GC Thread#3"                     [id=23372, stack(0x0000008a9aa00000,0x0000008a9ab00000) (1024K)]
  0x000001b67e9b18a0 WorkerThread "GC Thread#4"                     [id=6792, stack(0x0000008a9ab00000,0x0000008a9ac00000) (1024K)]
  0x000001b67f531910 WorkerThread "GC Thread#5"                     [id=14408, stack(0x0000008a9ac00000,0x0000008a9ad00000) (1024K)]
  0x000001b67f531cc0 WorkerThread "GC Thread#6"                     [id=16776, stack(0x0000008a9ad00000,0x0000008a9ae00000) (1024K)]
  0x000001b6040a7a80 WorkerThread "GC Thread#7"                     [id=12304, stack(0x0000008a9bb00000,0x0000008a9bc00000) (1024K)]
  0x000001b65a6fe110 ConcurrentGCThread "G1 Main Marker"            [id=18288, stack(0x0000008a99600000,0x0000008a99700000) (1024K)]
  0x000001b65a6feb80 WorkerThread "G1 Conc#0"                       [id=24568, stack(0x0000008a99700000,0x0000008a99800000) (1024K)]
  0x000001b606e959f0 WorkerThread "G1 Conc#1"                       [id=2252, stack(0x0000008a9bc00000,0x0000008a9bd00000) (1024K)]
  0x000001b672675190 ConcurrentGCThread "G1 Refine#0"               [id=23596, stack(0x0000008a99800000,0x0000008a99900000) (1024K)]
  0x000001b6726759c0 ConcurrentGCThread "G1 Service"                [id=11588, stack(0x0000008a99900000,0x0000008a99a00000) (1024K)]
Total: 15

Threads with active compile tasks:
C2 CompilerThread0  446965 38796       4       jdk.internal.org.objectweb.asm.SymbolTable::addConstant (330 bytes)
Total: 1

VM state: at safepoint (normal execution)

VM Mutex/Monitor currently owned by a thread:  ([mutex/lock_event])
[0x00007ffd3bc0e560] Threads_lock - owner thread: 0x000001b6727b2580
[0x00007ffd3bc0e660] Heap_lock - owner thread: 0x000001b6099e1000

OutOfMemory and StackOverflow Exception counts:
OutOfMemoryError metaspace_errors=89
LinkageErrors=360

Heap address: 0x00000000d0000000, size: 768 MB, Compressed Oops mode: 32-bit

CDS archive(s) mapped at: [0x000001b673000000-0x000001b673ba0000-0x000001b673ba0000), size 12189696, SharedBaseAddress: 0x000001b673000000, ArchiveRelocationMode: 1.
Compressed class space mapped at: 0x000001b674000000-0x000001b67e000000, reserved size: 167772160
Narrow klass base: 0x000001b673000000, Narrow klass shift: 0, Narrow klass range: 0x100000000

GC Precious Log:
 CardTable entry size: 512
 Card Set container configuration: InlinePtr #cards 5 size 8 Array Of Cards #cards 12 size 40 Howl #buckets 4 coarsen threshold 1843 Howl Bitmap #cards 512 size 80 coarsen threshold 460 Card regions per heap region 1 cards per card region 2048
 CPUs: 8 total, 8 available
 Memory: 7834M
 Large Page Support: Disabled
 NUMA Support: Disabled
 Compressed Oops: Enabled (32-bit)
 Heap Region Size: 1M
 Heap Min Capacity: 8M
 Heap Initial Capacity: 124M
 Heap Max Capacity: 768M
 Pre-touch: Disabled
 Parallel Workers: 8
 Concurrent Workers: 2
 Concurrent Refinement Workers: 8
 Periodic GC: Disabled

Heap:
 garbage-first heap   total 665600K, used 196258K [0x00000000d0000000, 0x0000000100000000)
  region size 1024K, 1 young (1024K), 1 survivors (1024K)
 Metaspace       used 194820K, committed 196608K, reserved 360448K
  class space    used 24806K, committed 25984K, reserved 163840K

Heap Regions: E=young(eden), S=young(survivor), O=old, HS=humongous(starts), HC=humongous(continues), CS=collection set, F=free, TAMS=top-at-mark-start, PB=parsable bottom
|   0|0x00000000d0000000, 0x00000000d0100000, 0x00000000d0100000|100%|HS|  |TAMS 0x00000000d0100000| PB 0x00000000d0000000| Untracked 
|   1|0x00000000d0100000, 0x00000000d0200000, 0x00000000d0200000|100%|HC|  |TAMS 0x00000000d0200000| PB 0x00000000d0100000| Untracked 
|   2|0x00000000d0200000, 0x00000000d0300000, 0x00000000d0300000|100%|HC|  |TAMS 0x00000000d0300000| PB 0x00000000d0200000| Untracked 
|   3|0x00000000d0300000, 0x00000000d0400000, 0x00000000d0400000|100%| O|  |TAMS 0x00000000d0400000| PB 0x00000000d0300000| Untracked 
|   4|0x00000000d0400000, 0x00000000d0500000, 0x00000000d0500000|100%| O|  |TAMS 0x00000000d0500000| PB 0x00000000d0400000| Untracked 
|   5|0x00000000d0500000, 0x00000000d0600000, 0x00000000d0600000|100%| O|  |TAMS 0x00000000d0600000| PB 0x00000000d0500000| Untracked 
|   6|0x00000000d0600000, 0x00000000d0700000, 0x00000000d0700000|100%|HS|  |TAMS 0x00000000d0700000| PB 0x00000000d0600000| Untracked 
|   7|0x00000000d0700000, 0x00000000d07fffa0, 0x00000000d0800000| 99%| O|  |TAMS 0x00000000d07fffa0| PB 0x00000000d0700000| Untracked 
|   8|0x00000000d0800000, 0x00000000d08ffff8, 0x00000000d0900000| 99%| O|  |TAMS 0x00000000d08ffff8| PB 0x00000000d0800000| Untracked 
|   9|0x00000000d0900000, 0x00000000d09ffff8, 0x00000000d0a00000| 99%| O|  |TAMS 0x00000000d09ffff8| PB 0x00000000d0900000| Untracked 
|  10|0x00000000d0a00000, 0x00000000d0afffd8, 0x00000000d0b00000| 99%| O|  |TAMS 0x00000000d0afffd8| PB 0x00000000d0a00000| Untracked 
|  11|0x00000000d0b00000, 0x00000000d0c00000, 0x00000000d0c00000|100%| O|  |TAMS 0x00000000d0c00000| PB 0x00000000d0b00000| Untracked 
|  12|0x00000000d0c00000, 0x00000000d0cffff8, 0x00000000d0d00000| 99%| O|  |TAMS 0x00000000d0cffff8| PB 0x00000000d0c00000| Untracked 
|  13|0x00000000d0d00000, 0x00000000d0e00000, 0x00000000d0e00000|100%| O|  |TAMS 0x00000000d0e00000| PB 0x00000000d0d00000| Untracked 
|  14|0x00000000d0e00000, 0x00000000d0effff8, 0x00000000d0f00000| 99%| O|  |TAMS 0x00000000d0effff8| PB 0x00000000d0e00000| Untracked 
|  15|0x00000000d0f00000, 0x00000000d0fffff8, 0x00000000d1000000| 99%| O|  |TAMS 0x00000000d0fffff8| PB 0x00000000d0f00000| Untracked 
|  16|0x00000000d1000000, 0x00000000d10ffff0, 0x00000000d1100000| 99%| O|  |TAMS 0x00000000d10ffff0| PB 0x00000000d1000000| Untracked 
|  17|0x00000000d1100000, 0x00000000d11ffff8, 0x00000000d1200000| 99%| O|  |TAMS 0x00000000d11ffff8| PB 0x00000000d1100000| Untracked 
|  18|0x00000000d1200000, 0x00000000d12fffe0, 0x00000000d1300000| 99%| O|  |TAMS 0x00000000d12fffe0| PB 0x00000000d1200000| Untracked 
|  19|0x00000000d1300000, 0x00000000d13fffe8, 0x00000000d1400000| 99%| O|  |TAMS 0x00000000d13fffe8| PB 0x00000000d1300000| Untracked 
|  20|0x00000000d1400000, 0x00000000d14ffff8, 0x00000000d1500000| 99%| O|  |TAMS 0x00000000d14ffff8| PB 0x00000000d1400000| Untracked 
|  21|0x00000000d1500000, 0x00000000d1600000, 0x00000000d1600000|100%| O|  |TAMS 0x00000000d1600000| PB 0x00000000d1500000| Untracked 
|  22|0x00000000d1600000, 0x00000000d1700000, 0x00000000d1700000|100%| O|  |TAMS 0x00000000d1700000| PB 0x00000000d1600000| Untracked 
|  23|0x00000000d1700000, 0x00000000d17fffc8, 0x00000000d1800000| 99%| O|  |TAMS 0x00000000d17fffc8| PB 0x00000000d1700000| Untracked 
|  24|0x00000000d1800000, 0x00000000d18fffd8, 0x00000000d1900000| 99%| O|  |TAMS 0x00000000d18fffd8| PB 0x00000000d1800000| Untracked 
|  25|0x00000000d1900000, 0x00000000d19ffff0, 0x00000000d1a00000| 99%| O|  |TAMS 0x00000000d19ffff0| PB 0x00000000d1900000| Untracked 
|  26|0x00000000d1a00000, 0x00000000d1affff8, 0x00000000d1b00000| 99%| O|  |TAMS 0x00000000d1affff8| PB 0x00000000d1a00000| Untracked 
|  27|0x00000000d1b00000, 0x00000000d1bfffb8, 0x00000000d1c00000| 99%| O|  |TAMS 0x00000000d1bfffb8| PB 0x00000000d1b00000| Untracked 
|  28|0x00000000d1c00000, 0x00000000d1cffff8, 0x00000000d1d00000| 99%| O|  |TAMS 0x00000000d1cffff8| PB 0x00000000d1c00000| Untracked 
|  29|0x00000000d1d00000, 0x00000000d1e00000, 0x00000000d1e00000|100%| O|  |TAMS 0x00000000d1e00000| PB 0x00000000d1d00000| Untracked 
|  30|0x00000000d1e00000, 0x00000000d1effff0, 0x00000000d1f00000| 99%| O|  |TAMS 0x00000000d1effff0| PB 0x00000000d1e00000| Untracked 
|  31|0x00000000d1f00000, 0x00000000d1fffff0, 0x00000000d2000000| 99%| O|  |TAMS 0x00000000d1fffff0| PB 0x00000000d1f00000| Untracked 
|  32|0x00000000d2000000, 0x00000000d2100000, 0x00000000d2100000|100%| O|  |TAMS 0x00000000d2100000| PB 0x00000000d2000000| Untracked 
|  33|0x00000000d2100000, 0x00000000d2200000, 0x00000000d2200000|100%| O|  |TAMS 0x00000000d2200000| PB 0x00000000d2100000| Untracked 
|  34|0x00000000d2200000, 0x00000000d22ffff8, 0x00000000d2300000| 99%| O|  |TAMS 0x00000000d22ffff8| PB 0x00000000d2200000| Untracked 
|  35|0x00000000d2300000, 0x00000000d23fffd0, 0x00000000d2400000| 99%| O|  |TAMS 0x00000000d23fffd0| PB 0x00000000d2300000| Untracked 
|  36|0x00000000d2400000, 0x00000000d2500000, 0x00000000d2500000|100%| O|  |TAMS 0x00000000d2500000| PB 0x00000000d2400000| Untracked 
|  37|0x00000000d2500000, 0x00000000d25ffff0, 0x00000000d2600000| 99%| O|  |TAMS 0x00000000d25ffff0| PB 0x00000000d2500000| Untracked 
|  38|0x00000000d2600000, 0x00000000d26ffff8, 0x00000000d2700000| 99%| O|  |TAMS 0x00000000d26ffff8| PB 0x00000000d2600000| Untracked 
|  39|0x00000000d2700000, 0x00000000d27fffd0, 0x00000000d2800000| 99%| O|  |TAMS 0x00000000d27fffd0| PB 0x00000000d2700000| Untracked 
|  40|0x00000000d2800000, 0x00000000d28ffff0, 0x00000000d2900000| 99%| O|  |TAMS 0x00000000d28ffff0| PB 0x00000000d2800000| Untracked 
|  41|0x00000000d2900000, 0x00000000d29fffd0, 0x00000000d2a00000| 99%| O|  |TAMS 0x00000000d29fffd0| PB 0x00000000d2900000| Untracked 
|  42|0x00000000d2a00000, 0x00000000d2b00000, 0x00000000d2b00000|100%| O|  |TAMS 0x00000000d2b00000| PB 0x00000000d2a00000| Untracked 
|  43|0x00000000d2b00000, 0x00000000d2bffff8, 0x00000000d2c00000| 99%| O|  |TAMS 0x00000000d2bffff8| PB 0x00000000d2b00000| Untracked 
|  44|0x00000000d2c00000, 0x00000000d2cffff0, 0x00000000d2d00000| 99%| O|  |TAMS 0x00000000d2cffff0| PB 0x00000000d2c00000| Untracked 
|  45|0x00000000d2d00000, 0x00000000d2dffff0, 0x00000000d2e00000| 99%| O|  |TAMS 0x00000000d2dffff0| PB 0x00000000d2d00000| Untracked 
|  46|0x00000000d2e00000, 0x00000000d2efffc0, 0x00000000d2f00000| 99%| O|  |TAMS 0x00000000d2efffc0| PB 0x00000000d2e00000| Untracked 
|  47|0x00000000d2f00000, 0x00000000d2ffffe0, 0x00000000d3000000| 99%| O|  |TAMS 0x00000000d2ffffe0| PB 0x00000000d2f00000| Untracked 
|  48|0x00000000d3000000, 0x00000000d3100000, 0x00000000d3100000|100%| O|  |TAMS 0x00000000d3100000| PB 0x00000000d3000000| Untracked 
|  49|0x00000000d3100000, 0x00000000d3200000, 0x00000000d3200000|100%| O|  |TAMS 0x00000000d3200000| PB 0x00000000d3100000| Untracked 
|  50|0x00000000d3200000, 0x00000000d32fffe8, 0x00000000d3300000| 99%| O|  |TAMS 0x00000000d32fffe8| PB 0x00000000d3200000| Untracked 
|  51|0x00000000d3300000, 0x00000000d33ffff8, 0x00000000d3400000| 99%| O|  |TAMS 0x00000000d33ffff8| PB 0x00000000d3300000| Untracked 
|  52|0x00000000d3400000, 0x00000000d3500000, 0x00000000d3500000|100%| O|  |TAMS 0x00000000d3500000| PB 0x00000000d3400000| Untracked 
|  53|0x00000000d3500000, 0x00000000d35ffff8, 0x00000000d3600000| 99%| O|  |TAMS 0x00000000d35ffff8| PB 0x00000000d3500000| Untracked 
|  54|0x00000000d3600000, 0x00000000d36fffe0, 0x00000000d3700000| 99%| O|  |TAMS 0x00000000d36fffe0| PB 0x00000000d3600000| Untracked 
|  55|0x00000000d3700000, 0x00000000d3800000, 0x00000000d3800000|100%| O|  |TAMS 0x00000000d3800000| PB 0x00000000d3700000| Untracked 
|  56|0x00000000d3800000, 0x00000000d38fffe8, 0x00000000d3900000| 99%| O|  |TAMS 0x00000000d38fffe8| PB 0x00000000d3800000| Untracked 
|  57|0x00000000d3900000, 0x00000000d39ffff8, 0x00000000d3a00000| 99%| O|  |TAMS 0x00000000d39ffff8| PB 0x00000000d3900000| Untracked 
|  58|0x00000000d3a00000, 0x00000000d3afdaf8, 0x00000000d3b00000| 99%| O|  |TAMS 0x00000000d3afdaf8| PB 0x00000000d3a00000| Untracked 
|  59|0x00000000d3b00000, 0x00000000d3bffac8, 0x00000000d3c00000| 99%| O|  |TAMS 0x00000000d3bffac8| PB 0x00000000d3b00000| Untracked 
|  60|0x00000000d3c00000, 0x00000000d3cfffe0, 0x00000000d3d00000| 99%| O|  |TAMS 0x00000000d3cfffe0| PB 0x00000000d3c00000| Untracked 
|  61|0x00000000d3d00000, 0x00000000d3e00000, 0x00000000d3e00000|100%| O|  |TAMS 0x00000000d3e00000| PB 0x00000000d3d00000| Untracked 
|  62|0x00000000d3e00000, 0x00000000d3effff0, 0x00000000d3f00000| 99%| O|  |TAMS 0x00000000d3effff0| PB 0x00000000d3e00000| Untracked 
|  63|0x00000000d3f00000, 0x00000000d3fffff8, 0x00000000d4000000| 99%| O|  |TAMS 0x00000000d3fffff8| PB 0x00000000d3f00000| Untracked 
|  64|0x00000000d4000000, 0x00000000d40ffff8, 0x00000000d4100000| 99%| O|  |TAMS 0x00000000d40ffff8| PB 0x00000000d4000000| Untracked 
|  65|0x00000000d4100000, 0x00000000d4200000, 0x00000000d4200000|100%| O|  |TAMS 0x00000000d4200000| PB 0x00000000d4100000| Untracked 
|  66|0x00000000d4200000, 0x00000000d42ffff0, 0x00000000d4300000| 99%| O|  |TAMS 0x00000000d42ffff0| PB 0x00000000d4200000| Untracked 
|  67|0x00000000d4300000, 0x00000000d43ffff8, 0x00000000d4400000| 99%| O|  |TAMS 0x00000000d43ffff8| PB 0x00000000d4300000| Untracked 
|  68|0x00000000d4400000, 0x00000000d4500000, 0x00000000d4500000|100%| O|  |TAMS 0x00000000d4500000| PB 0x00000000d4400000| Untracked 
|  69|0x00000000d4500000, 0x00000000d45ffff0, 0x00000000d4600000| 99%| O|  |TAMS 0x00000000d45ffff0| PB 0x00000000d4500000| Untracked 
|  70|0x00000000d4600000, 0x00000000d46e7740, 0x00000000d4700000| 90%| O|  |TAMS 0x00000000d46e7740| PB 0x00000000d4600000| Untracked 
|  71|0x00000000d4700000, 0x00000000d47fffe8, 0x00000000d4800000| 99%| O|  |TAMS 0x00000000d47fffe8| PB 0x00000000d4700000| Untracked 
|  72|0x00000000d4800000, 0x00000000d4900000, 0x00000000d4900000|100%| O|  |TAMS 0x00000000d4900000| PB 0x00000000d4800000| Untracked 
|  73|0x00000000d4900000, 0x00000000d4a00000, 0x00000000d4a00000|100%| O|  |TAMS 0x00000000d4a00000| PB 0x00000000d4900000| Untracked 
|  74|0x00000000d4a00000, 0x00000000d4afffe0, 0x00000000d4b00000| 99%| O|  |TAMS 0x00000000d4afffe0| PB 0x00000000d4a00000| Untracked 
|  75|0x00000000d4b00000, 0x00000000d4bffff8, 0x00000000d4c00000| 99%| O|  |TAMS 0x00000000d4bffff8| PB 0x00000000d4b00000| Untracked 
|  76|0x00000000d4c00000, 0x00000000d4cfffe8, 0x00000000d4d00000| 99%| O|  |TAMS 0x00000000d4cfffe8| PB 0x00000000d4c00000| Untracked 
|  77|0x00000000d4d00000, 0x00000000d4e00000, 0x00000000d4e00000|100%| O|  |TAMS 0x00000000d4e00000| PB 0x00000000d4d00000| Untracked 
|  78|0x00000000d4e00000, 0x00000000d4effff0, 0x00000000d4f00000| 99%| O|  |TAMS 0x00000000d4effff0| PB 0x00000000d4e00000| Untracked 
|  79|0x00000000d4f00000, 0x00000000d5000000, 0x00000000d5000000|100%| O|  |TAMS 0x00000000d5000000| PB 0x00000000d4f00000| Untracked 
|  80|0x00000000d5000000, 0x00000000d50af3b8, 0x00000000d5100000| 68%| O|  |TAMS 0x00000000d50af3b8| PB 0x00000000d5000000| Untracked 
|  81|0x00000000d5100000, 0x00000000d5200000, 0x00000000d5200000|100%| O|  |TAMS 0x00000000d5200000| PB 0x00000000d5100000| Untracked 
|  82|0x00000000d5200000, 0x00000000d52fffd0, 0x00000000d5300000| 99%| O|  |TAMS 0x00000000d52fffd0| PB 0x00000000d5200000| Untracked 
|  83|0x00000000d5300000, 0x00000000d5400000, 0x00000000d5400000|100%| O|  |TAMS 0x00000000d5400000| PB 0x00000000d5300000| Untracked 
|  84|0x00000000d5400000, 0x00000000d5500000, 0x00000000d5500000|100%| O|  |TAMS 0x00000000d5500000| PB 0x00000000d5400000| Untracked 
|  85|0x00000000d5500000, 0x00000000d5600000, 0x00000000d5600000|100%| O|  |TAMS 0x00000000d5600000| PB 0x00000000d5500000| Untracked 
|  86|0x00000000d5600000, 0x00000000d56fffc0, 0x00000000d5700000| 99%| O|  |TAMS 0x00000000d56fffc0| PB 0x00000000d5600000| Untracked 
|  87|0x00000000d5700000, 0x00000000d57ffff0, 0x00000000d5800000| 99%| O|  |TAMS 0x00000000d57ffff0| PB 0x00000000d5700000| Untracked 
|  88|0x00000000d5800000, 0x00000000d58ffff8, 0x00000000d5900000| 99%| O|  |TAMS 0x00000000d58ffff8| PB 0x00000000d5800000| Untracked 
|  89|0x00000000d5900000, 0x00000000d59fffc8, 0x00000000d5a00000| 99%| O|  |TAMS 0x00000000d59fffc8| PB 0x00000000d5900000| Untracked 
|  90|0x00000000d5a00000, 0x00000000d5affff0, 0x00000000d5b00000| 99%| O|  |TAMS 0x00000000d5affff0| PB 0x00000000d5a00000| Untracked 
|  91|0x00000000d5b00000, 0x00000000d5bf72d8, 0x00000000d5c00000| 96%| O|  |TAMS 0x00000000d5bf72d8| PB 0x00000000d5b00000| Untracked 
|  92|0x00000000d5c00000, 0x00000000d5c52220, 0x00000000d5d00000| 32%| O|  |TAMS 0x00000000d5c52220| PB 0x00000000d5c00000| Untracked 
|  93|0x00000000d5d00000, 0x00000000d5dd3678, 0x00000000d5e00000| 82%| O|  |TAMS 0x00000000d5dd3678| PB 0x00000000d5d00000| Untracked 
|  94|0x00000000d5e00000, 0x00000000d5e00208, 0x00000000d5f00000|  0%| O|  |TAMS 0x00000000d5e00208| PB 0x00000000d5e00000| Untracked 
|  95|0x00000000d5f00000, 0x00000000d5fffff0, 0x00000000d6000000| 99%| O|  |TAMS 0x00000000d5fffff0| PB 0x00000000d5f00000| Untracked 
|  96|0x00000000d6000000, 0x00000000d60ffff0, 0x00000000d6100000| 99%| O|  |TAMS 0x00000000d60ffff0| PB 0x00000000d6000000| Untracked 
|  97|0x00000000d6100000, 0x00000000d61ffff0, 0x00000000d6200000| 99%| O|  |TAMS 0x00000000d61ffff0| PB 0x00000000d6100000| Untracked 
|  98|0x00000000d6200000, 0x00000000d62ffa90, 0x00000000d6300000| 99%| O|  |TAMS 0x00000000d62ffa90| PB 0x00000000d6200000| Untracked 
|  99|0x00000000d6300000, 0x00000000d63fffc8, 0x00000000d6400000| 99%| O|  |TAMS 0x00000000d63fffc8| PB 0x00000000d6300000| Untracked 
| 100|0x00000000d6400000, 0x00000000d6500000, 0x00000000d6500000|100%| O|  |TAMS 0x00000000d6500000| PB 0x00000000d6400000| Untracked 
| 101|0x00000000d6500000, 0x00000000d6600000, 0x00000000d6600000|100%| O|  |TAMS 0x00000000d6600000| PB 0x00000000d6500000| Untracked 
| 102|0x00000000d6600000, 0x00000000d66fffd8, 0x00000000d6700000| 99%| O|  |TAMS 0x00000000d66fffd8| PB 0x00000000d6600000| Untracked 
| 103|0x00000000d6700000, 0x00000000d67ffff0, 0x00000000d6800000| 99%| O|  |TAMS 0x00000000d67ffff0| PB 0x00000000d6700000| Untracked 
| 104|0x00000000d6800000, 0x00000000d68004a0, 0x00000000d6900000|  0%| O|  |TAMS 0x00000000d68004a0| PB 0x00000000d6800000| Untracked 
| 105|0x00000000d6900000, 0x00000000d69fffe0, 0x00000000d6a00000| 99%| O|  |TAMS 0x00000000d69fffe0| PB 0x00000000d6900000| Untracked 
| 106|0x00000000d6a00000, 0x00000000d6afffe8, 0x00000000d6b00000| 99%| O|  |TAMS 0x00000000d6afffe8| PB 0x00000000d6a00000| Untracked 
| 107|0x00000000d6b00000, 0x00000000d6bfffe8, 0x00000000d6c00000| 99%| O|  |TAMS 0x00000000d6bfffe8| PB 0x00000000d6b00000| Untracked 
| 108|0x00000000d6c00000, 0x00000000d6cfffe8, 0x00000000d6d00000| 99%| O|  |TAMS 0x00000000d6cfffe8| PB 0x00000000d6c00000| Untracked 
| 109|0x00000000d6d00000, 0x00000000d6d00000, 0x00000000d6e00000|  0%| F|  |TAMS 0x00000000d6d00000| PB 0x00000000d6d00000| Untracked 
| 110|0x00000000d6e00000, 0x00000000d6effff8, 0x00000000d6f00000| 99%| O|  |TAMS 0x00000000d6effff8| PB 0x00000000d6e00000| Untracked 
| 111|0x00000000d6f00000, 0x00000000d6f00000, 0x00000000d7000000|  0%| F|  |TAMS 0x00000000d6f00000| PB 0x00000000d6f00000| Untracked 
| 112|0x00000000d7000000, 0x00000000d70ffff8, 0x00000000d7100000| 99%| O|  |TAMS 0x00000000d70ffff8| PB 0x00000000d7000000| Untracked 
| 113|0x00000000d7100000, 0x00000000d7100000, 0x00000000d7200000|  0%| F|  |TAMS 0x00000000d7100000| PB 0x00000000d7100000| Untracked 
| 114|0x00000000d7200000, 0x00000000d7300000, 0x00000000d7300000|100%|HS|  |TAMS 0x00000000d7300000| PB 0x00000000d7200000| Untracked 
| 115|0x00000000d7300000, 0x00000000d73fffe0, 0x00000000d7400000| 99%| O|  |TAMS 0x00000000d73fffe0| PB 0x00000000d7300000| Untracked 
| 116|0x00000000d7400000, 0x00000000d7500000, 0x00000000d7500000|100%|HS|  |TAMS 0x00000000d7500000| PB 0x00000000d7400000| Untracked 
| 117|0x00000000d7500000, 0x00000000d7600000, 0x00000000d7600000|100%|HC|  |TAMS 0x00000000d7600000| PB 0x00000000d7500000| Untracked 
| 118|0x00000000d7600000, 0x00000000d7700000, 0x00000000d7700000|100%|HC|  |TAMS 0x00000000d7700000| PB 0x00000000d7600000| Untracked 
| 119|0x00000000d7700000, 0x00000000d7800000, 0x00000000d7800000|100%|HS|  |TAMS 0x00000000d7800000| PB 0x00000000d7700000| Untracked 
| 120|0x00000000d7800000, 0x00000000d7900000, 0x00000000d7900000|100%|HC|  |TAMS 0x00000000d7900000| PB 0x00000000d7800000| Untracked 
| 121|0x00000000d7900000, 0x00000000d7a00000, 0x00000000d7a00000|100%|HC|  |TAMS 0x00000000d7a00000| PB 0x00000000d7900000| Untracked 
| 122|0x00000000d7a00000, 0x00000000d7affff8, 0x00000000d7b00000| 99%| O|  |TAMS 0x00000000d7affff8| PB 0x00000000d7a00000| Untracked 
| 123|0x00000000d7b00000, 0x00000000d7b00000, 0x00000000d7c00000|  0%| F|  |TAMS 0x00000000d7b00000| PB 0x00000000d7b00000| Untracked 
| 124|0x00000000d7c00000, 0x00000000d7cfffb0, 0x00000000d7d00000| 99%| O|  |TAMS 0x00000000d7cfffb0| PB 0x00000000d7c00000| Untracked 
| 125|0x00000000d7d00000, 0x00000000d7e00000, 0x00000000d7e00000|100%| O|  |TAMS 0x00000000d7e00000| PB 0x00000000d7d00000| Untracked 
| 126|0x00000000d7e00000, 0x00000000d7f00000, 0x00000000d7f00000|100%| O|  |TAMS 0x00000000d7f00000| PB 0x00000000d7e00000| Untracked 
| 127|0x00000000d7f00000, 0x00000000d8000000, 0x00000000d8000000|100%| O|  |TAMS 0x00000000d8000000| PB 0x00000000d7f00000| Untracked 
| 128|0x00000000d8000000, 0x00000000d80ffe98, 0x00000000d8100000| 99%| O|  |TAMS 0x00000000d80ffe98| PB 0x00000000d8000000| Untracked 
| 129|0x00000000d8100000, 0x00000000d8200000, 0x00000000d8200000|100%| O|  |TAMS 0x00000000d8200000| PB 0x00000000d8100000| Untracked 
| 130|0x00000000d8200000, 0x00000000d82fffb8, 0x00000000d8300000| 99%| O|  |TAMS 0x00000000d82fffb8| PB 0x00000000d8200000| Untracked 
| 131|0x00000000d8300000, 0x00000000d83ffff8, 0x00000000d8400000| 99%| O|  |TAMS 0x00000000d83ffff8| PB 0x00000000d8300000| Untracked 
| 132|0x00000000d8400000, 0x00000000d8500000, 0x00000000d8500000|100%| O|  |TAMS 0x00000000d8500000| PB 0x00000000d8400000| Untracked 
| 133|0x00000000d8500000, 0x00000000d8600000, 0x00000000d8600000|100%| O|  |TAMS 0x00000000d8600000| PB 0x00000000d8500000| Untracked 
| 134|0x00000000d8600000, 0x00000000d86fffb8, 0x00000000d8700000| 99%| O|  |TAMS 0x00000000d86fffb8| PB 0x00000000d8600000| Untracked 
| 135|0x00000000d8700000, 0x00000000d8700000, 0x00000000d8800000|  0%| F|  |TAMS 0x00000000d8700000| PB 0x00000000d8700000| Untracked 
| 136|0x00000000d8800000, 0x00000000d8900000, 0x00000000d8900000|100%| O|  |TAMS 0x00000000d8900000| PB 0x00000000d8800000| Untracked 
| 137|0x00000000d8900000, 0x00000000d8a00000, 0x00000000d8a00000|100%| O|  |TAMS 0x00000000d8a00000| PB 0x00000000d8900000| Untracked 
| 138|0x00000000d8a00000, 0x00000000d8affff0, 0x00000000d8b00000| 99%| O|  |TAMS 0x00000000d8affff0| PB 0x00000000d8a00000| Untracked 
| 139|0x00000000d8b00000, 0x00000000d8bfffe0, 0x00000000d8c00000| 99%| O|  |TAMS 0x00000000d8bfffe0| PB 0x00000000d8b00000| Untracked 
| 140|0x00000000d8c00000, 0x00000000d8c00000, 0x00000000d8d00000|  0%| F|  |TAMS 0x00000000d8c00000| PB 0x00000000d8c00000| Untracked 
| 141|0x00000000d8d00000, 0x00000000d8e00000, 0x00000000d8e00000|100%| O|  |TAMS 0x00000000d8e00000| PB 0x00000000d8d00000| Untracked 
| 142|0x00000000d8e00000, 0x00000000d8f00000, 0x00000000d8f00000|100%| O|  |TAMS 0x00000000d8f00000| PB 0x00000000d8e00000| Untracked 
| 143|0x00000000d8f00000, 0x00000000d8f00000, 0x00000000d9000000|  0%| F|  |TAMS 0x00000000d8f00000| PB 0x00000000d8f00000| Untracked 
| 144|0x00000000d9000000, 0x00000000d9100000, 0x00000000d9100000|100%| O|  |TAMS 0x00000000d9100000| PB 0x00000000d9000000| Untracked 
| 145|0x00000000d9100000, 0x00000000d9100000, 0x00000000d9200000|  0%| F|  |TAMS 0x00000000d9100000| PB 0x00000000d9100000| Untracked 
| 146|0x00000000d9200000, 0x00000000d9300000, 0x00000000d9300000|100%| O|  |TAMS 0x00000000d9300000| PB 0x00000000d9200000| Untracked 
| 147|0x00000000d9300000, 0x00000000d93fffd8, 0x00000000d9400000| 99%| O|  |TAMS 0x00000000d93fffd8| PB 0x00000000d9300000| Untracked 
| 148|0x00000000d9400000, 0x00000000d9500000, 0x00000000d9500000|100%| O|  |TAMS 0x00000000d9500000| PB 0x00000000d9400000| Untracked 
| 149|0x00000000d9500000, 0x00000000d9500000, 0x00000000d9600000|  0%| F|  |TAMS 0x00000000d9500000| PB 0x00000000d9500000| Untracked 
| 150|0x00000000d9600000, 0x00000000d96fffe8, 0x00000000d9700000| 99%| O|  |TAMS 0x00000000d96fffe8| PB 0x00000000d9600000| Untracked 
| 151|0x00000000d9700000, 0x00000000d9800000, 0x00000000d9800000|100%| O|  |TAMS 0x00000000d9800000| PB 0x00000000d9700000| Untracked 
| 152|0x00000000d9800000, 0x00000000d9900000, 0x00000000d9900000|100%| O|  |TAMS 0x00000000d9900000| PB 0x00000000d9800000| Untracked 
| 153|0x00000000d9900000, 0x00000000d9a00000, 0x00000000d9a00000|100%| O|  |TAMS 0x00000000d9a00000| PB 0x00000000d9900000| Untracked 
| 154|0x00000000d9a00000, 0x00000000d9afffb8, 0x00000000d9b00000| 99%| O|  |TAMS 0x00000000d9afffb8| PB 0x00000000d9a00000| Untracked 
| 155|0x00000000d9b00000, 0x00000000d9b00000, 0x00000000d9c00000|  0%| F|  |TAMS 0x00000000d9b00000| PB 0x00000000d9b00000| Untracked 
| 156|0x00000000d9c00000, 0x00000000d9d00000, 0x00000000d9d00000|100%| O|  |TAMS 0x00000000d9d00000| PB 0x00000000d9c00000| Untracked 
| 157|0x00000000d9d00000, 0x00000000d9dfffe8, 0x00000000d9e00000| 99%| O|  |TAMS 0x00000000d9dfffe8| PB 0x00000000d9d00000| Untracked 
| 158|0x00000000d9e00000, 0x00000000d9f00000, 0x00000000d9f00000|100%| O|  |TAMS 0x00000000d9f00000| PB 0x00000000d9e00000| Untracked 
| 159|0x00000000d9f00000, 0x00000000da000000, 0x00000000da000000|100%| O|  |TAMS 0x00000000da000000| PB 0x00000000d9f00000| Untracked 
| 160|0x00000000da000000, 0x00000000da100000, 0x00000000da100000|100%| O|  |TAMS 0x00000000da100000| PB 0x00000000da000000| Untracked 
| 161|0x00000000da100000, 0x00000000da200000, 0x00000000da200000|100%| O|  |TAMS 0x00000000da200000| PB 0x00000000da100000| Untracked 
| 162|0x00000000da200000, 0x00000000da300000, 0x00000000da300000|100%| O|  |TAMS 0x00000000da300000| PB 0x00000000da200000| Untracked 
| 163|0x00000000da300000, 0x00000000da400000, 0x00000000da400000|100%| O|  |TAMS 0x00000000da400000| PB 0x00000000da300000| Untracked 
| 164|0x00000000da400000, 0x00000000da500000, 0x00000000da500000|100%| O|  |TAMS 0x00000000da500000| PB 0x00000000da400000| Untracked 
| 165|0x00000000da500000, 0x00000000da600000, 0x00000000da600000|100%| O|  |TAMS 0x00000000da600000| PB 0x00000000da500000| Untracked 
| 166|0x00000000da600000, 0x00000000da700000, 0x00000000da700000|100%| O|  |TAMS 0x00000000da700000| PB 0x00000000da600000| Untracked 
| 167|0x00000000da700000, 0x00000000da800000, 0x00000000da800000|100%| O|  |TAMS 0x00000000da800000| PB 0x00000000da700000| Untracked 
| 168|0x00000000da800000, 0x00000000da8fffe0, 0x00000000da900000| 99%| O|  |TAMS 0x00000000da8fffe0| PB 0x00000000da800000| Untracked 
| 169|0x00000000da900000, 0x00000000daa00000, 0x00000000daa00000|100%| O|  |TAMS 0x00000000daa00000| PB 0x00000000da900000| Untracked 
| 170|0x00000000daa00000, 0x00000000dab00000, 0x00000000dab00000|100%| O|  |TAMS 0x00000000dab00000| PB 0x00000000daa00000| Untracked 
| 171|0x00000000dab00000, 0x00000000dac00000, 0x00000000dac00000|100%| O|  |TAMS 0x00000000dac00000| PB 0x00000000dab00000| Untracked 
| 172|0x00000000dac00000, 0x00000000dacfffd0, 0x00000000dad00000| 99%| O|  |TAMS 0x00000000dacfffd0| PB 0x00000000dac00000| Untracked 
| 173|0x00000000dad00000, 0x00000000dad00000, 0x00000000dae00000|  0%| F|  |TAMS 0x00000000dad00000| PB 0x00000000dad00000| Untracked 
| 174|0x00000000dae00000, 0x00000000dae00000, 0x00000000daf00000|  0%| F|  |TAMS 0x00000000dae00000| PB 0x00000000dae00000| Untracked 
| 175|0x00000000daf00000, 0x00000000db000000, 0x00000000db000000|100%| O|  |TAMS 0x00000000db000000| PB 0x00000000daf00000| Untracked 
| 176|0x00000000db000000, 0x00000000db0ffff8, 0x00000000db100000| 99%| O|  |TAMS 0x00000000db0ffff8| PB 0x00000000db000000| Untracked 
| 177|0x00000000db100000, 0x00000000db100000, 0x00000000db200000|  0%| F|  |TAMS 0x00000000db100000| PB 0x00000000db100000| Untracked 
| 178|0x00000000db200000, 0x00000000db300000, 0x00000000db300000|100%|HS|  |TAMS 0x00000000db300000| PB 0x00000000db200000| Untracked 
| 179|0x00000000db300000, 0x00000000db300000, 0x00000000db400000|  0%| F|  |TAMS 0x00000000db300000| PB 0x00000000db300000| Untracked 
| 180|0x00000000db400000, 0x00000000db500000, 0x00000000db500000|100%| O|  |TAMS 0x00000000db500000| PB 0x00000000db400000| Untracked 
| 181|0x00000000db500000, 0x00000000db600000, 0x00000000db600000|100%| O|  |TAMS 0x00000000db600000| PB 0x00000000db500000| Untracked 
| 182|0x00000000db600000, 0x00000000db700000, 0x00000000db700000|100%| O|  |TAMS 0x00000000db700000| PB 0x00000000db600000| Untracked 
| 183|0x00000000db700000, 0x00000000db800000, 0x00000000db800000|100%| O|  |TAMS 0x00000000db800000| PB 0x00000000db700000| Untracked 
| 184|0x00000000db800000, 0x00000000db8f4620, 0x00000000db900000| 95%| O|  |TAMS 0x00000000db8f4620| PB 0x00000000db800000| Untracked 
| 185|0x00000000db900000, 0x00000000dba00000, 0x00000000dba00000|100%| O|  |TAMS 0x00000000dba00000| PB 0x00000000db900000| Untracked 
| 186|0x00000000dba00000, 0x00000000dbb00000, 0x00000000dbb00000|100%| O|  |TAMS 0x00000000dbb00000| PB 0x00000000dba00000| Untracked 
| 187|0x00000000dbb00000, 0x00000000dbc00000, 0x00000000dbc00000|100%| O|  |TAMS 0x00000000dbc00000| PB 0x00000000dbb00000| Untracked 
| 188|0x00000000dbc00000, 0x00000000dbd00000, 0x00000000dbd00000|100%| O|  |TAMS 0x00000000dbd00000| PB 0x00000000dbc00000| Untracked 
| 189|0x00000000dbd00000, 0x00000000dbd00000, 0x00000000dbe00000|  0%| F|  |TAMS 0x00000000dbd00000| PB 0x00000000dbd00000| Untracked 
| 190|0x00000000dbe00000, 0x00000000dbeffff8, 0x00000000dbf00000| 99%| O|  |TAMS 0x00000000dbeffff8| PB 0x00000000dbe00000| Untracked 
| 191|0x00000000dbf00000, 0x00000000dbf00000, 0x00000000dc000000|  0%| F|  |TAMS 0x00000000dbf00000| PB 0x00000000dbf00000| Untracked 
| 192|0x00000000dc000000, 0x00000000dc100000, 0x00000000dc100000|100%| O|  |TAMS 0x00000000dc100000| PB 0x00000000dc000000| Untracked 
| 193|0x00000000dc100000, 0x00000000dc100000, 0x00000000dc200000|  0%| F|  |TAMS 0x00000000dc100000| PB 0x00000000dc100000| Untracked 
| 194|0x00000000dc200000, 0x00000000dc200000, 0x00000000dc300000|  0%| F|  |TAMS 0x00000000dc200000| PB 0x00000000dc200000| Untracked 
| 195|0x00000000dc300000, 0x00000000dc400000, 0x00000000dc400000|100%| O|  |TAMS 0x00000000dc400000| PB 0x00000000dc300000| Untracked 
| 196|0x00000000dc400000, 0x00000000dc400000, 0x00000000dc500000|  0%| F|  |TAMS 0x00000000dc400000| PB 0x00000000dc400000| Untracked 
| 197|0x00000000dc500000, 0x00000000dc5ffff8, 0x00000000dc600000| 99%| O|  |TAMS 0x00000000dc5ffff8| PB 0x00000000dc500000| Untracked 
| 198|0x00000000dc600000, 0x00000000dc600000, 0x00000000dc700000|  0%| F|  |TAMS 0x00000000dc600000| PB 0x00000000dc600000| Untracked 
| 199|0x00000000dc700000, 0x00000000dc700000, 0x00000000dc800000|  0%| F|  |TAMS 0x00000000dc700000| PB 0x00000000dc700000| Untracked 
| 200|0x00000000dc800000, 0x00000000dc800000, 0x00000000dc900000|  0%| F|  |TAMS 0x00000000dc800000| PB 0x00000000dc800000| Untracked 
| 201|0x00000000dc900000, 0x00000000dca00000, 0x00000000dca00000|100%|HS|  |TAMS 0x00000000dca00000| PB 0x00000000dc900000| Untracked 
| 202|0x00000000dca00000, 0x00000000dca00000, 0x00000000dcb00000|  0%| F|  |TAMS 0x00000000dca00000| PB 0x00000000dca00000| Untracked 
| 203|0x00000000dcb00000, 0x00000000dcb00000, 0x00000000dcc00000|  0%| F|  |TAMS 0x00000000dcb00000| PB 0x00000000dcb00000| Untracked 
| 204|0x00000000dcc00000, 0x00000000dcc00000, 0x00000000dcd00000|  0%| F|  |TAMS 0x00000000dcc00000| PB 0x00000000dcc00000| Untracked 
| 205|0x00000000dcd00000, 0x00000000dce00000, 0x00000000dce00000|100%|HS|  |TAMS 0x00000000dce00000| PB 0x00000000dcd00000| Untracked 
| 206|0x00000000dce00000, 0x00000000dce00000, 0x00000000dcf00000|  0%| F|  |TAMS 0x00000000dce00000| PB 0x00000000dce00000| Untracked 
| 207|0x00000000dcf00000, 0x00000000dd000000, 0x00000000dd000000|100%|HS|  |TAMS 0x00000000dd000000| PB 0x00000000dcf00000| Untracked 
| 208|0x00000000dd000000, 0x00000000dd100000, 0x00000000dd100000|100%| O|  |TAMS 0x00000000dd100000| PB 0x00000000dd000000| Untracked 
| 209|0x00000000dd100000, 0x00000000dd100000, 0x00000000dd200000|  0%| F|  |TAMS 0x00000000dd100000| PB 0x00000000dd100000| Untracked 
| 210|0x00000000dd200000, 0x00000000dd300000, 0x00000000dd300000|100%| O|  |TAMS 0x00000000dd300000| PB 0x00000000dd200000| Untracked 
| 211|0x00000000dd300000, 0x00000000dd400000, 0x00000000dd400000|100%|HS|  |TAMS 0x00000000dd400000| PB 0x00000000dd300000| Untracked 
| 212|0x00000000dd400000, 0x00000000dd500000, 0x00000000dd500000|100%|HS|  |TAMS 0x00000000dd500000| PB 0x00000000dd400000| Untracked 
| 213|0x00000000dd500000, 0x00000000dd600000, 0x00000000dd600000|100%|HS|  |TAMS 0x00000000dd600000| PB 0x00000000dd500000| Untracked 
| 214|0x00000000dd600000, 0x00000000dd700000, 0x00000000dd700000|100%|HC|  |TAMS 0x00000000dd700000| PB 0x00000000dd600000| Untracked 
| 215|0x00000000dd700000, 0x00000000dd800000, 0x00000000dd800000|100%|HC|  |TAMS 0x00000000dd800000| PB 0x00000000dd700000| Untracked 
| 216|0x00000000dd800000, 0x00000000dd900000, 0x00000000dd900000|100%| O|  |TAMS 0x00000000dd900000| PB 0x00000000dd800000| Untracked 
| 217|0x00000000dd900000, 0x00000000dd900000, 0x00000000dda00000|  0%| F|  |TAMS 0x00000000dd900000| PB 0x00000000dd900000| Untracked 
| 218|0x00000000dda00000, 0x00000000ddb00000, 0x00000000ddb00000|100%|HS|  |TAMS 0x00000000ddb00000| PB 0x00000000dda00000| Untracked 
| 219|0x00000000ddb00000, 0x00000000ddc00000, 0x00000000ddc00000|100%| O|  |TAMS 0x00000000ddc00000| PB 0x00000000ddb00000| Untracked 
| 220|0x00000000ddc00000, 0x00000000ddd00000, 0x00000000ddd00000|100%| O|  |TAMS 0x00000000ddd00000| PB 0x00000000ddc00000| Untracked 
| 221|0x00000000ddd00000, 0x00000000ddd00000, 0x00000000dde00000|  0%| F|  |TAMS 0x00000000ddd00000| PB 0x00000000ddd00000| Untracked 
| 222|0x00000000dde00000, 0x00000000ddf00000, 0x00000000ddf00000|100%| O|  |TAMS 0x00000000ddf00000| PB 0x00000000dde00000| Untracked 
| 223|0x00000000ddf00000, 0x00000000ddf00000, 0x00000000de000000|  0%| F|  |TAMS 0x00000000ddf00000| PB 0x00000000ddf00000| Untracked 
| 224|0x00000000de000000, 0x00000000de000000, 0x00000000de100000|  0%| F|  |TAMS 0x00000000de000000| PB 0x00000000de000000| Untracked 
| 225|0x00000000de100000, 0x00000000de100000, 0x00000000de200000|  0%| F|  |TAMS 0x00000000de100000| PB 0x00000000de100000| Untracked 
| 226|0x00000000de200000, 0x00000000de200000, 0x00000000de300000|  0%| F|  |TAMS 0x00000000de200000| PB 0x00000000de200000| Untracked 
| 227|0x00000000de300000, 0x00000000de300000, 0x00000000de400000|  0%| F|  |TAMS 0x00000000de300000| PB 0x00000000de300000| Untracked 
| 228|0x00000000de400000, 0x00000000de400000, 0x00000000de500000|  0%| F|  |TAMS 0x00000000de400000| PB 0x00000000de400000| Untracked 
| 229|0x00000000de500000, 0x00000000de500000, 0x00000000de600000|  0%| F|  |TAMS 0x00000000de500000| PB 0x00000000de500000| Untracked 
| 230|0x00000000de600000, 0x00000000de600000, 0x00000000de700000|  0%| F|  |TAMS 0x00000000de600000| PB 0x00000000de600000| Untracked 
| 231|0x00000000de700000, 0x00000000de700000, 0x00000000de800000|  0%| F|  |TAMS 0x00000000de700000| PB 0x00000000de700000| Untracked 
| 232|0x00000000de800000, 0x00000000de800000, 0x00000000de900000|  0%| F|  |TAMS 0x00000000de800000| PB 0x00000000de800000| Untracked 
| 233|0x00000000de900000, 0x00000000de900000, 0x00000000dea00000|  0%| F|  |TAMS 0x00000000de900000| PB 0x00000000de900000| Untracked 
| 234|0x00000000dea00000, 0x00000000dea00000, 0x00000000deb00000|  0%| F|  |TAMS 0x00000000dea00000| PB 0x00000000dea00000| Untracked 
| 235|0x00000000deb00000, 0x00000000deb00000, 0x00000000dec00000|  0%| F|  |TAMS 0x00000000deb00000| PB 0x00000000deb00000| Untracked 
| 236|0x00000000dec00000, 0x00000000dec00000, 0x00000000ded00000|  0%| F|  |TAMS 0x00000000dec00000| PB 0x00000000dec00000| Untracked 
| 237|0x00000000ded00000, 0x00000000ded00000, 0x00000000dee00000|  0%| F|  |TAMS 0x00000000ded00000| PB 0x00000000ded00000| Untracked 
| 238|0x00000000dee00000, 0x00000000dee00000, 0x00000000def00000|  0%| F|  |TAMS 0x00000000dee00000| PB 0x00000000dee00000| Untracked 
| 239|0x00000000def00000, 0x00000000def00000, 0x00000000df000000|  0%| F|  |TAMS 0x00000000def00000| PB 0x00000000def00000| Untracked 
| 240|0x00000000df000000, 0x00000000df000000, 0x00000000df100000|  0%| F|  |TAMS 0x00000000df000000| PB 0x00000000df000000| Untracked 
| 241|0x00000000df100000, 0x00000000df100000, 0x00000000df200000|  0%| F|  |TAMS 0x00000000df100000| PB 0x00000000df100000| Untracked 
| 242|0x00000000df200000, 0x00000000df200000, 0x00000000df300000|  0%| F|  |TAMS 0x00000000df200000| PB 0x00000000df200000| Untracked 
| 243|0x00000000df300000, 0x00000000df300000, 0x00000000df400000|  0%| F|  |TAMS 0x00000000df300000| PB 0x00000000df300000| Untracked 
| 244|0x00000000df400000, 0x00000000df400000, 0x00000000df500000|  0%| F|  |TAMS 0x00000000df400000| PB 0x00000000df400000| Untracked 
| 245|0x00000000df500000, 0x00000000df500000, 0x00000000df600000|  0%| F|  |TAMS 0x00000000df500000| PB 0x00000000df500000| Untracked 
| 246|0x00000000df600000, 0x00000000df600000, 0x00000000df700000|  0%| F|  |TAMS 0x00000000df600000| PB 0x00000000df600000| Untracked 
| 247|0x00000000df700000, 0x00000000df700000, 0x00000000df800000|  0%| F|  |TAMS 0x00000000df700000| PB 0x00000000df700000| Untracked 
| 248|0x00000000df800000, 0x00000000df800000, 0x00000000df900000|  0%| F|  |TAMS 0x00000000df800000| PB 0x00000000df800000| Untracked 
| 249|0x00000000df900000, 0x00000000df900000, 0x00000000dfa00000|  0%| F|  |TAMS 0x00000000df900000| PB 0x00000000df900000| Untracked 
| 250|0x00000000dfa00000, 0x00000000dfa00000, 0x00000000dfb00000|  0%| F|  |TAMS 0x00000000dfa00000| PB 0x00000000dfa00000| Untracked 
| 251|0x00000000dfb00000, 0x00000000dfb00000, 0x00000000dfc00000|  0%| F|  |TAMS 0x00000000dfb00000| PB 0x00000000dfb00000| Untracked 
| 252|0x00000000dfc00000, 0x00000000dfc00000, 0x00000000dfd00000|  0%| F|  |TAMS 0x00000000dfc00000| PB 0x00000000dfc00000| Untracked 
| 253|0x00000000dfd00000, 0x00000000dfd00000, 0x00000000dfe00000|  0%| F|  |TAMS 0x00000000dfd00000| PB 0x00000000dfd00000| Untracked 
| 254|0x00000000dfe00000, 0x00000000dfe00000, 0x00000000dff00000|  0%| F|  |TAMS 0x00000000dfe00000| PB 0x00000000dfe00000| Untracked 
| 255|0x00000000dff00000, 0x00000000dff00000, 0x00000000e0000000|  0%| F|  |TAMS 0x00000000dff00000| PB 0x00000000dff00000| Untracked 
| 256|0x00000000e0000000, 0x00000000e0000000, 0x00000000e0100000|  0%| F|  |TAMS 0x00000000e0000000| PB 0x00000000e0000000| Untracked 
| 257|0x00000000e0100000, 0x00000000e0100000, 0x00000000e0200000|  0%| F|  |TAMS 0x00000000e0100000| PB 0x00000000e0100000| Untracked 
| 258|0x00000000e0200000, 0x00000000e0200000, 0x00000000e0300000|  0%| F|  |TAMS 0x00000000e0200000| PB 0x00000000e0200000| Untracked 
| 259|0x00000000e0300000, 0x00000000e0300000, 0x00000000e0400000|  0%| F|  |TAMS 0x00000000e0300000| PB 0x00000000e0300000| Untracked 
| 260|0x00000000e0400000, 0x00000000e0400000, 0x00000000e0500000|  0%| F|  |TAMS 0x00000000e0400000| PB 0x00000000e0400000| Untracked 
| 261|0x00000000e0500000, 0x00000000e0500000, 0x00000000e0600000|  0%| F|  |TAMS 0x00000000e0500000| PB 0x00000000e0500000| Untracked 
| 262|0x00000000e0600000, 0x00000000e0600000, 0x00000000e0700000|  0%| F|  |TAMS 0x00000000e0600000| PB 0x00000000e0600000| Untracked 
| 263|0x00000000e0700000, 0x00000000e0700000, 0x00000000e0800000|  0%| F|  |TAMS 0x00000000e0700000| PB 0x00000000e0700000| Untracked 
| 264|0x00000000e0800000, 0x00000000e0800000, 0x00000000e0900000|  0%| F|  |TAMS 0x00000000e0800000| PB 0x00000000e0800000| Untracked 
| 265|0x00000000e0900000, 0x00000000e0900000, 0x00000000e0a00000|  0%| F|  |TAMS 0x00000000e0900000| PB 0x00000000e0900000| Untracked 
| 266|0x00000000e0a00000, 0x00000000e0a00000, 0x00000000e0b00000|  0%| F|  |TAMS 0x00000000e0a00000| PB 0x00000000e0a00000| Untracked 
| 267|0x00000000e0b00000, 0x00000000e0b00000, 0x00000000e0c00000|  0%| F|  |TAMS 0x00000000e0b00000| PB 0x00000000e0b00000| Untracked 
| 268|0x00000000e0c00000, 0x00000000e0c00000, 0x00000000e0d00000|  0%| F|  |TAMS 0x00000000e0c00000| PB 0x00000000e0c00000| Untracked 
| 269|0x00000000e0d00000, 0x00000000e0d00000, 0x00000000e0e00000|  0%| F|  |TAMS 0x00000000e0d00000| PB 0x00000000e0d00000| Untracked 
| 270|0x00000000e0e00000, 0x00000000e0e00000, 0x00000000e0f00000|  0%| F|  |TAMS 0x00000000e0e00000| PB 0x00000000e0e00000| Untracked 
| 271|0x00000000e0f00000, 0x00000000e0f00000, 0x00000000e1000000|  0%| F|  |TAMS 0x00000000e0f00000| PB 0x00000000e0f00000| Untracked 
| 272|0x00000000e1000000, 0x00000000e1000000, 0x00000000e1100000|  0%| F|  |TAMS 0x00000000e1000000| PB 0x00000000e1000000| Untracked 
| 273|0x00000000e1100000, 0x00000000e1100000, 0x00000000e1200000|  0%| F|  |TAMS 0x00000000e1100000| PB 0x00000000e1100000| Untracked 
| 274|0x00000000e1200000, 0x00000000e1200000, 0x00000000e1300000|  0%| F|  |TAMS 0x00000000e1200000| PB 0x00000000e1200000| Untracked 
| 275|0x00000000e1300000, 0x00000000e1300000, 0x00000000e1400000|  0%| F|  |TAMS 0x00000000e1300000| PB 0x00000000e1300000| Untracked 
| 276|0x00000000e1400000, 0x00000000e1400000, 0x00000000e1500000|  0%| F|  |TAMS 0x00000000e1400000| PB 0x00000000e1400000| Untracked 
| 277|0x00000000e1500000, 0x00000000e1500000, 0x00000000e1600000|  0%| F|  |TAMS 0x00000000e1500000| PB 0x00000000e1500000| Untracked 
| 278|0x00000000e1600000, 0x00000000e1600000, 0x00000000e1700000|  0%| F|  |TAMS 0x00000000e1600000| PB 0x00000000e1600000| Untracked 
| 279|0x00000000e1700000, 0x00000000e1700000, 0x00000000e1800000|  0%| F|  |TAMS 0x00000000e1700000| PB 0x00000000e1700000| Untracked 
| 280|0x00000000e1800000, 0x00000000e1800000, 0x00000000e1900000|  0%| F|  |TAMS 0x00000000e1800000| PB 0x00000000e1800000| Untracked 
| 281|0x00000000e1900000, 0x00000000e1900000, 0x00000000e1a00000|  0%| F|  |TAMS 0x00000000e1900000| PB 0x00000000e1900000| Untracked 
| 282|0x00000000e1a00000, 0x00000000e1a00000, 0x00000000e1b00000|  0%| F|  |TAMS 0x00000000e1a00000| PB 0x00000000e1a00000| Untracked 
| 283|0x00000000e1b00000, 0x00000000e1b00000, 0x00000000e1c00000|  0%| F|  |TAMS 0x00000000e1b00000| PB 0x00000000e1b00000| Untracked 
| 284|0x00000000e1c00000, 0x00000000e1c00000, 0x00000000e1d00000|  0%| F|  |TAMS 0x00000000e1c00000| PB 0x00000000e1c00000| Untracked 
| 285|0x00000000e1d00000, 0x00000000e1d00000, 0x00000000e1e00000|  0%| F|  |TAMS 0x00000000e1d00000| PB 0x00000000e1d00000| Untracked 
| 286|0x00000000e1e00000, 0x00000000e1e00000, 0x00000000e1f00000|  0%| F|  |TAMS 0x00000000e1e00000| PB 0x00000000e1e00000| Untracked 
| 287|0x00000000e1f00000, 0x00000000e1f00000, 0x00000000e2000000|  0%| F|  |TAMS 0x00000000e1f00000| PB 0x00000000e1f00000| Untracked 
| 288|0x00000000e2000000, 0x00000000e2000000, 0x00000000e2100000|  0%| F|  |TAMS 0x00000000e2000000| PB 0x00000000e2000000| Untracked 
| 289|0x00000000e2100000, 0x00000000e2100000, 0x00000000e2200000|  0%| F|  |TAMS 0x00000000e2100000| PB 0x00000000e2100000| Untracked 
| 290|0x00000000e2200000, 0x00000000e2200000, 0x00000000e2300000|  0%| F|  |TAMS 0x00000000e2200000| PB 0x00000000e2200000| Untracked 
| 291|0x00000000e2300000, 0x00000000e2300000, 0x00000000e2400000|  0%| F|  |TAMS 0x00000000e2300000| PB 0x00000000e2300000| Untracked 
| 292|0x00000000e2400000, 0x00000000e2400000, 0x00000000e2500000|  0%| F|  |TAMS 0x00000000e2400000| PB 0x00000000e2400000| Untracked 
| 293|0x00000000e2500000, 0x00000000e2500000, 0x00000000e2600000|  0%| F|  |TAMS 0x00000000e2500000| PB 0x00000000e2500000| Untracked 
| 294|0x00000000e2600000, 0x00000000e2600000, 0x00000000e2700000|  0%| F|  |TAMS 0x00000000e2600000| PB 0x00000000e2600000| Untracked 
| 295|0x00000000e2700000, 0x00000000e2700000, 0x00000000e2800000|  0%| F|  |TAMS 0x00000000e2700000| PB 0x00000000e2700000| Untracked 
| 296|0x00000000e2800000, 0x00000000e2800000, 0x00000000e2900000|  0%| F|  |TAMS 0x00000000e2800000| PB 0x00000000e2800000| Untracked 
| 297|0x00000000e2900000, 0x00000000e2900000, 0x00000000e2a00000|  0%| F|  |TAMS 0x00000000e2900000| PB 0x00000000e2900000| Untracked 
| 298|0x00000000e2a00000, 0x00000000e2a00000, 0x00000000e2b00000|  0%| F|  |TAMS 0x00000000e2a00000| PB 0x00000000e2a00000| Untracked 
| 299|0x00000000e2b00000, 0x00000000e2b00000, 0x00000000e2c00000|  0%| F|  |TAMS 0x00000000e2b00000| PB 0x00000000e2b00000| Untracked 
| 300|0x00000000e2c00000, 0x00000000e2c00000, 0x00000000e2d00000|  0%| F|  |TAMS 0x00000000e2c00000| PB 0x00000000e2c00000| Untracked 
| 301|0x00000000e2d00000, 0x00000000e2d00000, 0x00000000e2e00000|  0%| F|  |TAMS 0x00000000e2d00000| PB 0x00000000e2d00000| Untracked 
| 302|0x00000000e2e00000, 0x00000000e2e00000, 0x00000000e2f00000|  0%| F|  |TAMS 0x00000000e2e00000| PB 0x00000000e2e00000| Untracked 
| 303|0x00000000e2f00000, 0x00000000e2f00000, 0x00000000e3000000|  0%| F|  |TAMS 0x00000000e2f00000| PB 0x00000000e2f00000| Untracked 
| 304|0x00000000e3000000, 0x00000000e3000000, 0x00000000e3100000|  0%| F|  |TAMS 0x00000000e3000000| PB 0x00000000e3000000| Untracked 
| 305|0x00000000e3100000, 0x00000000e3100000, 0x00000000e3200000|  0%| F|  |TAMS 0x00000000e3100000| PB 0x00000000e3100000| Untracked 
| 306|0x00000000e3200000, 0x00000000e3200000, 0x00000000e3300000|  0%| F|  |TAMS 0x00000000e3200000| PB 0x00000000e3200000| Untracked 
| 307|0x00000000e3300000, 0x00000000e3300000, 0x00000000e3400000|  0%| F|  |TAMS 0x00000000e3300000| PB 0x00000000e3300000| Untracked 
| 308|0x00000000e3400000, 0x00000000e3400000, 0x00000000e3500000|  0%| F|  |TAMS 0x00000000e3400000| PB 0x00000000e3400000| Untracked 
| 309|0x00000000e3500000, 0x00000000e3500000, 0x00000000e3600000|  0%| F|  |TAMS 0x00000000e3500000| PB 0x00000000e3500000| Untracked 
| 310|0x00000000e3600000, 0x00000000e3600000, 0x00000000e3700000|  0%| F|  |TAMS 0x00000000e3600000| PB 0x00000000e3600000| Untracked 
| 311|0x00000000e3700000, 0x00000000e3700000, 0x00000000e3800000|  0%| F|  |TAMS 0x00000000e3700000| PB 0x00000000e3700000| Untracked 
| 312|0x00000000e3800000, 0x00000000e3800000, 0x00000000e3900000|  0%| F|  |TAMS 0x00000000e3800000| PB 0x00000000e3800000| Untracked 
| 313|0x00000000e3900000, 0x00000000e3900000, 0x00000000e3a00000|  0%| F|  |TAMS 0x00000000e3900000| PB 0x00000000e3900000| Untracked 
| 314|0x00000000e3a00000, 0x00000000e3a00000, 0x00000000e3b00000|  0%| F|  |TAMS 0x00000000e3a00000| PB 0x00000000e3a00000| Untracked 
| 315|0x00000000e3b00000, 0x00000000e3b00000, 0x00000000e3c00000|  0%| F|  |TAMS 0x00000000e3b00000| PB 0x00000000e3b00000| Untracked 
| 316|0x00000000e3c00000, 0x00000000e3c00000, 0x00000000e3d00000|  0%| F|  |TAMS 0x00000000e3c00000| PB 0x00000000e3c00000| Untracked 
| 317|0x00000000e3d00000, 0x00000000e3d00000, 0x00000000e3e00000|  0%| F|  |TAMS 0x00000000e3d00000| PB 0x00000000e3d00000| Untracked 
| 318|0x00000000e3e00000, 0x00000000e3e00000, 0x00000000e3f00000|  0%| F|  |TAMS 0x00000000e3e00000| PB 0x00000000e3e00000| Untracked 
| 319|0x00000000e3f00000, 0x00000000e3f00000, 0x00000000e4000000|  0%| F|  |TAMS 0x00000000e3f00000| PB 0x00000000e3f00000| Untracked 
| 320|0x00000000e4000000, 0x00000000e4000000, 0x00000000e4100000|  0%| F|  |TAMS 0x00000000e4000000| PB 0x00000000e4000000| Untracked 
| 321|0x00000000e4100000, 0x00000000e4100000, 0x00000000e4200000|  0%| F|  |TAMS 0x00000000e4100000| PB 0x00000000e4100000| Untracked 
| 322|0x00000000e4200000, 0x00000000e4200000, 0x00000000e4300000|  0%| F|  |TAMS 0x00000000e4200000| PB 0x00000000e4200000| Untracked 
| 323|0x00000000e4300000, 0x00000000e4300000, 0x00000000e4400000|  0%| F|  |TAMS 0x00000000e4300000| PB 0x00000000e4300000| Untracked 
| 324|0x00000000e4400000, 0x00000000e4400000, 0x00000000e4500000|  0%| F|  |TAMS 0x00000000e4400000| PB 0x00000000e4400000| Untracked 
| 325|0x00000000e4500000, 0x00000000e4500000, 0x00000000e4600000|  0%| F|  |TAMS 0x00000000e4500000| PB 0x00000000e4500000| Untracked 
| 326|0x00000000e4600000, 0x00000000e4600000, 0x00000000e4700000|  0%| F|  |TAMS 0x00000000e4600000| PB 0x00000000e4600000| Untracked 
| 327|0x00000000e4700000, 0x00000000e4800000, 0x00000000e4800000|100%| O|  |TAMS 0x00000000e4800000| PB 0x00000000e4700000| Untracked 
| 328|0x00000000e4800000, 0x00000000e4800000, 0x00000000e4900000|  0%| F|  |TAMS 0x00000000e4800000| PB 0x00000000e4800000| Untracked 
| 329|0x00000000e4900000, 0x00000000e4900000, 0x00000000e4a00000|  0%| F|  |TAMS 0x00000000e4900000| PB 0x00000000e4900000| Untracked 
| 330|0x00000000e4a00000, 0x00000000e4a00000, 0x00000000e4b00000|  0%| F|  |TAMS 0x00000000e4a00000| PB 0x00000000e4a00000| Untracked 
| 331|0x00000000e4b00000, 0x00000000e4b00000, 0x00000000e4c00000|  0%| F|  |TAMS 0x00000000e4b00000| PB 0x00000000e4b00000| Untracked 
| 332|0x00000000e4c00000, 0x00000000e4c00000, 0x00000000e4d00000|  0%| F|  |TAMS 0x00000000e4c00000| PB 0x00000000e4c00000| Untracked 
| 333|0x00000000e4d00000, 0x00000000e4d00000, 0x00000000e4e00000|  0%| F|  |TAMS 0x00000000e4d00000| PB 0x00000000e4d00000| Untracked 
| 334|0x00000000e4e00000, 0x00000000e4e00000, 0x00000000e4f00000|  0%| F|  |TAMS 0x00000000e4e00000| PB 0x00000000e4e00000| Untracked 
| 335|0x00000000e4f00000, 0x00000000e4f00000, 0x00000000e5000000|  0%| F|  |TAMS 0x00000000e4f00000| PB 0x00000000e4f00000| Untracked 
| 336|0x00000000e5000000, 0x00000000e5000000, 0x00000000e5100000|  0%| F|  |TAMS 0x00000000e5000000| PB 0x00000000e5000000| Untracked 
| 337|0x00000000e5100000, 0x00000000e5100000, 0x00000000e5200000|  0%| F|  |TAMS 0x00000000e5100000| PB 0x00000000e5100000| Untracked 
| 338|0x00000000e5200000, 0x00000000e5200000, 0x00000000e5300000|  0%| F|  |TAMS 0x00000000e5200000| PB 0x00000000e5200000| Untracked 
| 339|0x00000000e5300000, 0x00000000e5300000, 0x00000000e5400000|  0%| F|  |TAMS 0x00000000e5300000| PB 0x00000000e5300000| Untracked 
| 340|0x00000000e5400000, 0x00000000e5400000, 0x00000000e5500000|  0%| F|  |TAMS 0x00000000e5400000| PB 0x00000000e5400000| Untracked 
| 341|0x00000000e5500000, 0x00000000e5500000, 0x00000000e5600000|  0%| F|  |TAMS 0x00000000e5500000| PB 0x00000000e5500000| Untracked 
| 342|0x00000000e5600000, 0x00000000e5600000, 0x00000000e5700000|  0%| F|  |TAMS 0x00000000e5600000| PB 0x00000000e5600000| Untracked 
| 343|0x00000000e5700000, 0x00000000e5700000, 0x00000000e5800000|  0%| F|  |TAMS 0x00000000e5700000| PB 0x00000000e5700000| Untracked 
| 344|0x00000000e5800000, 0x00000000e5800000, 0x00000000e5900000|  0%| F|  |TAMS 0x00000000e5800000| PB 0x00000000e5800000| Untracked 
| 345|0x00000000e5900000, 0x00000000e5900000, 0x00000000e5a00000|  0%| F|  |TAMS 0x00000000e5900000| PB 0x00000000e5900000| Untracked 
| 346|0x00000000e5a00000, 0x00000000e5a00000, 0x00000000e5b00000|  0%| F|  |TAMS 0x00000000e5a00000| PB 0x00000000e5a00000| Untracked 
| 347|0x00000000e5b00000, 0x00000000e5b00000, 0x00000000e5c00000|  0%| F|  |TAMS 0x00000000e5b00000| PB 0x00000000e5b00000| Untracked 
| 348|0x00000000e5c00000, 0x00000000e5c00000, 0x00000000e5d00000|  0%| F|  |TAMS 0x00000000e5c00000| PB 0x00000000e5c00000| Untracked 
| 349|0x00000000e5d00000, 0x00000000e5d00000, 0x00000000e5e00000|  0%| F|  |TAMS 0x00000000e5d00000| PB 0x00000000e5d00000| Untracked 
| 350|0x00000000e5e00000, 0x00000000e5e00000, 0x00000000e5f00000|  0%| F|  |TAMS 0x00000000e5e00000| PB 0x00000000e5e00000| Untracked 
| 351|0x00000000e5f00000, 0x00000000e5f00000, 0x00000000e6000000|  0%| F|  |TAMS 0x00000000e5f00000| PB 0x00000000e5f00000| Untracked 
| 352|0x00000000e6000000, 0x00000000e6000000, 0x00000000e6100000|  0%| F|  |TAMS 0x00000000e6000000| PB 0x00000000e6000000| Untracked 
| 353|0x00000000e6100000, 0x00000000e6100000, 0x00000000e6200000|  0%| F|  |TAMS 0x00000000e6100000| PB 0x00000000e6100000| Untracked 
| 354|0x00000000e6200000, 0x00000000e6200000, 0x00000000e6300000|  0%| F|  |TAMS 0x00000000e6200000| PB 0x00000000e6200000| Untracked 
| 355|0x00000000e6300000, 0x00000000e6300000, 0x00000000e6400000|  0%| F|  |TAMS 0x00000000e6300000| PB 0x00000000e6300000| Untracked 
| 356|0x00000000e6400000, 0x00000000e6400000, 0x00000000e6500000|  0%| F|  |TAMS 0x00000000e6400000| PB 0x00000000e6400000| Untracked 
| 357|0x00000000e6500000, 0x00000000e6500000, 0x00000000e6600000|  0%| F|  |TAMS 0x00000000e6500000| PB 0x00000000e6500000| Untracked 
| 358|0x00000000e6600000, 0x00000000e6600000, 0x00000000e6700000|  0%| F|  |TAMS 0x00000000e6600000| PB 0x00000000e6600000| Untracked 
| 359|0x00000000e6700000, 0x00000000e6700000, 0x00000000e6800000|  0%| F|  |TAMS 0x00000000e6700000| PB 0x00000000e6700000| Untracked 
| 360|0x00000000e6800000, 0x00000000e6800000, 0x00000000e6900000|  0%| F|  |TAMS 0x00000000e6800000| PB 0x00000000e6800000| Untracked 
| 361|0x00000000e6900000, 0x00000000e6900000, 0x00000000e6a00000|  0%| F|  |TAMS 0x00000000e6900000| PB 0x00000000e6900000| Untracked 
| 362|0x00000000e6a00000, 0x00000000e6a00000, 0x00000000e6b00000|  0%| F|  |TAMS 0x00000000e6a00000| PB 0x00000000e6a00000| Untracked 
| 363|0x00000000e6b00000, 0x00000000e6b00000, 0x00000000e6c00000|  0%| F|  |TAMS 0x00000000e6b00000| PB 0x00000000e6b00000| Untracked 
| 364|0x00000000e6c00000, 0x00000000e6c00000, 0x00000000e6d00000|  0%| F|  |TAMS 0x00000000e6c00000| PB 0x00000000e6c00000| Untracked 
| 365|0x00000000e6d00000, 0x00000000e6d00000, 0x00000000e6e00000|  0%| F|  |TAMS 0x00000000e6d00000| PB 0x00000000e6d00000| Untracked 
| 366|0x00000000e6e00000, 0x00000000e6e00000, 0x00000000e6f00000|  0%| F|  |TAMS 0x00000000e6e00000| PB 0x00000000e6e00000| Untracked 
| 367|0x00000000e6f00000, 0x00000000e6f00000, 0x00000000e7000000|  0%| F|  |TAMS 0x00000000e6f00000| PB 0x00000000e6f00000| Untracked 
| 368|0x00000000e7000000, 0x00000000e7000000, 0x00000000e7100000|  0%| F|  |TAMS 0x00000000e7000000| PB 0x00000000e7000000| Untracked 
| 369|0x00000000e7100000, 0x00000000e7100000, 0x00000000e7200000|  0%| F|  |TAMS 0x00000000e7100000| PB 0x00000000e7100000| Untracked 
| 370|0x00000000e7200000, 0x00000000e7200000, 0x00000000e7300000|  0%| F|  |TAMS 0x00000000e7200000| PB 0x00000000e7200000| Untracked 
| 371|0x00000000e7300000, 0x00000000e7300000, 0x00000000e7400000|  0%| F|  |TAMS 0x00000000e7300000| PB 0x00000000e7300000| Untracked 
| 372|0x00000000e7400000, 0x00000000e7400000, 0x00000000e7500000|  0%| F|  |TAMS 0x00000000e7400000| PB 0x00000000e7400000| Untracked 
| 373|0x00000000e7500000, 0x00000000e7500000, 0x00000000e7600000|  0%| F|  |TAMS 0x00000000e7500000| PB 0x00000000e7500000| Untracked 
| 374|0x00000000e7600000, 0x00000000e7600000, 0x00000000e7700000|  0%| F|  |TAMS 0x00000000e7600000| PB 0x00000000e7600000| Untracked 
| 375|0x00000000e7700000, 0x00000000e7700000, 0x00000000e7800000|  0%| F|  |TAMS 0x00000000e7700000| PB 0x00000000e7700000| Untracked 
| 376|0x00000000e7800000, 0x00000000e7800000, 0x00000000e7900000|  0%| F|  |TAMS 0x00000000e7800000| PB 0x00000000e7800000| Untracked 
| 377|0x00000000e7900000, 0x00000000e7900000, 0x00000000e7a00000|  0%| F|  |TAMS 0x00000000e7900000| PB 0x00000000e7900000| Untracked 
| 378|0x00000000e7a00000, 0x00000000e7a00000, 0x00000000e7b00000|  0%| F|  |TAMS 0x00000000e7a00000| PB 0x00000000e7a00000| Untracked 
| 379|0x00000000e7b00000, 0x00000000e7b00000, 0x00000000e7c00000|  0%| F|  |TAMS 0x00000000e7b00000| PB 0x00000000e7b00000| Untracked 
| 380|0x00000000e7c00000, 0x00000000e7c00000, 0x00000000e7d00000|  0%| F|  |TAMS 0x00000000e7c00000| PB 0x00000000e7c00000| Untracked 
| 381|0x00000000e7d00000, 0x00000000e7d00000, 0x00000000e7e00000|  0%| F|  |TAMS 0x00000000e7d00000| PB 0x00000000e7d00000| Untracked 
| 382|0x00000000e7e00000, 0x00000000e7e00000, 0x00000000e7f00000|  0%| F|  |TAMS 0x00000000e7e00000| PB 0x00000000e7e00000| Untracked 
| 383|0x00000000e7f00000, 0x00000000e7f00000, 0x00000000e8000000|  0%| F|  |TAMS 0x00000000e7f00000| PB 0x00000000e7f00000| Untracked 
| 384|0x00000000e8000000, 0x00000000e8000000, 0x00000000e8100000|  0%| F|  |TAMS 0x00000000e8000000| PB 0x00000000e8000000| Untracked 
| 385|0x00000000e8100000, 0x00000000e8100000, 0x00000000e8200000|  0%| F|  |TAMS 0x00000000e8100000| PB 0x00000000e8100000| Untracked 
| 386|0x00000000e8200000, 0x00000000e8200000, 0x00000000e8300000|  0%| F|  |TAMS 0x00000000e8200000| PB 0x00000000e8200000| Untracked 
| 387|0x00000000e8300000, 0x00000000e8300000, 0x00000000e8400000|  0%| F|  |TAMS 0x00000000e8300000| PB 0x00000000e8300000| Untracked 
| 388|0x00000000e8400000, 0x00000000e8400000, 0x00000000e8500000|  0%| F|  |TAMS 0x00000000e8400000| PB 0x00000000e8400000| Untracked 
| 389|0x00000000e8500000, 0x00000000e8500000, 0x00000000e8600000|  0%| F|  |TAMS 0x00000000e8500000| PB 0x00000000e8500000| Untracked 
| 390|0x00000000e8600000, 0x00000000e8600000, 0x00000000e8700000|  0%| F|  |TAMS 0x00000000e8600000| PB 0x00000000e8600000| Untracked 
| 391|0x00000000e8700000, 0x00000000e8700000, 0x00000000e8800000|  0%| F|  |TAMS 0x00000000e8700000| PB 0x00000000e8700000| Untracked 
| 392|0x00000000e8800000, 0x00000000e8800000, 0x00000000e8900000|  0%| F|  |TAMS 0x00000000e8800000| PB 0x00000000e8800000| Untracked 
| 393|0x00000000e8900000, 0x00000000e8900000, 0x00000000e8a00000|  0%| F|  |TAMS 0x00000000e8900000| PB 0x00000000e8900000| Untracked 
| 394|0x00000000e8a00000, 0x00000000e8a00000, 0x00000000e8b00000|  0%| F|  |TAMS 0x00000000e8a00000| PB 0x00000000e8a00000| Untracked 
| 395|0x00000000e8b00000, 0x00000000e8b00000, 0x00000000e8c00000|  0%| F|  |TAMS 0x00000000e8b00000| PB 0x00000000e8b00000| Untracked 
| 396|0x00000000e8c00000, 0x00000000e8c00000, 0x00000000e8d00000|  0%| F|  |TAMS 0x00000000e8c00000| PB 0x00000000e8c00000| Untracked 
| 397|0x00000000e8d00000, 0x00000000e8d00000, 0x00000000e8e00000|  0%| F|  |TAMS 0x00000000e8d00000| PB 0x00000000e8d00000| Untracked 
| 398|0x00000000e8e00000, 0x00000000e8e00000, 0x00000000e8f00000|  0%| F|  |TAMS 0x00000000e8e00000| PB 0x00000000e8e00000| Untracked 
| 399|0x00000000e8f00000, 0x00000000e8f00000, 0x00000000e9000000|  0%| F|  |TAMS 0x00000000e8f00000| PB 0x00000000e8f00000| Untracked 
| 400|0x00000000e9000000, 0x00000000e9000000, 0x00000000e9100000|  0%| F|  |TAMS 0x00000000e9000000| PB 0x00000000e9000000| Untracked 
| 401|0x00000000e9100000, 0x00000000e9100000, 0x00000000e9200000|  0%| F|  |TAMS 0x00000000e9100000| PB 0x00000000e9100000| Untracked 
| 402|0x00000000e9200000, 0x00000000e9200000, 0x00000000e9300000|  0%| F|  |TAMS 0x00000000e9200000| PB 0x00000000e9200000| Untracked 
| 403|0x00000000e9300000, 0x00000000e9300000, 0x00000000e9400000|  0%| F|  |TAMS 0x00000000e9300000| PB 0x00000000e9300000| Untracked 
| 404|0x00000000e9400000, 0x00000000e9400000, 0x00000000e9500000|  0%| F|  |TAMS 0x00000000e9400000| PB 0x00000000e9400000| Untracked 
| 405|0x00000000e9500000, 0x00000000e9500000, 0x00000000e9600000|  0%| F|  |TAMS 0x00000000e9500000| PB 0x00000000e9500000| Untracked 
| 406|0x00000000e9600000, 0x00000000e9600000, 0x00000000e9700000|  0%| F|  |TAMS 0x00000000e9600000| PB 0x00000000e9600000| Untracked 
| 407|0x00000000e9700000, 0x00000000e9700000, 0x00000000e9800000|  0%| F|  |TAMS 0x00000000e9700000| PB 0x00000000e9700000| Untracked 
| 408|0x00000000e9800000, 0x00000000e9800000, 0x00000000e9900000|  0%| F|  |TAMS 0x00000000e9800000| PB 0x00000000e9800000| Untracked 
| 409|0x00000000e9900000, 0x00000000e9900000, 0x00000000e9a00000|  0%| F|  |TAMS 0x00000000e9900000| PB 0x00000000e9900000| Untracked 
| 410|0x00000000e9a00000, 0x00000000e9a00000, 0x00000000e9b00000|  0%| F|  |TAMS 0x00000000e9a00000| PB 0x00000000e9a00000| Untracked 
| 411|0x00000000e9b00000, 0x00000000e9b00000, 0x00000000e9c00000|  0%| F|  |TAMS 0x00000000e9b00000| PB 0x00000000e9b00000| Untracked 
| 412|0x00000000e9c00000, 0x00000000e9c00000, 0x00000000e9d00000|  0%| F|  |TAMS 0x00000000e9c00000| PB 0x00000000e9c00000| Untracked 
| 413|0x00000000e9d00000, 0x00000000e9d00000, 0x00000000e9e00000|  0%| F|  |TAMS 0x00000000e9d00000| PB 0x00000000e9d00000| Untracked 
| 414|0x00000000e9e00000, 0x00000000e9e00000, 0x00000000e9f00000|  0%| F|  |TAMS 0x00000000e9e00000| PB 0x00000000e9e00000| Untracked 
| 415|0x00000000e9f00000, 0x00000000e9f00000, 0x00000000ea000000|  0%| F|  |TAMS 0x00000000e9f00000| PB 0x00000000e9f00000| Untracked 
| 416|0x00000000ea000000, 0x00000000ea000000, 0x00000000ea100000|  0%| F|  |TAMS 0x00000000ea000000| PB 0x00000000ea000000| Untracked 
| 417|0x00000000ea100000, 0x00000000ea100000, 0x00000000ea200000|  0%| F|  |TAMS 0x00000000ea100000| PB 0x00000000ea100000| Untracked 
| 418|0x00000000ea200000, 0x00000000ea200000, 0x00000000ea300000|  0%| F|  |TAMS 0x00000000ea200000| PB 0x00000000ea200000| Untracked 
| 419|0x00000000ea300000, 0x00000000ea300000, 0x00000000ea400000|  0%| F|  |TAMS 0x00000000ea300000| PB 0x00000000ea300000| Untracked 
| 420|0x00000000ea400000, 0x00000000ea400000, 0x00000000ea500000|  0%| F|  |TAMS 0x00000000ea400000| PB 0x00000000ea400000| Untracked 
| 421|0x00000000ea500000, 0x00000000ea500000, 0x00000000ea600000|  0%| F|  |TAMS 0x00000000ea500000| PB 0x00000000ea500000| Untracked 
| 422|0x00000000ea600000, 0x00000000ea600000, 0x00000000ea700000|  0%| F|  |TAMS 0x00000000ea600000| PB 0x00000000ea600000| Untracked 
| 423|0x00000000ea700000, 0x00000000ea700000, 0x00000000ea800000|  0%| F|  |TAMS 0x00000000ea700000| PB 0x00000000ea700000| Untracked 
| 424|0x00000000ea800000, 0x00000000ea800000, 0x00000000ea900000|  0%| F|  |TAMS 0x00000000ea800000| PB 0x00000000ea800000| Untracked 
| 425|0x00000000ea900000, 0x00000000ea900000, 0x00000000eaa00000|  0%| F|  |TAMS 0x00000000ea900000| PB 0x00000000ea900000| Untracked 
| 426|0x00000000eaa00000, 0x00000000eaa00000, 0x00000000eab00000|  0%| F|  |TAMS 0x00000000eaa00000| PB 0x00000000eaa00000| Untracked 
| 427|0x00000000eab00000, 0x00000000eab00000, 0x00000000eac00000|  0%| F|  |TAMS 0x00000000eab00000| PB 0x00000000eab00000| Untracked 
| 428|0x00000000eac00000, 0x00000000eac00000, 0x00000000ead00000|  0%| F|  |TAMS 0x00000000eac00000| PB 0x00000000eac00000| Untracked 
| 429|0x00000000ead00000, 0x00000000ead00000, 0x00000000eae00000|  0%| F|  |TAMS 0x00000000ead00000| PB 0x00000000ead00000| Untracked 
| 430|0x00000000eae00000, 0x00000000eae00000, 0x00000000eaf00000|  0%| F|  |TAMS 0x00000000eae00000| PB 0x00000000eae00000| Untracked 
| 431|0x00000000eaf00000, 0x00000000eaf00000, 0x00000000eb000000|  0%| F|  |TAMS 0x00000000eaf00000| PB 0x00000000eaf00000| Untracked 
| 432|0x00000000eb000000, 0x00000000eb000000, 0x00000000eb100000|  0%| F|  |TAMS 0x00000000eb000000| PB 0x00000000eb000000| Untracked 
| 433|0x00000000eb100000, 0x00000000eb100000, 0x00000000eb200000|  0%| F|  |TAMS 0x00000000eb100000| PB 0x00000000eb100000| Untracked 
| 434|0x00000000eb200000, 0x00000000eb200000, 0x00000000eb300000|  0%| F|  |TAMS 0x00000000eb200000| PB 0x00000000eb200000| Untracked 
| 435|0x00000000eb300000, 0x00000000eb300000, 0x00000000eb400000|  0%| F|  |TAMS 0x00000000eb300000| PB 0x00000000eb300000| Untracked 
| 436|0x00000000eb400000, 0x00000000eb400000, 0x00000000eb500000|  0%| F|  |TAMS 0x00000000eb400000| PB 0x00000000eb400000| Untracked 
| 437|0x00000000eb500000, 0x00000000eb500000, 0x00000000eb600000|  0%| F|  |TAMS 0x00000000eb500000| PB 0x00000000eb500000| Untracked 
| 438|0x00000000eb600000, 0x00000000eb600000, 0x00000000eb700000|  0%| F|  |TAMS 0x00000000eb600000| PB 0x00000000eb600000| Untracked 
| 439|0x00000000eb700000, 0x00000000eb700000, 0x00000000eb800000|  0%| F|  |TAMS 0x00000000eb700000| PB 0x00000000eb700000| Untracked 
| 440|0x00000000eb800000, 0x00000000eb800000, 0x00000000eb900000|  0%| F|  |TAMS 0x00000000eb800000| PB 0x00000000eb800000| Untracked 
| 441|0x00000000eb900000, 0x00000000eb900000, 0x00000000eba00000|  0%| F|  |TAMS 0x00000000eb900000| PB 0x00000000eb900000| Untracked 
| 442|0x00000000eba00000, 0x00000000eba00000, 0x00000000ebb00000|  0%| F|  |TAMS 0x00000000eba00000| PB 0x00000000eba00000| Untracked 
| 443|0x00000000ebb00000, 0x00000000ebb00000, 0x00000000ebc00000|  0%| F|  |TAMS 0x00000000ebb00000| PB 0x00000000ebb00000| Untracked 
| 444|0x00000000ebc00000, 0x00000000ebc00000, 0x00000000ebd00000|  0%| F|  |TAMS 0x00000000ebc00000| PB 0x00000000ebc00000| Untracked 
| 445|0x00000000ebd00000, 0x00000000ebd00000, 0x00000000ebe00000|  0%| F|  |TAMS 0x00000000ebd00000| PB 0x00000000ebd00000| Untracked 
| 446|0x00000000ebe00000, 0x00000000ebe00000, 0x00000000ebf00000|  0%| F|  |TAMS 0x00000000ebe00000| PB 0x00000000ebe00000| Untracked 
| 447|0x00000000ebf00000, 0x00000000ebf00000, 0x00000000ec000000|  0%| F|  |TAMS 0x00000000ebf00000| PB 0x00000000ebf00000| Untracked 
| 448|0x00000000ec000000, 0x00000000ec000000, 0x00000000ec100000|  0%| F|  |TAMS 0x00000000ec000000| PB 0x00000000ec000000| Untracked 
| 449|0x00000000ec100000, 0x00000000ec100000, 0x00000000ec200000|  0%| F|  |TAMS 0x00000000ec100000| PB 0x00000000ec100000| Untracked 
| 450|0x00000000ec200000, 0x00000000ec200000, 0x00000000ec300000|  0%| F|  |TAMS 0x00000000ec200000| PB 0x00000000ec200000| Untracked 
| 451|0x00000000ec300000, 0x00000000ec300000, 0x00000000ec400000|  0%| F|  |TAMS 0x00000000ec300000| PB 0x00000000ec300000| Untracked 
| 452|0x00000000ec400000, 0x00000000ec400000, 0x00000000ec500000|  0%| F|  |TAMS 0x00000000ec400000| PB 0x00000000ec400000| Untracked 
| 453|0x00000000ec500000, 0x00000000ec500000, 0x00000000ec600000|  0%| F|  |TAMS 0x00000000ec500000| PB 0x00000000ec500000| Untracked 
| 454|0x00000000ec600000, 0x00000000ec600000, 0x00000000ec700000|  0%| F|  |TAMS 0x00000000ec600000| PB 0x00000000ec600000| Untracked 
| 455|0x00000000ec700000, 0x00000000ec700000, 0x00000000ec800000|  0%| F|  |TAMS 0x00000000ec700000| PB 0x00000000ec700000| Untracked 
| 456|0x00000000ec800000, 0x00000000ec800000, 0x00000000ec900000|  0%| F|  |TAMS 0x00000000ec800000| PB 0x00000000ec800000| Untracked 
| 457|0x00000000ec900000, 0x00000000ec900000, 0x00000000eca00000|  0%| F|  |TAMS 0x00000000ec900000| PB 0x00000000ec900000| Untracked 
| 458|0x00000000eca00000, 0x00000000eca00000, 0x00000000ecb00000|  0%| F|  |TAMS 0x00000000eca00000| PB 0x00000000eca00000| Untracked 
| 459|0x00000000ecb00000, 0x00000000ecb00000, 0x00000000ecc00000|  0%| F|  |TAMS 0x00000000ecb00000| PB 0x00000000ecb00000| Untracked 
| 460|0x00000000ecc00000, 0x00000000ecc00000, 0x00000000ecd00000|  0%| F|  |TAMS 0x00000000ecc00000| PB 0x00000000ecc00000| Untracked 
| 461|0x00000000ecd00000, 0x00000000ecd00000, 0x00000000ece00000|  0%| F|  |TAMS 0x00000000ecd00000| PB 0x00000000ecd00000| Untracked 
| 462|0x00000000ece00000, 0x00000000ece00000, 0x00000000ecf00000|  0%| F|  |TAMS 0x00000000ece00000| PB 0x00000000ece00000| Untracked 
| 463|0x00000000ecf00000, 0x00000000ecf00000, 0x00000000ed000000|  0%| F|  |TAMS 0x00000000ecf00000| PB 0x00000000ecf00000| Untracked 
| 464|0x00000000ed000000, 0x00000000ed000000, 0x00000000ed100000|  0%| F|  |TAMS 0x00000000ed000000| PB 0x00000000ed000000| Untracked 
| 465|0x00000000ed100000, 0x00000000ed100000, 0x00000000ed200000|  0%| F|  |TAMS 0x00000000ed100000| PB 0x00000000ed100000| Untracked 
| 466|0x00000000ed200000, 0x00000000ed200000, 0x00000000ed300000|  0%| F|  |TAMS 0x00000000ed200000| PB 0x00000000ed200000| Untracked 
| 467|0x00000000ed300000, 0x00000000ed300000, 0x00000000ed400000|  0%| F|  |TAMS 0x00000000ed300000| PB 0x00000000ed300000| Untracked 
| 468|0x00000000ed400000, 0x00000000ed400000, 0x00000000ed500000|  0%| F|  |TAMS 0x00000000ed400000| PB 0x00000000ed400000| Untracked 
| 469|0x00000000ed500000, 0x00000000ed500000, 0x00000000ed600000|  0%| F|  |TAMS 0x00000000ed500000| PB 0x00000000ed500000| Untracked 
| 470|0x00000000ed600000, 0x00000000ed600000, 0x00000000ed700000|  0%| F|  |TAMS 0x00000000ed600000| PB 0x00000000ed600000| Untracked 
| 471|0x00000000ed700000, 0x00000000ed700000, 0x00000000ed800000|  0%| F|  |TAMS 0x00000000ed700000| PB 0x00000000ed700000| Untracked 
| 472|0x00000000ed800000, 0x00000000ed800000, 0x00000000ed900000|  0%| F|  |TAMS 0x00000000ed800000| PB 0x00000000ed800000| Untracked 
| 473|0x00000000ed900000, 0x00000000ed900000, 0x00000000eda00000|  0%| F|  |TAMS 0x00000000ed900000| PB 0x00000000ed900000| Untracked 
| 474|0x00000000eda00000, 0x00000000eda00000, 0x00000000edb00000|  0%| F|  |TAMS 0x00000000eda00000| PB 0x00000000eda00000| Untracked 
| 475|0x00000000edb00000, 0x00000000edb00000, 0x00000000edc00000|  0%| F|  |TAMS 0x00000000edb00000| PB 0x00000000edb00000| Untracked 
| 476|0x00000000edc00000, 0x00000000edc00000, 0x00000000edd00000|  0%| F|  |TAMS 0x00000000edc00000| PB 0x00000000edc00000| Untracked 
| 477|0x00000000edd00000, 0x00000000edd00000, 0x00000000ede00000|  0%| F|  |TAMS 0x00000000edd00000| PB 0x00000000edd00000| Untracked 
| 478|0x00000000ede00000, 0x00000000ede00000, 0x00000000edf00000|  0%| F|  |TAMS 0x00000000ede00000| PB 0x00000000ede00000| Untracked 
| 479|0x00000000edf00000, 0x00000000edf00000, 0x00000000ee000000|  0%| F|  |TAMS 0x00000000edf00000| PB 0x00000000edf00000| Untracked 
| 480|0x00000000ee000000, 0x00000000ee000000, 0x00000000ee100000|  0%| F|  |TAMS 0x00000000ee000000| PB 0x00000000ee000000| Untracked 
| 481|0x00000000ee100000, 0x00000000ee100000, 0x00000000ee200000|  0%| F|  |TAMS 0x00000000ee100000| PB 0x00000000ee100000| Untracked 
| 482|0x00000000ee200000, 0x00000000ee200000, 0x00000000ee300000|  0%| F|  |TAMS 0x00000000ee200000| PB 0x00000000ee200000| Untracked 
| 483|0x00000000ee300000, 0x00000000ee300000, 0x00000000ee400000|  0%| F|  |TAMS 0x00000000ee300000| PB 0x00000000ee300000| Untracked 
| 484|0x00000000ee400000, 0x00000000ee400000, 0x00000000ee500000|  0%| F|  |TAMS 0x00000000ee400000| PB 0x00000000ee400000| Untracked 
| 485|0x00000000ee500000, 0x00000000ee500000, 0x00000000ee600000|  0%| F|  |TAMS 0x00000000ee500000| PB 0x00000000ee500000| Untracked 
| 486|0x00000000ee600000, 0x00000000ee600000, 0x00000000ee700000|  0%| F|  |TAMS 0x00000000ee600000| PB 0x00000000ee600000| Untracked 
| 487|0x00000000ee700000, 0x00000000ee700000, 0x00000000ee800000|  0%| F|  |TAMS 0x00000000ee700000| PB 0x00000000ee700000| Untracked 
| 488|0x00000000ee800000, 0x00000000ee800000, 0x00000000ee900000|  0%| F|  |TAMS 0x00000000ee800000| PB 0x00000000ee800000| Untracked 
| 489|0x00000000ee900000, 0x00000000ee900000, 0x00000000eea00000|  0%| F|  |TAMS 0x00000000ee900000| PB 0x00000000ee900000| Untracked 
| 490|0x00000000eea00000, 0x00000000eea00000, 0x00000000eeb00000|  0%| F|  |TAMS 0x00000000eea00000| PB 0x00000000eea00000| Untracked 
| 491|0x00000000eeb00000, 0x00000000eeb00000, 0x00000000eec00000|  0%| F|  |TAMS 0x00000000eeb00000| PB 0x00000000eeb00000| Untracked 
| 492|0x00000000eec00000, 0x00000000eec00000, 0x00000000eed00000|  0%| F|  |TAMS 0x00000000eec00000| PB 0x00000000eec00000| Untracked 
| 493|0x00000000eed00000, 0x00000000eed00000, 0x00000000eee00000|  0%| F|  |TAMS 0x00000000eed00000| PB 0x00000000eed00000| Untracked 
| 494|0x00000000eee00000, 0x00000000eee00000, 0x00000000eef00000|  0%| F|  |TAMS 0x00000000eee00000| PB 0x00000000eee00000| Untracked 
| 495|0x00000000eef00000, 0x00000000eef00000, 0x00000000ef000000|  0%| F|  |TAMS 0x00000000eef00000| PB 0x00000000eef00000| Untracked 
| 496|0x00000000ef000000, 0x00000000ef000000, 0x00000000ef100000|  0%| F|  |TAMS 0x00000000ef000000| PB 0x00000000ef000000| Untracked 
| 497|0x00000000ef100000, 0x00000000ef100000, 0x00000000ef200000|  0%| F|  |TAMS 0x00000000ef100000| PB 0x00000000ef100000| Untracked 
| 498|0x00000000ef200000, 0x00000000ef200000, 0x00000000ef300000|  0%| F|  |TAMS 0x00000000ef200000| PB 0x00000000ef200000| Untracked 
| 499|0x00000000ef300000, 0x00000000ef300000, 0x00000000ef400000|  0%| F|  |TAMS 0x00000000ef300000| PB 0x00000000ef300000| Untracked 
| 500|0x00000000ef400000, 0x00000000ef400000, 0x00000000ef500000|  0%| F|  |TAMS 0x00000000ef400000| PB 0x00000000ef400000| Untracked 
| 501|0x00000000ef500000, 0x00000000ef500000, 0x00000000ef600000|  0%| F|  |TAMS 0x00000000ef500000| PB 0x00000000ef500000| Untracked 
| 502|0x00000000ef600000, 0x00000000ef600000, 0x00000000ef700000|  0%| F|  |TAMS 0x00000000ef600000| PB 0x00000000ef600000| Untracked 
| 503|0x00000000ef700000, 0x00000000ef700000, 0x00000000ef800000|  0%| F|  |TAMS 0x00000000ef700000| PB 0x00000000ef700000| Untracked 
| 504|0x00000000ef800000, 0x00000000ef800000, 0x00000000ef900000|  0%| F|  |TAMS 0x00000000ef800000| PB 0x00000000ef800000| Untracked 
| 505|0x00000000ef900000, 0x00000000ef900000, 0x00000000efa00000|  0%| F|  |TAMS 0x00000000ef900000| PB 0x00000000ef900000| Untracked 
| 506|0x00000000efa00000, 0x00000000efa00000, 0x00000000efb00000|  0%| F|  |TAMS 0x00000000efa00000| PB 0x00000000efa00000| Untracked 
| 507|0x00000000efb00000, 0x00000000efb00000, 0x00000000efc00000|  0%| F|  |TAMS 0x00000000efb00000| PB 0x00000000efb00000| Untracked 
| 508|0x00000000efc00000, 0x00000000efc00000, 0x00000000efd00000|  0%| F|  |TAMS 0x00000000efc00000| PB 0x00000000efc00000| Untracked 
| 509|0x00000000efd00000, 0x00000000efd00000, 0x00000000efe00000|  0%| F|  |TAMS 0x00000000efd00000| PB 0x00000000efd00000| Untracked 
| 510|0x00000000efe00000, 0x00000000efe00000, 0x00000000eff00000|  0%| F|  |TAMS 0x00000000efe00000| PB 0x00000000efe00000| Untracked 
| 511|0x00000000eff00000, 0x00000000eff00000, 0x00000000f0000000|  0%| F|  |TAMS 0x00000000eff00000| PB 0x00000000eff00000| Untracked 
| 512|0x00000000f0000000, 0x00000000f0000000, 0x00000000f0100000|  0%| F|  |TAMS 0x00000000f0000000| PB 0x00000000f0000000| Untracked 
| 513|0x00000000f0100000, 0x00000000f0100000, 0x00000000f0200000|  0%| F|  |TAMS 0x00000000f0100000| PB 0x00000000f0100000| Untracked 
| 514|0x00000000f0200000, 0x00000000f0200000, 0x00000000f0300000|  0%| F|  |TAMS 0x00000000f0200000| PB 0x00000000f0200000| Untracked 
| 515|0x00000000f0300000, 0x00000000f0300000, 0x00000000f0400000|  0%| F|  |TAMS 0x00000000f0300000| PB 0x00000000f0300000| Untracked 
| 516|0x00000000f0400000, 0x00000000f0400000, 0x00000000f0500000|  0%| F|  |TAMS 0x00000000f0400000| PB 0x00000000f0400000| Untracked 
| 517|0x00000000f0500000, 0x00000000f0500000, 0x00000000f0600000|  0%| F|  |TAMS 0x00000000f0500000| PB 0x00000000f0500000| Untracked 
| 518|0x00000000f0600000, 0x00000000f0600000, 0x00000000f0700000|  0%| F|  |TAMS 0x00000000f0600000| PB 0x00000000f0600000| Untracked 
| 519|0x00000000f0700000, 0x00000000f0700000, 0x00000000f0800000|  0%| F|  |TAMS 0x00000000f0700000| PB 0x00000000f0700000| Untracked 
| 520|0x00000000f0800000, 0x00000000f0800000, 0x00000000f0900000|  0%| F|  |TAMS 0x00000000f0800000| PB 0x00000000f0800000| Untracked 
| 521|0x00000000f0900000, 0x00000000f0900000, 0x00000000f0a00000|  0%| F|  |TAMS 0x00000000f0900000| PB 0x00000000f0900000| Untracked 
| 522|0x00000000f0a00000, 0x00000000f0a00000, 0x00000000f0b00000|  0%| F|  |TAMS 0x00000000f0a00000| PB 0x00000000f0a00000| Untracked 
| 523|0x00000000f0b00000, 0x00000000f0b00000, 0x00000000f0c00000|  0%| F|  |TAMS 0x00000000f0b00000| PB 0x00000000f0b00000| Untracked 
| 524|0x00000000f0c00000, 0x00000000f0c00000, 0x00000000f0d00000|  0%| F|  |TAMS 0x00000000f0c00000| PB 0x00000000f0c00000| Untracked 
| 525|0x00000000f0d00000, 0x00000000f0d00000, 0x00000000f0e00000|  0%| F|  |TAMS 0x00000000f0d00000| PB 0x00000000f0d00000| Untracked 
| 526|0x00000000f0e00000, 0x00000000f0e00000, 0x00000000f0f00000|  0%| F|  |TAMS 0x00000000f0e00000| PB 0x00000000f0e00000| Untracked 
| 527|0x00000000f0f00000, 0x00000000f0f00000, 0x00000000f1000000|  0%| F|  |TAMS 0x00000000f0f00000| PB 0x00000000f0f00000| Untracked 
| 528|0x00000000f1000000, 0x00000000f1000000, 0x00000000f1100000|  0%| F|  |TAMS 0x00000000f1000000| PB 0x00000000f1000000| Untracked 
| 529|0x00000000f1100000, 0x00000000f1100000, 0x00000000f1200000|  0%| F|  |TAMS 0x00000000f1100000| PB 0x00000000f1100000| Untracked 
| 530|0x00000000f1200000, 0x00000000f1200000, 0x00000000f1300000|  0%| F|  |TAMS 0x00000000f1200000| PB 0x00000000f1200000| Untracked 
| 531|0x00000000f1300000, 0x00000000f1300000, 0x00000000f1400000|  0%| F|  |TAMS 0x00000000f1300000| PB 0x00000000f1300000| Untracked 
| 532|0x00000000f1400000, 0x00000000f1400000, 0x00000000f1500000|  0%| F|  |TAMS 0x00000000f1400000| PB 0x00000000f1400000| Untracked 
| 533|0x00000000f1500000, 0x00000000f1500000, 0x00000000f1600000|  0%| F|  |TAMS 0x00000000f1500000| PB 0x00000000f1500000| Untracked 
| 534|0x00000000f1600000, 0x00000000f1600000, 0x00000000f1700000|  0%| F|  |TAMS 0x00000000f1600000| PB 0x00000000f1600000| Untracked 
| 535|0x00000000f1700000, 0x00000000f1700000, 0x00000000f1800000|  0%| F|  |TAMS 0x00000000f1700000| PB 0x00000000f1700000| Untracked 
| 536|0x00000000f1800000, 0x00000000f1800000, 0x00000000f1900000|  0%| F|  |TAMS 0x00000000f1800000| PB 0x00000000f1800000| Untracked 
| 537|0x00000000f1900000, 0x00000000f1900000, 0x00000000f1a00000|  0%| F|  |TAMS 0x00000000f1900000| PB 0x00000000f1900000| Untracked 
| 538|0x00000000f1a00000, 0x00000000f1a00000, 0x00000000f1b00000|  0%| F|  |TAMS 0x00000000f1a00000| PB 0x00000000f1a00000| Untracked 
| 539|0x00000000f1b00000, 0x00000000f1b00000, 0x00000000f1c00000|  0%| F|  |TAMS 0x00000000f1b00000| PB 0x00000000f1b00000| Untracked 
| 540|0x00000000f1c00000, 0x00000000f1c00000, 0x00000000f1d00000|  0%| F|  |TAMS 0x00000000f1c00000| PB 0x00000000f1c00000| Untracked 
| 541|0x00000000f1d00000, 0x00000000f1d00000, 0x00000000f1e00000|  0%| F|  |TAMS 0x00000000f1d00000| PB 0x00000000f1d00000| Untracked 
| 542|0x00000000f1e00000, 0x00000000f1e00000, 0x00000000f1f00000|  0%| F|  |TAMS 0x00000000f1e00000| PB 0x00000000f1e00000| Untracked 
| 543|0x00000000f1f00000, 0x00000000f1f00000, 0x00000000f2000000|  0%| F|  |TAMS 0x00000000f1f00000| PB 0x00000000f1f00000| Untracked 
| 544|0x00000000f2000000, 0x00000000f2000000, 0x00000000f2100000|  0%| F|  |TAMS 0x00000000f2000000| PB 0x00000000f2000000| Untracked 
| 545|0x00000000f2100000, 0x00000000f2100000, 0x00000000f2200000|  0%| F|  |TAMS 0x00000000f2100000| PB 0x00000000f2100000| Untracked 
| 546|0x00000000f2200000, 0x00000000f2200000, 0x00000000f2300000|  0%| F|  |TAMS 0x00000000f2200000| PB 0x00000000f2200000| Untracked 
| 547|0x00000000f2300000, 0x00000000f2300000, 0x00000000f2400000|  0%| F|  |TAMS 0x00000000f2300000| PB 0x00000000f2300000| Untracked 
| 548|0x00000000f2400000, 0x00000000f2400000, 0x00000000f2500000|  0%| F|  |TAMS 0x00000000f2400000| PB 0x00000000f2400000| Untracked 
| 549|0x00000000f2500000, 0x00000000f2500000, 0x00000000f2600000|  0%| F|  |TAMS 0x00000000f2500000| PB 0x00000000f2500000| Untracked 
| 550|0x00000000f2600000, 0x00000000f2600000, 0x00000000f2700000|  0%| F|  |TAMS 0x00000000f2600000| PB 0x00000000f2600000| Untracked 
| 551|0x00000000f2700000, 0x00000000f2700000, 0x00000000f2800000|  0%| F|  |TAMS 0x00000000f2700000| PB 0x00000000f2700000| Untracked 
| 552|0x00000000f2800000, 0x00000000f2800000, 0x00000000f2900000|  0%| F|  |TAMS 0x00000000f2800000| PB 0x00000000f2800000| Untracked 
| 553|0x00000000f2900000, 0x00000000f2900000, 0x00000000f2a00000|  0%| F|  |TAMS 0x00000000f2900000| PB 0x00000000f2900000| Untracked 
| 554|0x00000000f2a00000, 0x00000000f2a00000, 0x00000000f2b00000|  0%| F|  |TAMS 0x00000000f2a00000| PB 0x00000000f2a00000| Untracked 
| 555|0x00000000f2b00000, 0x00000000f2b00000, 0x00000000f2c00000|  0%| F|  |TAMS 0x00000000f2b00000| PB 0x00000000f2b00000| Untracked 
| 556|0x00000000f2c00000, 0x00000000f2c00000, 0x00000000f2d00000|  0%| F|  |TAMS 0x00000000f2c00000| PB 0x00000000f2c00000| Untracked 
| 557|0x00000000f2d00000, 0x00000000f2d00000, 0x00000000f2e00000|  0%| F|  |TAMS 0x00000000f2d00000| PB 0x00000000f2d00000| Untracked 
| 558|0x00000000f2e00000, 0x00000000f2e00000, 0x00000000f2f00000|  0%| F|  |TAMS 0x00000000f2e00000| PB 0x00000000f2e00000| Untracked 
| 559|0x00000000f2f00000, 0x00000000f2f00000, 0x00000000f3000000|  0%| F|  |TAMS 0x00000000f2f00000| PB 0x00000000f2f00000| Untracked 
| 560|0x00000000f3000000, 0x00000000f3000000, 0x00000000f3100000|  0%| F|  |TAMS 0x00000000f3000000| PB 0x00000000f3000000| Untracked 
| 561|0x00000000f3100000, 0x00000000f3100000, 0x00000000f3200000|  0%| F|  |TAMS 0x00000000f3100000| PB 0x00000000f3100000| Untracked 
| 562|0x00000000f3200000, 0x00000000f3200000, 0x00000000f3300000|  0%| F|  |TAMS 0x00000000f3200000| PB 0x00000000f3200000| Untracked 
| 563|0x00000000f3300000, 0x00000000f3300000, 0x00000000f3400000|  0%| F|  |TAMS 0x00000000f3300000| PB 0x00000000f3300000| Untracked 
| 564|0x00000000f3400000, 0x00000000f3400000, 0x00000000f3500000|  0%| F|  |TAMS 0x00000000f3400000| PB 0x00000000f3400000| Untracked 
| 565|0x00000000f3500000, 0x00000000f3500000, 0x00000000f3600000|  0%| F|  |TAMS 0x00000000f3500000| PB 0x00000000f3500000| Untracked 
| 566|0x00000000f3600000, 0x00000000f3600000, 0x00000000f3700000|  0%| F|  |TAMS 0x00000000f3600000| PB 0x00000000f3600000| Untracked 
| 567|0x00000000f3700000, 0x00000000f3700000, 0x00000000f3800000|  0%| F|  |TAMS 0x00000000f3700000| PB 0x00000000f3700000| Untracked 
| 568|0x00000000f3800000, 0x00000000f3800000, 0x00000000f3900000|  0%| F|  |TAMS 0x00000000f3800000| PB 0x00000000f3800000| Untracked 
| 569|0x00000000f3900000, 0x00000000f3900000, 0x00000000f3a00000|  0%| F|  |TAMS 0x00000000f3900000| PB 0x00000000f3900000| Untracked 
| 570|0x00000000f3a00000, 0x00000000f3a00000, 0x00000000f3b00000|  0%| F|  |TAMS 0x00000000f3a00000| PB 0x00000000f3a00000| Untracked 
| 571|0x00000000f3b00000, 0x00000000f3b00000, 0x00000000f3c00000|  0%| F|  |TAMS 0x00000000f3b00000| PB 0x00000000f3b00000| Untracked 
| 572|0x00000000f3c00000, 0x00000000f3c00000, 0x00000000f3d00000|  0%| F|  |TAMS 0x00000000f3c00000| PB 0x00000000f3c00000| Untracked 
| 573|0x00000000f3d00000, 0x00000000f3d00000, 0x00000000f3e00000|  0%| F|  |TAMS 0x00000000f3d00000| PB 0x00000000f3d00000| Untracked 
| 574|0x00000000f3e00000, 0x00000000f3e00000, 0x00000000f3f00000|  0%| F|  |TAMS 0x00000000f3e00000| PB 0x00000000f3e00000| Untracked 
| 575|0x00000000f3f00000, 0x00000000f3f00000, 0x00000000f4000000|  0%| F|  |TAMS 0x00000000f3f00000| PB 0x00000000f3f00000| Untracked 
| 576|0x00000000f4000000, 0x00000000f4000000, 0x00000000f4100000|  0%| F|  |TAMS 0x00000000f4000000| PB 0x00000000f4000000| Untracked 
| 577|0x00000000f4100000, 0x00000000f4100000, 0x00000000f4200000|  0%| F|  |TAMS 0x00000000f4100000| PB 0x00000000f4100000| Untracked 
| 578|0x00000000f4200000, 0x00000000f4200000, 0x00000000f4300000|  0%| F|  |TAMS 0x00000000f4200000| PB 0x00000000f4200000| Untracked 
| 579|0x00000000f4300000, 0x00000000f4300000, 0x00000000f4400000|  0%| F|  |TAMS 0x00000000f4300000| PB 0x00000000f4300000| Untracked 
| 580|0x00000000f4400000, 0x00000000f4400000, 0x00000000f4500000|  0%| F|  |TAMS 0x00000000f4400000| PB 0x00000000f4400000| Untracked 
| 581|0x00000000f4500000, 0x00000000f4500000, 0x00000000f4600000|  0%| F|  |TAMS 0x00000000f4500000| PB 0x00000000f4500000| Untracked 
| 582|0x00000000f4600000, 0x00000000f4600000, 0x00000000f4700000|  0%| F|  |TAMS 0x00000000f4600000| PB 0x00000000f4600000| Untracked 
| 583|0x00000000f4700000, 0x00000000f4700000, 0x00000000f4800000|  0%| F|  |TAMS 0x00000000f4700000| PB 0x00000000f4700000| Untracked 
| 584|0x00000000f4800000, 0x00000000f4800000, 0x00000000f4900000|  0%| F|  |TAMS 0x00000000f4800000| PB 0x00000000f4800000| Untracked 
| 585|0x00000000f4900000, 0x00000000f4900000, 0x00000000f4a00000|  0%| F|  |TAMS 0x00000000f4900000| PB 0x00000000f4900000| Untracked 
| 586|0x00000000f4a00000, 0x00000000f4a00000, 0x00000000f4b00000|  0%| F|  |TAMS 0x00000000f4a00000| PB 0x00000000f4a00000| Untracked 
| 587|0x00000000f4b00000, 0x00000000f4b00000, 0x00000000f4c00000|  0%| F|  |TAMS 0x00000000f4b00000| PB 0x00000000f4b00000| Untracked 
| 588|0x00000000f4c00000, 0x00000000f4c00000, 0x00000000f4d00000|  0%| F|  |TAMS 0x00000000f4c00000| PB 0x00000000f4c00000| Untracked 
| 589|0x00000000f4d00000, 0x00000000f4d00000, 0x00000000f4e00000|  0%| F|  |TAMS 0x00000000f4d00000| PB 0x00000000f4d00000| Untracked 
| 590|0x00000000f4e00000, 0x00000000f4e00000, 0x00000000f4f00000|  0%| F|  |TAMS 0x00000000f4e00000| PB 0x00000000f4e00000| Untracked 
| 591|0x00000000f4f00000, 0x00000000f4f00000, 0x00000000f5000000|  0%| F|  |TAMS 0x00000000f4f00000| PB 0x00000000f4f00000| Untracked 
| 592|0x00000000f5000000, 0x00000000f5000000, 0x00000000f5100000|  0%| F|  |TAMS 0x00000000f5000000| PB 0x00000000f5000000| Untracked 
| 593|0x00000000f5100000, 0x00000000f5100000, 0x00000000f5200000|  0%| F|  |TAMS 0x00000000f5100000| PB 0x00000000f5100000| Untracked 
| 594|0x00000000f5200000, 0x00000000f5200000, 0x00000000f5300000|  0%| F|  |TAMS 0x00000000f5200000| PB 0x00000000f5200000| Untracked 
| 595|0x00000000f5300000, 0x00000000f5300000, 0x00000000f5400000|  0%| F|  |TAMS 0x00000000f5300000| PB 0x00000000f5300000| Untracked 
| 596|0x00000000f5400000, 0x00000000f5400000, 0x00000000f5500000|  0%| F|  |TAMS 0x00000000f5400000| PB 0x00000000f5400000| Untracked 
| 597|0x00000000f5500000, 0x00000000f5500000, 0x00000000f5600000|  0%| F|  |TAMS 0x00000000f5500000| PB 0x00000000f5500000| Untracked 
| 598|0x00000000f5600000, 0x00000000f5600000, 0x00000000f5700000|  0%| F|  |TAMS 0x00000000f5600000| PB 0x00000000f5600000| Untracked 
| 599|0x00000000f5700000, 0x00000000f5700000, 0x00000000f5800000|  0%| F|  |TAMS 0x00000000f5700000| PB 0x00000000f5700000| Untracked 
| 600|0x00000000f5800000, 0x00000000f5800000, 0x00000000f5900000|  0%| F|  |TAMS 0x00000000f5800000| PB 0x00000000f5800000| Untracked 
| 601|0x00000000f5900000, 0x00000000f5900000, 0x00000000f5a00000|  0%| F|  |TAMS 0x00000000f5900000| PB 0x00000000f5900000| Untracked 
| 602|0x00000000f5a00000, 0x00000000f5a00000, 0x00000000f5b00000|  0%| F|  |TAMS 0x00000000f5a00000| PB 0x00000000f5a00000| Untracked 
| 603|0x00000000f5b00000, 0x00000000f5b00000, 0x00000000f5c00000|  0%| F|  |TAMS 0x00000000f5b00000| PB 0x00000000f5b00000| Untracked 
| 604|0x00000000f5c00000, 0x00000000f5c00000, 0x00000000f5d00000|  0%| F|  |TAMS 0x00000000f5c00000| PB 0x00000000f5c00000| Untracked 
| 605|0x00000000f5d00000, 0x00000000f5d00000, 0x00000000f5e00000|  0%| F|  |TAMS 0x00000000f5d00000| PB 0x00000000f5d00000| Untracked 
| 606|0x00000000f5e00000, 0x00000000f5e00000, 0x00000000f5f00000|  0%| F|  |TAMS 0x00000000f5e00000| PB 0x00000000f5e00000| Untracked 
| 607|0x00000000f5f00000, 0x00000000f5f00000, 0x00000000f6000000|  0%| F|  |TAMS 0x00000000f5f00000| PB 0x00000000f5f00000| Untracked 
| 608|0x00000000f6000000, 0x00000000f6000000, 0x00000000f6100000|  0%| F|  |TAMS 0x00000000f6000000| PB 0x00000000f6000000| Untracked 
| 609|0x00000000f6100000, 0x00000000f6100000, 0x00000000f6200000|  0%| F|  |TAMS 0x00000000f6100000| PB 0x00000000f6100000| Untracked 
| 610|0x00000000f6200000, 0x00000000f6200000, 0x00000000f6300000|  0%| F|  |TAMS 0x00000000f6200000| PB 0x00000000f6200000| Untracked 
| 611|0x00000000f6300000, 0x00000000f6300000, 0x00000000f6400000|  0%| F|  |TAMS 0x00000000f6300000| PB 0x00000000f6300000| Untracked 
| 612|0x00000000f6400000, 0x00000000f6400000, 0x00000000f6500000|  0%| F|  |TAMS 0x00000000f6400000| PB 0x00000000f6400000| Untracked 
| 613|0x00000000f6500000, 0x00000000f6500000, 0x00000000f6600000|  0%| F|  |TAMS 0x00000000f6500000| PB 0x00000000f6500000| Untracked 
| 614|0x00000000f6600000, 0x00000000f6600000, 0x00000000f6700000|  0%| F|  |TAMS 0x00000000f6600000| PB 0x00000000f6600000| Untracked 
| 615|0x00000000f6700000, 0x00000000f6700000, 0x00000000f6800000|  0%| F|  |TAMS 0x00000000f6700000| PB 0x00000000f6700000| Untracked 
| 616|0x00000000f6800000, 0x00000000f6800000, 0x00000000f6900000|  0%| F|  |TAMS 0x00000000f6800000| PB 0x00000000f6800000| Untracked 
| 617|0x00000000f6900000, 0x00000000f6900000, 0x00000000f6a00000|  0%| F|  |TAMS 0x00000000f6900000| PB 0x00000000f6900000| Untracked 
| 618|0x00000000f6a00000, 0x00000000f6a00000, 0x00000000f6b00000|  0%| F|  |TAMS 0x00000000f6a00000| PB 0x00000000f6a00000| Untracked 
| 619|0x00000000f6b00000, 0x00000000f6b00000, 0x00000000f6c00000|  0%| F|  |TAMS 0x00000000f6b00000| PB 0x00000000f6b00000| Untracked 
| 620|0x00000000f6c00000, 0x00000000f6c00000, 0x00000000f6d00000|  0%| F|  |TAMS 0x00000000f6c00000| PB 0x00000000f6c00000| Untracked 
| 621|0x00000000f6d00000, 0x00000000f6d00000, 0x00000000f6e00000|  0%| F|  |TAMS 0x00000000f6d00000| PB 0x00000000f6d00000| Untracked 
| 622|0x00000000f6e00000, 0x00000000f6e00000, 0x00000000f6f00000|  0%| F|  |TAMS 0x00000000f6e00000| PB 0x00000000f6e00000| Untracked 
| 623|0x00000000f6f00000, 0x00000000f6f00000, 0x00000000f7000000|  0%| F|  |TAMS 0x00000000f6f00000| PB 0x00000000f6f00000| Untracked 
| 624|0x00000000f7000000, 0x00000000f7000000, 0x00000000f7100000|  0%| F|  |TAMS 0x00000000f7000000| PB 0x00000000f7000000| Untracked 
| 625|0x00000000f7100000, 0x00000000f7100000, 0x00000000f7200000|  0%| F|  |TAMS 0x00000000f7100000| PB 0x00000000f7100000| Untracked 
| 626|0x00000000f7200000, 0x00000000f7200000, 0x00000000f7300000|  0%| F|  |TAMS 0x00000000f7200000| PB 0x00000000f7200000| Untracked 
| 627|0x00000000f7300000, 0x00000000f7300000, 0x00000000f7400000|  0%| F|  |TAMS 0x00000000f7300000| PB 0x00000000f7300000| Untracked 
| 628|0x00000000f7400000, 0x00000000f7400000, 0x00000000f7500000|  0%| F|  |TAMS 0x00000000f7400000| PB 0x00000000f7400000| Untracked 
| 629|0x00000000f7500000, 0x00000000f7500000, 0x00000000f7600000|  0%| F|  |TAMS 0x00000000f7500000| PB 0x00000000f7500000| Untracked 
| 630|0x00000000f7600000, 0x00000000f7600000, 0x00000000f7700000|  0%| F|  |TAMS 0x00000000f7600000| PB 0x00000000f7600000| Untracked 
| 631|0x00000000f7700000, 0x00000000f7700000, 0x00000000f7800000|  0%| F|  |TAMS 0x00000000f7700000| PB 0x00000000f7700000| Untracked 
| 632|0x00000000f7800000, 0x00000000f7800000, 0x00000000f7900000|  0%| F|  |TAMS 0x00000000f7800000| PB 0x00000000f7800000| Untracked 
| 633|0x00000000f7900000, 0x00000000f7900000, 0x00000000f7a00000|  0%| F|  |TAMS 0x00000000f7900000| PB 0x00000000f7900000| Untracked 
| 634|0x00000000f7a00000, 0x00000000f7a00000, 0x00000000f7b00000|  0%| F|  |TAMS 0x00000000f7a00000| PB 0x00000000f7a00000| Untracked 
| 635|0x00000000f7b00000, 0x00000000f7b00000, 0x00000000f7c00000|  0%| F|  |TAMS 0x00000000f7b00000| PB 0x00000000f7b00000| Untracked 
| 636|0x00000000f7c00000, 0x00000000f7c00000, 0x00000000f7d00000|  0%| F|  |TAMS 0x00000000f7c00000| PB 0x00000000f7c00000| Untracked 
| 637|0x00000000f7d00000, 0x00000000f7d00000, 0x00000000f7e00000|  0%| F|  |TAMS 0x00000000f7d00000| PB 0x00000000f7d00000| Untracked 
| 638|0x00000000f7e00000, 0x00000000f7e00000, 0x00000000f7f00000|  0%| F|  |TAMS 0x00000000f7e00000| PB 0x00000000f7e00000| Untracked 
| 639|0x00000000f7f00000, 0x00000000f7f00000, 0x00000000f8000000|  0%| F|  |TAMS 0x00000000f7f00000| PB 0x00000000f7f00000| Untracked 
| 640|0x00000000f8000000, 0x00000000f8000000, 0x00000000f8100000|  0%| F|  |TAMS 0x00000000f8000000| PB 0x00000000f8000000| Untracked 
| 641|0x00000000f8100000, 0x00000000f8100000, 0x00000000f8200000|  0%| F|  |TAMS 0x00000000f8100000| PB 0x00000000f8100000| Untracked 
| 642|0x00000000f8200000, 0x00000000f8200000, 0x00000000f8300000|  0%| F|  |TAMS 0x00000000f8200000| PB 0x00000000f8200000| Untracked 
| 643|0x00000000f8300000, 0x00000000f8300000, 0x00000000f8400000|  0%| F|  |TAMS 0x00000000f8300000| PB 0x00000000f8300000| Untracked 
| 644|0x00000000f8400000, 0x00000000f8400000, 0x00000000f8500000|  0%| F|  |TAMS 0x00000000f8400000| PB 0x00000000f8400000| Untracked 
| 645|0x00000000f8500000, 0x00000000f8500000, 0x00000000f8600000|  0%| F|  |TAMS 0x00000000f8500000| PB 0x00000000f8500000| Untracked 
| 646|0x00000000f8600000, 0x00000000f8600000, 0x00000000f8700000|  0%| F|  |TAMS 0x00000000f8600000| PB 0x00000000f8600000| Untracked 
| 647|0x00000000f8700000, 0x00000000f8700000, 0x00000000f8800000|  0%| F|  |TAMS 0x00000000f8700000| PB 0x00000000f8700000| Untracked 
| 648|0x00000000f8800000, 0x00000000f8804080, 0x00000000f8900000|  1%| S|CS|TAMS 0x00000000f8800000| PB 0x00000000f8800000| Complete 
| 649|0x00000000f8900000, 0x00000000f8900000, 0x00000000f8a00000|  0%| F|  |TAMS 0x00000000f8900000| PB 0x00000000f8900000| Untracked 

Card table byte_map: [0x000001b66f010000,0x000001b66f190000] _byte_map_base: 0x000001b66e990000

Marking Bits: (CMBitMap*) 0x000001b65ac366d0
 Bits: [0x000001b66f190000, 0x000001b66fd90000)

Polling page: 0x000001b65acc0000

Metaspace:

Usage:
  Non-class:    166.03 MB used.
      Class:     24.23 MB used.
       Both:    190.25 MB used.

Virtual space:
  Non-class space:      192.00 MB reserved,     166.62 MB ( 87%) committed,  3 nodes.
      Class space:      160.00 MB reserved,      25.38 MB ( 16%) committed,  1 nodes.
             Both:      352.00 MB reserved,     192.00 MB ( 55%) committed. 

Chunk freelists:
   Non-Class:  8.44 MB
       Class:  7.25 MB
        Both:  15.69 MB

MaxMetaspaceSize: 192.00 MB
CompressedClassSpaceSize: 160.00 MB
Initial GC threshold: 21.00 MB
Current GC threshold: 192.00 MB
CDS: on
 - commit_granule_bytes: 65536.
 - commit_granule_words: 8192.
 - virtual_space_node_default_size: 8388608.
 - enlarge_chunks_in_place: 1.
 - use_allocation_guard: 0.


Internal statistics:

num_allocs_failed_limit: 676.
num_arena_births: 5904.
num_arena_deaths: 3898.
num_vsnodes_births: 4.
num_vsnodes_deaths: 0.
num_space_committed: 3145.
num_space_uncommitted: 13.
num_chunks_returned_to_freelist: 5497.
num_chunks_taken_from_freelist: 15355.
num_chunk_merges: 2439.
num_chunk_splits: 10388.
num_chunks_enlarged: 6774.
num_inconsistent_stats: 0.

CodeHeap 'non-profiled nmethods': size=120000Kb used=1673Kb max_used=16441Kb free=118326Kb
 bounds [0x000001b666f00000, 0x000001b667f30000, 0x000001b66e430000]
CodeHeap 'profiled nmethods': size=120000Kb used=915Kb max_used=48360Kb free=119084Kb
 bounds [0x000001b65f430000, 0x000001b6623a0000, 0x000001b666960000]
CodeHeap 'non-nmethods': size=5760Kb used=3390Kb max_used=3451Kb free=2370Kb
 bounds [0x000001b666960000, 0x000001b666ce0000, 0x000001b666f00000]
CodeCache: size=245760Kb, used=5978Kb, max_used=68252Kb, free=239780Kb
 total_blobs=2642, nmethods=1358, adapters=1184, full_count=0
Compilation: enabled, stopped_count=0, restarted_count=0

Compilation events (20 events):
Event: 429.679 Thread 0x000001b6727f7450 38787       3       org.gradle.internal.event.DefaultListenerManager$EventBroadcast$ListenerDispatch::dispatch (9 bytes)
Event: 429.870 Thread 0x000001b6727f7450 nmethod 38787 0x000001b65f873090 code [0x000001b65f873240, 0x000001b65f873478]
Event: 430.052 Thread 0x000001b6727ee9a0 38788       4       java.lang.Character::charCount (12 bytes)
Event: 430.052 Thread 0x000001b6727f7450 38790       3       java.util.regex.Matcher::end (20 bytes)
Event: 430.053 Thread 0x000001b6727f7450 

Event: 430.053 Thread 0x000001b6727f7450 

Event: 430.053 Thread 0x000001b6727ee9a0 nmethod 38788 0x000001b666fcfc10 code [0x000001b666fcfda0, 0x000001b666fcfe28]
Event: 430.053 Thread 0x000001b6727ee9a0 38791       4       java.lang.Boolean::valueOf (14 bytes)
Event: 430.244 Thread 0x000001b6727ee9a0 nmethod 38791 0x000001b666fd2890 code [0x000001b666fd2a20, 0x000001b666fd2aa0]
Event: 430.244 Thread 0x000001b6727ee9a0 38789       4       java.util.regex.Pattern$TreeInfo::reset (21 bytes)
Event: 430.245 Thread 0x000001b6727ee9a0 nmethod 38789 0x000001b666fd3510 code [0x000001b666fd36a0, 0x000001b666fd3738]
Event: 430.245 Thread 0x000001b6727ee9a0 38792       4       java.lang.invoke.LambdaForm$NamedFunction::methodType (28 bytes)
Event: 430.442 Thread 0x000001b6727f7450 38793       1       java.lang.invoke.MemberName::getDeclaringClass (5 bytes)
Event: 430.443 Thread 0x000001b6727f7450 nmethod 38793 0x000001b666ff2e90 code [0x000001b666ff3020, 0x000001b666ff30e8]
Event: 430.615 Thread 0x000001b6727ee9a0 nmethod 38792 0x000001b6670c4f10 code [0x000001b6670c50a0, 0x000001b6670c5278]
Event: 435.043 Thread 0x000001b6727ee9a0 38794       4       java.lang.Class::privateGetDeclaredConstructors (79 bytes)
Event: 435.049 Thread 0x000001b6727ee9a0 nmethod 38794 0x000001b666f18a90 code [0x000001b666f18c60, 0x000001b666f19178]
Event: 440.188 Thread 0x000001b6727f7450 38795       3       java.util.regex.Matcher::getTextLength (10 bytes)
Event: 440.188 Thread 0x000001b6727f7450 nmethod 38795 0x000001b65f872c10 code [0x000001b65f872dc0, 0x000001b65f872f98]
Event: 444.885 Thread 0x000001b6727ee9a0 38796       4       jdk.internal.org.objectweb.asm.SymbolTable::addConstant (330 bytes)

GC Heap History (20 events):
Event: 435.042 GC heap after
{Heap after GC invocations=610 (full 182):
 garbage-first heap   total 665600K, used 196242K [0x00000000d0000000, 0x0000000100000000)
  region size 1024K, 0 young (0K), 0 survivors (0K)
 Metaspace       used 194820K, committed 196608K, reserved 360448K
  class space    used 24806K, committed 25984K, reserved 163840K
}
Event: 439.690 GC heap before
{Heap before GC invocations=610 (full 182):
 garbage-first heap   total 665600K, used 196242K [0x00000000d0000000, 0x0000000100000000)
  region size 1024K, 1 young (1024K), 0 survivors (0K)
 Metaspace       used 194820K, committed 196608K, reserved 360448K
  class space    used 24806K, committed 25984K, reserved 163840K
}
Event: 439.693 GC heap after
{Heap after GC invocations=611 (full 182):
 garbage-first heap   total 665600K, used 196328K [0x00000000d0000000, 0x0000000100000000)
  region size 1024K, 1 young (1024K), 1 survivors (1024K)
 Metaspace       used 194820K, committed 196608K, reserved 360448K
  class space    used 24806K, committed 25984K, reserved 163840K
}
Event: 439.693 GC heap before
{Heap before GC invocations=611 (full 182):
 garbage-first heap   total 665600K, used 196328K [0x00000000d0000000, 0x0000000100000000)
  region size 1024K, 1 young (1024K), 1 survivors (1024K)
 Metaspace       used 194820K, committed 196608K, reserved 360448K
  class space    used 24806K, committed 25984K, reserved 163840K
}
Event: 439.842 GC heap after
{Heap after GC invocations=612 (full 183):
 garbage-first heap   total 665600K, used 196303K [0x00000000d0000000, 0x0000000100000000)
  region size 1024K, 0 young (0K), 0 survivors (0K)
 Metaspace       used 194820K, committed 196608K, reserved 360448K
  class space    used 24806K, committed 25984K, reserved 163840K
}
Event: 439.842 GC heap before
{Heap before GC invocations=612 (full 183):
 garbage-first heap   total 665600K, used 196303K [0x00000000d0000000, 0x0000000100000000)
  region size 1024K, 0 young (0K), 0 survivors (0K)
 Metaspace       used 194820K, committed 196608K, reserved 360448K
  class space    used 24806K, committed 25984K, reserved 163840K
}
Event: 439.967 GC heap after
{Heap after GC invocations=613 (full 184):
 garbage-first heap   total 665600K, used 196242K [0x00000000d0000000, 0x0000000100000000)
  region size 1024K, 0 young (0K), 0 survivors (0K)
 Metaspace       used 194820K, committed 196608K, reserved 360448K
  class space    used 24806K, committed 25984K, reserved 163840K
}
Event: 439.969 GC heap before
{Heap before GC invocations=613 (full 184):
 garbage-first heap   total 665600K, used 196242K [0x00000000d0000000, 0x0000000100000000)
  region size 1024K, 1 young (1024K), 0 survivors (0K)
 Metaspace       used 194820K, committed 196608K, reserved 360448K
  class space    used 24806K, committed 25984K, reserved 163840K
}
Event: 439.971 GC heap after
{Heap after GC invocations=614 (full 184):
 garbage-first heap   total 665600K, used 196255K [0x00000000d0000000, 0x0000000100000000)
  region size 1024K, 1 young (1024K), 1 survivors (1024K)
 Metaspace       used 194820K, committed 196608K, reserved 360448K
  class space    used 24806K, committed 25984K, reserved 163840K
}
Event: 439.971 GC heap before
{Heap before GC invocations=614 (full 184):
 garbage-first heap   total 665600K, used 196255K [0x00000000d0000000, 0x0000000100000000)
  region size 1024K, 1 young (1024K), 1 survivors (1024K)
 Metaspace       used 194820K, committed 196608K, reserved 360448K
  class space    used 24806K, committed 25984K, reserved 163840K
}
Event: 440.082 GC heap after
{Heap after GC invocations=615 (full 185):
 garbage-first heap   total 665600K, used 196242K [0x00000000d0000000, 0x0000000100000000)
  region size 1024K, 0 young (0K), 0 survivors (0K)
 Metaspace       used 194820K, committed 196608K, reserved 360448K
  class space    used 24806K, committed 25984K, reserved 163840K
}
Event: 440.083 GC heap before
{Heap before GC invocations=615 (full 185):
 garbage-first heap   total 665600K, used 196242K [0x00000000d0000000, 0x0000000100000000)
  region size 1024K, 0 young (0K), 0 survivors (0K)
 Metaspace       used 194820K, committed 196608K, reserved 360448K
  class space    used 24806K, committed 25984K, reserved 163840K
}
Event: 440.187 GC heap after
{Heap after GC invocations=616 (full 186):
 garbage-first heap   total 665600K, used 196242K [0x00000000d0000000, 0x0000000100000000)
  region size 1024K, 0 young (0K), 0 survivors (0K)
 Metaspace       used 194820K, committed 196608K, reserved 360448K
  class space    used 24806K, committed 25984K, reserved 163840K
}
Event: 444.686 GC heap before
{Heap before GC invocations=616 (full 186):
 garbage-first heap   total 665600K, used 196242K [0x00000000d0000000, 0x0000000100000000)
  region size 1024K, 1 young (1024K), 0 survivors (0K)
 Metaspace       used 194820K, committed 196608K, reserved 360448K
  class space    used 24806K, committed 25984K, reserved 163840K
}
Event: 444.690 GC heap after
{Heap after GC invocations=617 (full 186):
 garbage-first heap   total 665600K, used 196327K [0x00000000d0000000, 0x0000000100000000)
  region size 1024K, 1 young (1024K), 1 survivors (1024K)
 Metaspace       used 194820K, committed 196608K, reserved 360448K
  class space    used 24806K, committed 25984K, reserved 163840K
}
Event: 444.690 GC heap before
{Heap before GC invocations=617 (full 186):
 garbage-first heap   total 665600K, used 196327K [0x00000000d0000000, 0x0000000100000000)
  region size 1024K, 1 young (1024K), 1 survivors (1024K)
 Metaspace       used 194820K, committed 196608K, reserved 360448K
  class space    used 24806K, committed 25984K, reserved 163840K
}
Event: 444.796 GC heap after
{Heap after GC invocations=618 (full 187):
 garbage-first heap   total 665600K, used 196303K [0x00000000d0000000, 0x0000000100000000)
  region size 1024K, 0 young (0K), 0 survivors (0K)
 Metaspace       used 194820K, committed 196608K, reserved 360448K
  class space    used 24806K, committed 25984K, reserved 163840K
}
Event: 444.796 GC heap before
{Heap before GC invocations=618 (full 187):
 garbage-first heap   total 665600K, used 196303K [0x00000000d0000000, 0x0000000100000000)
  region size 1024K, 0 young (0K), 0 survivors (0K)
 Metaspace       used 194820K, committed 196608K, reserved 360448K
  class space    used 24806K, committed 25984K, reserved 163840K
}
Event: 444.882 GC heap after
{Heap after GC invocations=619 (full 188):
 garbage-first heap   total 665600K, used 196242K [0x00000000d0000000, 0x0000000100000000)
  region size 1024K, 0 young (0K), 0 survivors (0K)
 Metaspace       used 194820K, committed 196608K, reserved 360448K
  class space    used 24806K, committed 25984K, reserved 163840K
}
Event: 444.885 GC heap before
{Heap before GC invocations=619 (full 188):
 garbage-first heap   total 665600K, used 196242K [0x00000000d0000000, 0x0000000100000000)
  region size 1024K, 1 young (1024K), 0 survivors (0K)
 Metaspace       used 194820K, committed 196608K, reserved 360448K
  class space    used 24806K, committed 25984K, reserved 163840K
}

Dll operation events (15 events):
Event: 0.012 Loaded shared library C:\Users\vsing\.vscode\extensions\redhat.java-1.54.0-win32-x64\jre\21.0.10-win32-x86_64\bin\java.dll
Event: 0.075 Loaded shared library C:\Users\vsing\.vscode\extensions\redhat.java-1.54.0-win32-x64\jre\21.0.10-win32-x86_64\bin\zip.dll
Event: 0.098 Loaded shared library C:\Users\vsing\.vscode\extensions\redhat.java-1.54.0-win32-x64\jre\21.0.10-win32-x86_64\bin\instrument.dll
Event: 0.118 Loaded shared library C:\Users\vsing\.vscode\extensions\redhat.java-1.54.0-win32-x64\jre\21.0.10-win32-x86_64\bin\net.dll
Event: 0.149 Loaded shared library C:\Users\vsing\.vscode\extensions\redhat.java-1.54.0-win32-x64\jre\21.0.10-win32-x86_64\bin\nio.dll
Event: 0.154 Loaded shared library C:\Users\vsing\.vscode\extensions\redhat.java-1.54.0-win32-x64\jre\21.0.10-win32-x86_64\bin\zip.dll
Event: 0.814 Loaded shared library C:\Users\vsing\.vscode\extensions\redhat.java-1.54.0-win32-x64\jre\21.0.10-win32-x86_64\bin\jimage.dll
Event: 1.026 Loaded shared library C:\Users\vsing\.vscode\extensions\redhat.java-1.54.0-win32-x64\jre\21.0.10-win32-x86_64\bin\verify.dll
Event: 1.160 Loaded shared library C:\Users\vsing\.gradle\native\1def1411415f61bf3af743bc5b6707747c0891f09f0c88961ee8f79bc544acac\windows-amd64\native-platform.dll
Event: 1.218 Loaded shared library C:\Users\vsing\.gradle\native\0.2.7\x86_64-windows-gnu\gradle-fileevents.dll
Event: 2.120 Loaded shared library C:\Users\vsing\.vscode\extensions\redhat.java-1.54.0-win32-x64\jre\21.0.10-win32-x86_64\bin\management.dll
Event: 2.123 Loaded shared library C:\Users\vsing\.vscode\extensions\redhat.java-1.54.0-win32-x64\jre\21.0.10-win32-x86_64\bin\management_ext.dll
Event: 2.235 Loaded shared library C:\Users\vsing\.vscode\extensions\redhat.java-1.54.0-win32-x64\jre\21.0.10-win32-x86_64\bin\extnet.dll
Event: 2.423 Loaded shared library C:\Users\vsing\.vscode\extensions\redhat.java-1.54.0-win32-x64\jre\21.0.10-win32-x86_64\bin\sunmscapi.dll
Event: 87.645 Loaded shared library C:\Users\vsing\.vscode\extensions\redhat.java-1.54.0-win32-x64\jre\21.0.10-win32-x86_64\bin\rmi.dll

Deoptimization events (20 events):
Event: 175.486 Thread 0x000001b65ac06620 Uncommon trap: trap_request=0xffffffc6 fr.pc=0x000001b66717f5c0 relative=0x0000000000000740
Event: 175.486 Thread 0x000001b65ac06620 Uncommon trap: reason=bimorphic_or_optimized_type_check action=maybe_recompile pc=0x000001b66717f5c0 method=java.nio.channels.spi.AbstractInterruptibleChannel.close()V @ 23 c2
Event: 175.486 Thread 0x000001b65ac06620 DEOPT PACKING pc=0x000001b66717f5c0 sp=0x0000008a994feb10
Event: 175.486 Thread 0x000001b65ac06620 DEOPT UNPACKING pc=0x000001b6669b7ba2 sp=0x0000008a994feaf0 mode 2
Event: 385.829 Thread 0x000001b6099e1000 Uncommon trap: trap_request=0x00000068 fr.pc=0x000001b667541f00 relative=0x0000000000001500
Event: 385.830 Thread 0x000001b6099e1000 Uncommon trap: reason=unloaded action=reinterpret pc=0x000001b667541f00 method=jdk.internal.reflect.DirectMethodHandleAccessor.invoke(Ljava/lang/Object;[Ljava/lang/Object;)Ljava/lang/Object; @ 83 c2
Event: 385.830 Thread 0x000001b6099e1000 DEOPT PACKING pc=0x000001b667541f00 sp=0x0000008a993fece0
Event: 385.831 Thread 0x000001b6099e1000 DEOPT UNPACKING pc=0x000001b6669b7ba2 sp=0x0000008a993febb0 mode 2
Event: 415.434 Thread 0x000001b6090ca2a0 Uncommon trap: trap_request=0xffffffc6 fr.pc=0x000001b6677eadb0 relative=0x0000000000000a70
Event: 415.434 Thread 0x000001b6090ca2a0 Uncommon trap: reason=bimorphic_or_optimized_type_check action=maybe_recompile pc=0x000001b6677eadb0 method=java.util.stream.FindOps$FindOp.evaluateSequential(Ljava/util/stream/PipelineHelper;Ljava/util/Spliterator;)Ljava/lang/Object; @ 14 c2
Event: 415.435 Thread 0x000001b6090ca2a0 DEOPT PACKING pc=0x000001b6677eadb0 sp=0x0000008a991fa560
Event: 415.435 Thread 0x000001b6090ca2a0 DEOPT UNPACKING pc=0x000001b6669b7ba2 sp=0x0000008a991fa520 mode 2
Event: 420.284 Thread 0x000001b6090cafc0 Uncommon trap: trap_request=0xffffffc6 fr.pc=0x000001b6677eadb0 relative=0x0000000000000a70
Event: 420.284 Thread 0x000001b6090cafc0 Uncommon trap: reason=bimorphic_or_optimized_type_check action=maybe_recompile pc=0x000001b6677eadb0 method=java.util.stream.FindOps$FindOp.evaluateSequential(Ljava/util/stream/PipelineHelper;Ljava/util/Spliterator;)Ljava/lang/Object; @ 14 c2
Event: 420.284 Thread 0x000001b6090cafc0 DEOPT PACKING pc=0x000001b6677eadb0 sp=0x0000008a992fa740
Event: 420.284 Thread 0x000001b6090cafc0 DEOPT UNPACKING pc=0x000001b6669b7ba2 sp=0x0000008a992fa700 mode 2
Event: 430.244 Thread 0x000001b6090cbce0 Uncommon trap: trap_request=0xffffffc6 fr.pc=0x000001b6677eadb0 relative=0x0000000000000a70
Event: 430.244 Thread 0x000001b6090cbce0 Uncommon trap: reason=bimorphic_or_optimized_type_check action=maybe_recompile pc=0x000001b6677eadb0 method=java.util.stream.FindOps$FindOp.evaluateSequential(Ljava/util/stream/PipelineHelper;Ljava/util/Spliterator;)Ljava/lang/Object; @ 14 c2
Event: 430.244 Thread 0x000001b6090cbce0 DEOPT PACKING pc=0x000001b6677eadb0 sp=0x0000008a991fa840
Event: 430.244 Thread 0x000001b6090cbce0 DEOPT UNPACKING pc=0x000001b6669b7ba2 sp=0x0000008a991fa800 mode 2

Classes loaded (20 events):
Event: 175.673 Loading class java/nio/channels/AsynchronousCloseException
Event: 175.674 Loading class java/nio/channels/AsynchronousCloseException done
Event: 415.247 Loading class java/lang/StackStreamFactory
Event: 415.301 Loading class java/lang/StackStreamFactory done
Event: 415.303 Loading class java/lang/StackWalker$ExtendedOption
Event: 415.311 Loading class java/lang/StackWalker$ExtendedOption done
Event: 415.311 Loading class java/lang/StackStreamFactory$StackFrameTraverser
Event: 415.336 Loading class java/lang/StackStreamFactory$StackFrameTraverser done
Event: 415.337 Loading class java/lang/StackStreamFactory$WalkerState
Event: 415.340 Loading class java/lang/StackStreamFactory$WalkerState done
Event: 415.341 Loading class java/lang/StackStreamFactory$StackFrameTraverser$StackFrameBuffer
Event: 415.357 Loading class java/lang/StackStreamFactory$FrameBuffer
Event: 415.368 Loading class java/lang/StackStreamFactory$FrameBuffer done
Event: 415.368 Loading class java/lang/StackStreamFactory$StackFrameTraverser$StackFrameBuffer done
Event: 415.375 Loading class java/util/stream/SliceOps
Event: 415.414 Loading class java/util/stream/SliceOps done
Event: 415.414 Loading class java/util/stream/SliceOps$1
Event: 415.434 Loading class java/util/stream/SliceOps$1 done
Event: 415.435 Loading class java/util/stream/SliceOps$1$1
Event: 415.438 Loading class java/util/stream/SliceOps$1$1 done

Classes unloaded (20 events):
Event: 160.591 Thread 0x000001b6727b2580 Unloading class 0x000001b674744400 'java/lang/invoke/LambdaForm$MH+0x000001b674744400'
Event: 160.987 Thread 0x000001b6727b2580 Unloading class 0x000001b674f58800 'java/lang/invoke/LambdaForm$MH+0x000001b674f58800'
Event: 160.987 Thread 0x000001b6727b2580 Unloading class 0x000001b674f54400 'java/lang/invoke/LambdaForm$BMH+0x000001b674f54400'
Event: 160.987 Thread 0x000001b6727b2580 Unloading class 0x000001b674f50c00 'java/lang/invoke/LambdaForm$MH+0x000001b674f50c00'
Event: 160.987 Thread 0x000001b6727b2580 Unloading class 0x000001b674f49000 'java/lang/invoke/LambdaForm$MH+0x000001b674f49000'
Event: 160.987 Thread 0x000001b6727b2580 Unloading class 0x000001b674733c00 'java/lang/invoke/LambdaForm$MH+0x000001b674733c00'
Event: 160.987 Thread 0x000001b6727b2580 Unloading class 0x000001b674731400 'java/lang/invoke/LambdaForm$MH+0x000001b674731400'
Event: 160.987 Thread 0x000001b6727b2580 Unloading class 0x000001b6754a2800 'org/gradle/api/internal/tasks/DefaultTaskContainer_Decorated$register'
Event: 160.987 Thread 0x000001b6727b2580 Unloading class 0x000001b674744800 'java/lang/invoke/LambdaForm$MH+0x000001b674744800'
Event: 160.987 Thread 0x000001b6727b2580 Unloading class 0x000001b67498e000 'java/lang/invoke/LambdaForm$MH+0x000001b67498e000'
Event: 160.987 Thread 0x000001b6727b2580 Unloading class 0x000001b67498f000 'java/lang/invoke/LambdaForm$MH+0x000001b67498f000'
Event: 160.987 Thread 0x000001b6727b2580 Unloading class 0x000001b674bf1c00 'java/lang/invoke/LambdaForm$MH+0x000001b674bf1c00'
Event: 160.987 Thread 0x000001b6727b2580 Unloading class 0x000001b674bf8800 'java/lang/invoke/LambdaForm$MH+0x000001b674bf8800'
Event: 160.987 Thread 0x000001b6727b2580 Unloading class 0x000001b674e38000 'java/lang/invoke/LambdaForm$MH+0x000001b674e38000'
Event: 160.987 Thread 0x000001b6727b2580 Unloading class 0x000001b6754a4800 'org/gradle/api/NamedDomainObjectCollection$findByName'
Event: 160.987 Thread 0x000001b6727b2580 Unloading class 0x000001b67498c800 'java/lang/invoke/LambdaForm$MH+0x000001b67498c800'
Event: 160.987 Thread 0x000001b6727b2580 Unloading class 0x000001b674958000 'java/lang/invoke/LambdaForm$MH+0x000001b674958000'
Event: 160.987 Thread 0x000001b6727b2580 Unloading class 0x000001b6754b4800 'org/gradle/api/Project$hasProperty'
Event: 162.649 Thread 0x000001b6727b2580 Unloading class 0x000001b674f58800 'java/lang/invoke/LambdaForm$MH+0x000001b674f58800'
Event: 162.951 Thread 0x000001b6727b2580 Unloading class 0x000001b6757c0400 'java/lang/invoke/LambdaForm$MH+0x000001b6757c0400'

Classes redefined (0 events):
No events

Internal exceptions (20 events):
Event: 415.215 Thread 0x000001b6099e1000 Exception <a 'java/lang/OutOfMemoryError'{0x00000000d0573470}> (0x00000000d0573470) 
thrown [s\src\hotspot\share\memory\metaspace.cpp, line 1003]
Event: 415.612 Thread 0x000001b6090ca2a0 Exception <a 'java/lang/OutOfMemoryError'{0x00000000d0573470}> (0x00000000d0573470) 
thrown [s\src\hotspot\share\memory\metaspace.cpp, line 1003]
Event: 415.801 Thread 0x000001b6090ca2a0 Exception <a 'java/lang/OutOfMemoryError'{0x00000000d0573470}> (0x00000000d0573470) 
thrown [s\src\hotspot\share\memory\metaspace.cpp, line 1003]
Event: 419.861 Thread 0x000001b6099e1000 Exception <a 'java/lang/OutOfMemoryError'{0x00000000d0573470}> (0x00000000d0573470) 
thrown [s\src\hotspot\share\memory\metaspace.cpp, line 1003]
Event: 420.044 Thread 0x000001b6099e1000 Exception <a 'java/lang/OutOfMemoryError'{0x00000000d0573470}> (0x00000000d0573470) 
thrown [s\src\hotspot\share\memory\metaspace.cpp, line 1003]
Event: 420.283 Thread 0x000001b6090cafc0 Exception <a 'java/lang/OutOfMemoryError'{0x00000000d0573470}> (0x00000000d0573470) 
thrown [s\src\hotspot\share\memory\metaspace.cpp, line 1003]
Event: 420.461 Thread 0x000001b6090cafc0 Exception <a 'java/lang/OutOfMemoryError'{0x00000000d0573470}> (0x00000000d0573470) 
thrown [s\src\hotspot\share\memory\metaspace.cpp, line 1003]
Event: 420.630 Thread 0x000001b6090cafc0 Exception <a 'java/lang/OutOfMemoryError'{0x00000000d0573470}> (0x00000000d0573470) 
thrown [s\src\hotspot\share\memory\metaspace.cpp, line 1003]
Event: 424.866 Thread 0x000001b6099e1000 Exception <a 'java/lang/OutOfMemoryError'{0x00000000d0573470}> (0x00000000d0573470) 
thrown [s\src\hotspot\share\memory\metaspace.cpp, line 1003]
Event: 425.041 Thread 0x000001b6099e1000 Exception <a 'java/lang/OutOfMemoryError'{0x00000000d0573470}> (0x00000000d0573470) 
thrown [s\src\hotspot\share\memory\metaspace.cpp, line 1003]
Event: 429.869 Thread 0x000001b6099e1000 Exception <a 'java/lang/OutOfMemoryError'{0x00000000d0573470}> (0x00000000d0573470) 
thrown [s\src\hotspot\share\memory\metaspace.cpp, line 1003]
Event: 430.052 Thread 0x000001b6099e1000 Exception <a 'java/lang/OutOfMemoryError'{0x00000000d0573470}> (0x00000000d0573470) 
thrown [s\src\hotspot\share\memory\metaspace.cpp, line 1003]
Event: 430.244 Thread 0x000001b6090cbce0 Exception <a 'java/lang/OutOfMemoryError'{0x00000000d0573470}> (0x00000000d0573470) 
thrown [s\src\hotspot\share\memory\metaspace.cpp, line 1003]
Event: 430.444 Thread 0x000001b6090cbce0 Exception <a 'java/lang/OutOfMemoryError'{0x00000000d0573470}> (0x00000000d0573470) 
thrown [s\src\hotspot\share\memory\metaspace.cpp, line 1003]
Event: 430.615 Thread 0x000001b6090cbce0 Exception <a 'java/lang/OutOfMemoryError'{0x00000000d0573470}> (0x00000000d0573470) 
thrown [s\src\hotspot\share\memory\metaspace.cpp, line 1003]
Event: 434.871 Thread 0x000001b6099e1000 Exception <a 'java/lang/OutOfMemoryError'{0x00000000d0573470}> (0x00000000d0573470) 
thrown [s\src\hotspot\share\memory\metaspace.cpp, line 1003]
Event: 435.042 Thread 0x000001b6099e1000 Exception <a 'java/lang/OutOfMemoryError'{0x00000000d0573470}> (0x00000000d0573470) 
thrown [s\src\hotspot\share\memory\metaspace.cpp, line 1003]
Event: 439.968 Thread 0x000001b6099e1000 Exception <a 'java/lang/OutOfMemoryError'{0x00000000d0573470}> (0x00000000d0573470) 
thrown [s\src\hotspot\share\memory\metaspace.cpp, line 1003]
Event: 440.187 Thread 0x000001b6099e1000 Exception <a 'java/lang/OutOfMemoryError'{0x00000000d0573470}> (0x00000000d0573470) 
thrown [s\src\hotspot\share\memory\metaspace.cpp, line 1003]
Event: 444.882 Thread 0x000001b6099e1000 Exception <a 'java/lang/OutOfMemoryError'{0x00000000d0573470}> (0x00000000d0573470) 
thrown [s\src\hotspot\share\memory\metaspace.cpp, line 1003]

ZGC Phase Switch (0 events):
No events

VM Operations (20 events):
Event: 429.869 Executing safepoint VM operation: CollectForMetadataAllocation (Metadata GC Threshold) done
Event: 429.869 Executing safepoint VM operation: CollectForMetadataAllocation (Metadata GC Threshold)
Event: 430.052 Executing safepoint VM operation: CollectForMetadataAllocation (Metadata GC Threshold) done
Event: 430.053 Executing safepoint VM operation: CollectForMetadataAllocation (Metadata GC Threshold)
Event: 430.244 Executing safepoint VM operation: CollectForMetadataAllocation (Metadata GC Threshold) done
Event: 430.245 Executing safepoint VM operation: CollectForMetadataAllocation (Metadata GC Threshold)
Event: 430.442 Executing safepoint VM operation: CollectForMetadataAllocation (Metadata GC Threshold) done
Event: 430.444 Executing safepoint VM operation: CollectForMetadataAllocation (Metadata GC Threshold)
Event: 430.615 Executing safepoint VM operation: CollectForMetadataAllocation (Metadata GC Threshold) done
Event: 434.689 Executing safepoint VM operation: CollectForMetadataAllocation (Metadata GC Threshold)
Event: 434.868 Executing safepoint VM operation: CollectForMetadataAllocation (Metadata GC Threshold) done
Event: 434.872 Executing safepoint VM operation: CollectForMetadataAllocation (Metadata GC Threshold)
Event: 435.042 Executing safepoint VM operation: CollectForMetadataAllocation (Metadata GC Threshold) done
Event: 439.690 Executing safepoint VM operation: CollectForMetadataAllocation (Metadata GC Threshold)
Event: 439.967 Executing safepoint VM operation: CollectForMetadataAllocation (Metadata GC Threshold) done
Event: 439.969 Executing safepoint VM operation: CollectForMetadataAllocation (Metadata GC Threshold)
Event: 440.187 Executing safepoint VM operation: CollectForMetadataAllocation (Metadata GC Threshold) done
Event: 444.686 Executing safepoint VM operation: CollectForMetadataAllocation (Metadata GC Threshold)
Event: 444.882 Executing safepoint VM operation: CollectForMetadataAllocation (Metadata GC Threshold) done
Event: 444.885 Executing safepoint VM operation: CollectForMetadataAllocation (Metadata GC Threshold)

Memory protections (0 events):
No events

Nmethod flushes (20 events):
Event: 410.878 Thread 0x000001b6727b2580 flushing  nmethod 0x000001b6672ca390
Event: 410.878 Thread 0x000001b6727b2580 flushing  nmethod 0x000001b6672ca690
Event: 410.878 Thread 0x000001b6727b2580 flushing  nmethod 0x000001b667452d10
Event: 410.883 Thread 0x000001b6727b2580 flushing  nmethod 0x000001b66753b590
Event: 410.883 Thread 0x000001b6727b2580 flushing  nmethod 0x000001b667588010
Event: 410.883 Thread 0x000001b6727b2580 flushing  nmethod 0x000001b667590e10
Event: 410.883 Thread 0x000001b6727b2580 flushing  nmethod 0x000001b667592a90
Event: 410.883 Thread 0x000001b6727b2580 flushing  nmethod 0x000001b667596390
Event: 410.884 Thread 0x000001b6727b2580 flushing  nmethod 0x000001b667597810
Event: 410.885 Thread 0x000001b6727b2580 flushing  nmethod 0x000001b6675b3510
Event: 410.885 Thread 0x000001b6727b2580 flushing  nmethod 0x000001b6675bae10
Event: 410.885 Thread 0x000001b6727b2580 flushing  nmethod 0x000001b660a78710
Event: 410.885 Thread 0x000001b6727b2580 flushing  nmethod 0x000001b660b58f90
Event: 410.885 Thread 0x000001b6727b2580 flushing  nmethod 0x000001b660d22690
Event: 410.885 Thread 0x000001b6727b2580 flushing  nmethod 0x000001b6622cdc10
Event: 410.885 Thread 0x000001b6727b2580 flushing  nmethod 0x000001b667519610
Event: 410.885 Thread 0x000001b6727b2580 flushing  nmethod 0x000001b667a30410
Event: 410.886 Thread 0x000001b6727b2580 flushing  nmethod 0x000001b667a3ac10
Event: 410.886 Thread 0x000001b6727b2580 flushing  nmethod 0x000001b667a85e90
Event: 439.929 Thread 0x000001b6727b2580 flushing  nmethod 0x000001b65fa80910

Events (20 events):
Event: 179.155 Thread 0x000001b6072110b0 Thread exited: 0x000001b6072110b0
Event: 188.641 Thread 0x000001b60bb8df80 Thread exited: 0x000001b60bb8df80
Event: 195.877 Thread 0x000001b6090cf7f0 Thread exited: 0x000001b6090cf7f0
Event: 200.822 Thread 0x000001b60bb890c0 Thread exited: 0x000001b60bb890c0
Event: 204.619 Thread 0x000001b6090d3300 Thread exited: 0x000001b6090d3300
Event: 207.239 Thread 0x000001b6077b6a50 Thread exited: 0x000001b6077b6a50
Event: 234.080 Thread 0x000001b67f7bd3d0 Thread exited: 0x000001b67f7bd3d0
Event: 260.830 Thread 0x000001b606f22e70 Thread exited: 0x000001b606f22e70
Event: 320.832 Thread 0x000001b606f227e0 Thread exited: 0x000001b606f227e0
Event: 380.844 Thread 0x000001b60bb8c540 Thread exited: 0x000001b60bb8c540
Event: 405.079 Thread 0x000001b6727f7450 Thread added: 0x000001b607210310
Event: 410.920 Thread 0x000001b607210310 Thread exited: 0x000001b607210310
Event: 414.642 Thread 0x000001b6090cd720 Thread added: 0x000001b6090ca2a0
Event: 415.613 Thread 0x000001b6090ca2a0 Thread added: 0x000001b6090cafc0
Event: 415.802 Thread 0x000001b6090ca2a0 Thread exited: 0x000001b6090ca2a0
Event: 420.461 Thread 0x000001b6090cafc0 Thread added: 0x000001b6090cbce0
Event: 420.630 Thread 0x000001b6090cafc0 Thread exited: 0x000001b6090cafc0
Event: 430.444 Thread 0x000001b6090cbce0 Thread added: 0x000001b6090c9580
Event: 430.616 Thread 0x000001b6090cbce0 Thread exited: 0x000001b6090cbce0
Event: 440.860 Thread 0x000001b60bb8cbd0 Thread exited: 0x000001b60bb8cbd0


Dynamic libraries:
0x00007ff747c10000 - 0x00007ff747c1e000 	C:\Users\vsing\.vscode\extensions\redhat.java-1.54.0-win32-x64\jre\21.0.10-win32-x86_64\bin\java.exe
0x00007ffdff480000 - 0x00007ffdff6e7000 	C:\WINDOWS\SYSTEM32\ntdll.dll
0x00007ffdfdbe0000 - 0x00007ffdfdca9000 	C:\WINDOWS\System32\KERNEL32.DLL
0x00007ffdfc240000 - 0x00007ffdfc637000 	C:\WINDOWS\System32\KERNELBASE.dll
0x00007ffdfbeb0000 - 0x00007ffdfbffb000 	C:\WINDOWS\System32\ucrtbase.dll
0x00007ffdc4c10000 - 0x00007ffdc4c2e000 	C:\Users\vsing\.vscode\extensions\redhat.java-1.54.0-win32-x64\jre\21.0.10-win32-x86_64\bin\VCRUNTIME140.dll
0x00007ffdb5ca0000 - 0x00007ffdb5cb8000 	C:\Users\vsing\.vscode\extensions\redhat.java-1.54.0-win32-x64\jre\21.0.10-win32-x86_64\bin\jli.dll
0x00007ffdff1e0000 - 0x00007ffdff3a6000 	C:\WINDOWS\System32\USER32.dll
0x00007ffdfc210000 - 0x00007ffdfc237000 	C:\WINDOWS\System32\win32u.dll
0x00007ffdd9810000 - 0x00007ffdd9aa2000 	C:\WINDOWS\WinSxS\amd64_microsoft.windows.common-controls_6595b64144ccf1df_6.0.26100.8457_none_3e0b2faee331e92d\COMCTL32.dll
0x00007ffdfd930000 - 0x00007ffdfd95b000 	C:\WINDOWS\System32\GDI32.dll
0x00007ffdfd7b0000 - 0x00007ffdfd859000 	C:\WINDOWS\System32\msvcrt.dll
0x00007ffdfc7a0000 - 0x00007ffdfc8cc000 	C:\WINDOWS\System32\gdi32full.dll
0x00007ffdfc6f0000 - 0x00007ffdfc793000 	C:\WINDOWS\System32\msvcp_win.dll
0x00007ffdfedc0000 - 0x00007ffdfedf2000 	C:\WINDOWS\System32\IMM32.DLL
0x00007ffdf4850000 - 0x00007ffdf485c000 	C:\Users\vsing\.vscode\extensions\redhat.java-1.54.0-win32-x64\jre\21.0.10-win32-x86_64\bin\vcruntime140_1.dll
0x00007ffd8e6b0000 - 0x00007ffd8e73d000 	C:\Users\vsing\.vscode\extensions\redhat.java-1.54.0-win32-x64\jre\21.0.10-win32-x86_64\bin\msvcp140.dll
0x00007ffd3af50000 - 0x00007ffd3bcf1000 	C:\Users\vsing\.vscode\extensions\redhat.java-1.54.0-win32-x64\jre\21.0.10-win32-x86_64\bin\server\jvm.dll
0x00007ffdfd860000 - 0x00007ffdfd916000 	C:\WINDOWS\System32\ADVAPI32.dll
0x00007ffdfed10000 - 0x00007ffdfedb7000 	C:\WINDOWS\System32\sechost.dll
0x00007ffdfd980000 - 0x00007ffdfda98000 	C:\WINDOWS\System32\RPCRT4.dll
0x00007ffdfd230000 - 0x00007ffdfd2b0000 	C:\WINDOWS\System32\WS2_32.dll
0x00007ffdfbd30000 - 0x00007ffdfbd8e000 	C:\WINDOWS\SYSTEM32\POWRPROF.dll
0x00007ffdf5830000 - 0x00007ffdf583b000 	C:\WINDOWS\SYSTEM32\VERSION.dll
0x00007ffded930000 - 0x00007ffded966000 	C:\WINDOWS\SYSTEM32\WINMM.dll
0x00007ffdfbd10000 - 0x00007ffdfbd24000 	C:\WINDOWS\SYSTEM32\UMPDC.dll
0x00007ffdfac10000 - 0x00007ffdfac2b000 	C:\WINDOWS\SYSTEM32\kernel.appcore.dll
0x00007ffdd8850000 - 0x00007ffdd885a000 	C:\Users\vsing\.vscode\extensions\redhat.java-1.54.0-win32-x64\jre\21.0.10-win32-x86_64\bin\jimage.dll
0x00007ffdf9ec0000 - 0x00007ffdfa102000 	C:\WINDOWS\SYSTEM32\DBGHELP.DLL
0x00007ffdfd2c0000 - 0x00007ffdfd643000 	C:\WINDOWS\System32\combase.dll
0x00007ffdfdaa0000 - 0x00007ffdfdb79000 	C:\WINDOWS\System32\OLEAUT32.dll
0x00007ffdda0d0000 - 0x00007ffdda10b000 	C:\WINDOWS\SYSTEM32\dbgcore.DLL
0x00007ffdfc640000 - 0x00007ffdfc6e8000 	C:\WINDOWS\System32\bcryptPrimitives.dll
0x00007ffde0ce0000 - 0x00007ffde0cef000 	C:\Users\vsing\.vscode\extensions\redhat.java-1.54.0-win32-x64\jre\21.0.10-win32-x86_64\bin\instrument.dll
0x00007ffdb1300000 - 0x00007ffdb1320000 	C:\Users\vsing\.vscode\extensions\redhat.java-1.54.0-win32-x64\jre\21.0.10-win32-x86_64\bin\java.dll
0x00007ffdfe4d0000 - 0x00007ffdfec3e000 	C:\WINDOWS\System32\SHELL32.dll
0x00007ffdfc990000 - 0x00007ffdfd1fc000 	C:\WINDOWS\System32\windows.storage.dll
0x00007ffdfefe0000 - 0x00007ffdff0d6000 	C:\WINDOWS\System32\SHCORE.dll
0x00007ffdff3b0000 - 0x00007ffdff416000 	C:\WINDOWS\System32\shlwapi.dll
0x00007ffdfbdd0000 - 0x00007ffdfbdf9000 	C:\WINDOWS\SYSTEM32\profapi.dll
0x00007ffd8e690000 - 0x00007ffd8e6a8000 	C:\Users\vsing\.vscode\extensions\redhat.java-1.54.0-win32-x64\jre\21.0.10-win32-x86_64\bin\zip.dll
0x00007ffdb1270000 - 0x00007ffdb1280000 	C:\Users\vsing\.vscode\extensions\redhat.java-1.54.0-win32-x64\jre\21.0.10-win32-x86_64\bin\net.dll
0x00007ffdf7160000 - 0x00007ffdf7289000 	C:\WINDOWS\SYSTEM32\WINHTTP.dll
0x00007ffdfb1b0000 - 0x00007ffdfb21c000 	C:\WINDOWS\system32\mswsock.dll
0x00007ffd8e670000 - 0x00007ffd8e686000 	C:\Users\vsing\.vscode\extensions\redhat.java-1.54.0-win32-x64\jre\21.0.10-win32-x86_64\bin\nio.dll
0x00007ffd8e660000 - 0x00007ffd8e670000 	C:\Users\vsing\.vscode\extensions\redhat.java-1.54.0-win32-x64\jre\21.0.10-win32-x86_64\bin\verify.dll
0x00007ffdd9fd0000 - 0x00007ffdd9ff7000 	C:\Users\vsing\.gradle\native\1def1411415f61bf3af743bc5b6707747c0891f09f0c88961ee8f79bc544acac\windows-amd64\native-platform.dll
0x00007ffd8f500000 - 0x00007ffd8f578000 	C:\Users\vsing\.gradle\native\0.2.7\x86_64-windows-gnu\gradle-fileevents.dll
0x00007ffde0d00000 - 0x00007ffde0d0a000 	C:\Users\vsing\.vscode\extensions\redhat.java-1.54.0-win32-x64\jre\21.0.10-win32-x86_64\bin\management.dll
0x00007ffde0cc0000 - 0x00007ffde0ccc000 	C:\Users\vsing\.vscode\extensions\redhat.java-1.54.0-win32-x64\jre\21.0.10-win32-x86_64\bin\management_ext.dll
0x00007ffdfd920000 - 0x00007ffdfd928000 	C:\WINDOWS\System32\PSAPI.DLL
0x00007ffdfa5b0000 - 0x00007ffdfa5e2000 	C:\WINDOWS\SYSTEM32\IPHLPAPI.DLL
0x00007ffdfde10000 - 0x00007ffdfde1a000 	C:\WINDOWS\System32\NSI.dll
0x00007ffdf5040000 - 0x00007ffdf5049000 	C:\Users\vsing\.vscode\extensions\redhat.java-1.54.0-win32-x64\jre\21.0.10-win32-x86_64\bin\extnet.dll
0x00007ffdfb490000 - 0x00007ffdfb4ab000 	C:\WINDOWS\SYSTEM32\CRYPTSP.dll
0x00007ffdfab70000 - 0x00007ffdfaba9000 	C:\WINDOWS\system32\rsaenh.dll
0x00007ffdfb260000 - 0x00007ffdfb293000 	C:\WINDOWS\SYSTEM32\USERENV.dll
0x00007ffdfbda0000 - 0x00007ffdfbdca000 	C:\WINDOWS\SYSTEM32\bcrypt.dll
0x00007ffdfb4b0000 - 0x00007ffdfb4bc000 	C:\WINDOWS\SYSTEM32\CRYPTBASE.dll
0x00007ffde0d10000 - 0x00007ffde0d1e000 	C:\Users\vsing\.vscode\extensions\redhat.java-1.54.0-win32-x64\jre\21.0.10-win32-x86_64\bin\sunmscapi.dll
0x00007ffdfc000000 - 0x00007ffdfc178000 	C:\WINDOWS\System32\CRYPT32.dll
0x00007ffdfb6b0000 - 0x00007ffdfb6e0000 	C:\WINDOWS\SYSTEM32\ncrypt.dll
0x00007ffdfb660000 - 0x00007ffdfb69f000 	C:\WINDOWS\SYSTEM32\NTASN1.dll
0x00007ffdd7e40000 - 0x00007ffdd7e48000 	C:\WINDOWS\system32\wshunix.dll
0x00007ffdfa5f0000 - 0x00007ffdfa722000 	C:\WINDOWS\SYSTEM32\DNSAPI.dll
0x00007ffdf5170000 - 0x00007ffdf517b000 	C:\Windows\System32\rasadhlp.dll
0x00007ffdf86c0000 - 0x00007ffdf8746000 	C:\WINDOWS\System32\fwpuclnt.dll
0x00007ffddda30000 - 0x00007ffddda37000 	C:\Users\vsing\.vscode\extensions\redhat.java-1.54.0-win32-x64\jre\21.0.10-win32-x86_64\bin\rmi.dll
0x00007ffdfad40000 - 0x00007ffdfad76000 	C:\WINDOWS\SYSTEM32\ntmarta.dll

JVMTI agents:
C:\Users\vsing\.gradle\wrapper\dists\gradle-8.14.3-bin\cv11ve7ro1n3o1j4so8xd9n66\gradle-8.14.3\lib\agents\gradle-instrumentation-agent-8.14.3.jar path:C:\Users\vsing\.vscode\extensions\redhat.java-1.54.0-win32-x64\jre\21.0.10-win32-x86_64\bin\instrument.dll, loaded, initialized, instrumentlib options:none

dbghelp: loaded successfully - version: 4.0.5 - missing functions: none
symbol engine: initialized successfully - sym options: 0x614 - pdb path: .;C:\Users\vsing\.vscode\extensions\redhat.java-1.54.0-win32-x64\jre\21.0.10-win32-x86_64\bin;C:\WINDOWS\SYSTEM32;C:\WINDOWS\WinSxS\amd64_microsoft.windows.common-controls_6595b64144ccf1df_6.0.26100.8457_none_3e0b2faee331e92d;C:\Users\vsing\.vscode\extensions\redhat.java-1.54.0-win32-x64\jre\21.0.10-win32-x86_64\bin\server;C:\Users\vsing\.gradle\native\1def1411415f61bf3af743bc5b6707747c0891f09f0c88961ee8f79bc544acac\windows-amd64;C:\Users\vsing\.gradle\native\0.2.7\x86_64-windows-gnu

VM Arguments:
jvm_args: --add-opens=java.base/java.lang=ALL-UNNAMED --add-opens=java.base/java.lang.invoke=ALL-UNNAMED --add-opens=java.base/java.util=ALL-UNNAMED --add-opens=java.prefs/java.util.prefs=ALL-UNNAMED --add-exports=jdk.compiler/com.sun.tools.javac.api=ALL-UNNAMED --add-exports=jdk.compiler/com.sun.tools.javac.util=ALL-UNNAMED --add-opens=java.base/java.util=ALL-UNNAMED --add-opens=java.prefs/java.util.prefs=ALL-UNNAMED --add-opens=java.base/java.nio.charset=ALL-UNNAMED --add-opens=java.base/java.net=ALL-UNNAMED --add-opens=java.base/java.util.concurrent.atomic=ALL-UNNAMED --add-opens=java.xml/javax.xml.namespace=ALL-UNNAMED -XX:MaxMetaspaceSize=192m -Xmx768m -Dfile.encoding=UTF-8 -Duser.country=IN -Duser.language=en -Duser.variant -javaagent:C:\Users\vsing\.gradle\wrapper\dists\gradle-8.14.3-bin\cv11ve7ro1n3o1j4so8xd9n66\gradle-8.14.3\lib\agents\gradle-instrumentation-agent-8.14.3.jar 
java_command: org.gradle.launcher.daemon.bootstrap.GradleDaemon 8.14.3
java_class_path (initial): C:\Users\vsing\.gradle\wrapper\dists\gradle-8.14.3-bin\cv11ve7ro1n3o1j4so8xd9n66\gradle-8.14.3\lib\gradle-daemon-main-8.14.3.jar
Launcher Type: SUN_STANDARD

[Global flags]
     intx CICompilerCount                          = 4                                         {product} {ergonomic}
   size_t CompressedClassSpaceSize                 = 167772160                                 {product} {ergonomic}
     uint ConcGCThreads                            = 2                                         {product} {ergonomic}
     uint G1ConcRefinementThreads                  = 8                                         {product} {ergonomic}
   size_t G1HeapRegionSize                         = 1048576                                   {product} {ergonomic}
    uintx GCDrainStackTargetSize                   = 64                                        {product} {ergonomic}
   size_t InitialHeapSize                          = 130023424                                 {product} {ergonomic}
   size_t MarkStackSize                            = 4194304                                   {product} {ergonomic}
   size_t MaxHeapSize                              = 805306368                                 {product} {command line}
   size_t MaxMetaspaceSize                         = 201326592                                 {product} {command line}
   size_t MaxNewSize                               = 482344960                                 {product} {ergonomic}
   size_t MinHeapDeltaBytes                        = 1048576                                   {product} {ergonomic}
   size_t MinHeapSize                              = 8388608                                   {product} {ergonomic}
    uintx NonNMethodCodeHeapSize                   = 5839372                                {pd product} {ergonomic}
    uintx NonProfiledCodeHeapSize                  = 122909434                              {pd product} {ergonomic}
    uintx ProfiledCodeHeapSize                     = 122909434                              {pd product} {ergonomic}
    uintx ReservedCodeCacheSize                    = 251658240                              {pd product} {ergonomic}
     bool SegmentedCodeCache                       = true                                      {product} {ergonomic}
   size_t SoftMaxHeapSize                          = 805306368                              {manageable} {ergonomic}
     bool UseCompressedOops                        = true                           {product lp64_product} {ergonomic}
     bool UseG1GC                                  = true                                      {product} {ergonomic}
     bool UseLargePagesIndividualAllocation        = false                                  {pd product} {ergonomic}

Logging:
Log output configuration:
 #0: stdout all=warning uptime,level,tags foldmultilines=false
 #1: stderr all=off uptime,level,tags foldmultilines=false

Release file:
JAVA_VERSION="21.0.10" 
MODULES="java.base java.compiler java.datatransfer java.xml java.prefs java.desktop java.instrument java.logging java.management java.security.sasl java.naming java.rmi java.management.rmi java.net.http java.scripting java.security.jgss java.transaction.xa java.sql java.sql.rowset java.xml.crypto java.se java.smartcardio jdk.accessibility jdk.internal.jvmstat jdk.attach jdk.charsets jdk.internal.opt jdk.zipfs jdk.compiler jdk.crypto.ec jdk.crypto.cryptoki jdk.crypto.mscapi jdk.dynalink jdk.internal.ed jdk.editpad jdk.hotspot.agent jdk.httpserver jdk.internal.le jdk.internal.vm.ci jdk.internal.vm.compiler jdk.internal.vm.compiler.management jdk.jartool jdk.javadoc jdk.jcmd jdk.management jdk.management.agent jdk.jconsole jdk.jdeps jdk.jdwp.agent jdk.jdi jdk.jfr jdk.jshell jdk.jsobject jdk.jstatd jdk.localedata jdk.management.jfr jdk.naming.dns jdk.naming.rmi jdk.net jdk.nio.mapmode jdk.random jdk.sctp jdk.security.auth jdk.security.jgss jdk.unsupported jdk.unsupported.desktop jdk.xml.dom" 

Environment Variables:
JAVA_HOME=C:\Program Files\OpenLogic\jdk-17.0.18.8-hotspot
PATH=C:\Program Files\OpenLogic\jdk-17.0.18.8-hotspot\bin;C:\WINDOWS\system32;C:\WINDOWS;C:\WINDOWS\System32\Wbem;C:\WINDOWS\System32\WindowsPowerShell\v1.0\;C:\WINDOWS\System32\OpenSSH\;C:\WINDOWS\system32;C:\WINDOWS;C:\WINDOWS\System32\Wbem;C:\WINDOWS\System32\WindowsPowerShell\v1.0\;C:\WINDOWS\System32\OpenSSH\;C:\ProgramData\chocolatey\bin;C:\Users\vsing\AppData\Local\Android\Sdk\platform-tools;C:\Users\vsing\AppData\Local\Android\Sdk\emulator;C:\Users\vsing\AppData\Local\Android\Sdk\build-tools;C:\Users\vsing\AppData\Local\Android\Sdk\platforms;C:\Users\vsing\AppData\Local\Android\Sdk;C:\Program Files\OpenLogic\jdk-17.0.18.8-hotspot;C:\Program Files\nodejs\;D:\Git\bin;C:\Users\vsing\AppData\Local\Microsoft\WindowsApps;C:\Users\vsing\AppData\Local\Programs\Microsoft VS Code\bin;C:\Users\vsing\AppData\Local\Android\Sdk\platform-tools;C:\Users\vsing\AppData\Local\Android\Sdk\emulator;C:\Users\vsing\AppData\Local\Android\Sdk\build-tools;C:\Users\vsing\AppData\Local\Android\Sdk\platforms;C:\Users\vsing\AppData\Local\Android\Sdk;C:\Program Files\OpenLogic\jdk-17.0.18.8-hotspot;C:\Program Files\OpenLogic\jdk-17.0.18.8-hotspot\bin;C:\Program Files\nodejs;C:\Users\vsing\AppData\Roaming\npm;D:\Git\bin;C:\Users\vsing\AppData\Local\Programs\Antigravity\bin;C:\Users\vsing\AppData\Local\Programs\cursor\resources\app\bin
USERNAME=vsing
OS=Windows_NT
PROCESSOR_IDENTIFIER=Intel64 Family 6 Model 140 Stepping 1, GenuineIntel
TMP=C:\Users\vsing\AppData\Local\Temp
TEMP=C:\Users\vsing\AppData\Local\Temp




Periodic native trim disabled

---------------  S Y S T E M  ---------------

OS:
 Windows 11 , 64 bit Build 26100 (10.0.26100.8328)
OS uptime: 1 days 3:29 hours
Hyper-V role detected

CPU: total 8 (initial active 8) (4 cores per cpu, 2 threads per core) family 6 model 140 stepping 1 microcode 0xb4, cx8, cmov, fxsr, ht, mmx, 3dnowpref, sse, sse2, sse3, ssse3, sse4.1, sse4.2, popcnt, lzcnt, tsc, tscinvbit, avx, avx2, aes, erms, clmul, bmi1, bmi2, adx, avx512f, avx512dq, avx512cd, avx512bw, avx512vl, sha, fma, vzeroupper, avx512_vpopcntdq, avx512_vpclmulqdq, avx512_vaes, avx512_vnni, clflush, clflushopt, clwb, avx512_vbmi2, avx512_vbmi, hv, rdtscp, rdpid, fsrm, gfni, avx512_bitalg, f16c, cet_ibt, cet_ss, avx512_ifma
Processor Information for processor 0
  Max Mhz: 2001, Current Mhz: 1200, Mhz Limit: 2001
Processor Information for processor 1
  Max Mhz: 2001, Current Mhz: 2001, Mhz Limit: 2001
Processor Information for processor 2
  Max Mhz: 2001, Current Mhz: 2001, Mhz Limit: 2001
Processor Information for processor 3
  Max Mhz: 2001, Current Mhz: 1200, Mhz Limit: 2001
Processor Information for processor 4
  Max Mhz: 2001, Current Mhz: 1200, Mhz Limit: 2001
Processor Information for processor 5
  Max Mhz: 2001, Current Mhz: 1200, Mhz Limit: 2001
Processor Information for processor 6
  Max Mhz: 2001, Current Mhz: 1200, Mhz Limit: 2001
Processor Information for processor 7
  Max Mhz: 2001, Current Mhz: 2001, Mhz Limit: 2001

Memory: 4k page, system-wide physical 7834M (1510M free)
TotalPageFile size 26973M (AvailPageFile size 3M)
current process WorkingSet (physical memory assigned to process): 251M, peak: 796M
current process commit charge ("private bytes"): 1173M, peak: 1248M

vm_info: OpenJDK 64-Bit Server VM (21.0.10+7-LTS) for windows-amd64 JRE (21.0.10+7-LTS), built on 2026-01-20T00:00:00Z by "admin" with MS VC++ 17.12 (VS2022)

END.
