#
# There is insufficient memory for the Java Runtime Environment to continue.
# Native memory allocation (malloc) failed to allocate 1094576 bytes. Error detail: Chunk::new
# Possible reasons:
#   The system is out of physical RAM or swap space
#   This process is running with CompressedOops enabled, and the Java Heap may be blocking the growth of the native heap
# Possible solutions:
#   Reduce memory load on the system
#   Increase physical memory or swap space
#   Check if swap backing store is full
#   Decrease Java heap size (-Xmx/-Xms)
#   Decrease number of Java threads
#   Decrease Java thread stack sizes (-Xss)
#   Set larger code cache with -XX:ReservedCodeCacheSize=
#   JVM is running with Zero Based Compressed Oops mode in which the Java heap is
#     placed in the first 32GB address space. The Java Heap base address is the
#     maximum limit for the native heap growth. Please use -XX:HeapBaseMinAddress
#     to set the Java Heap base and to place the Java Heap above 32GB virtual address.
# This output file may be truncated or incomplete.
#
#  Out of Memory Error (arena.cpp:191), pid=9908, tid=24544
#
# JRE version: OpenJDK Runtime Environment OpenLogic-OpenJDK (17.0.18+8) (build 17.0.18+8-adhoc..jdk17u)
# Java VM: OpenJDK 64-Bit Server VM OpenLogic-OpenJDK (17.0.18+8-adhoc..jdk17u, mixed mode, sharing, tiered, compressed oops, compressed class ptrs, g1 gc, windows-amd64)
# No core dump will be written. Minidumps are not enabled by default on client versions of Windows
#

---------------  S U M M A R Y ------------

Command Line: --add-opens=java.base/java.lang=ALL-UNNAMED --add-opens=java.base/java.lang.invoke=ALL-UNNAMED --add-opens=java.base/java.util=ALL-UNNAMED --add-opens=java.prefs/java.util.prefs=ALL-UNNAMED --add-exports=jdk.compiler/com.sun.tools.javac.api=ALL-UNNAMED --add-exports=jdk.compiler/com.sun.tools.javac.util=ALL-UNNAMED --add-opens=java.base/java.util=ALL-UNNAMED --add-opens=java.prefs/java.util.prefs=ALL-UNNAMED --add-opens=java.base/java.nio.charset=ALL-UNNAMED --add-opens=java.base/java.net=ALL-UNNAMED --add-opens=java.base/java.util.concurrent=ALL-UNNAMED --add-opens=java.base/java.util.concurrent.atomic=ALL-UNNAMED --add-opens=java.xml/javax.xml.namespace=ALL-UNNAMED -XX:MaxMetaspaceSize=768m -Xmx3g -Dfile.encoding=UTF-8 -Duser.country=IN -Duser.language=en -Duser.variant -javaagent:C:\Users\vsing\.gradle\wrapper\dists\gradle-9.0.0-bin\d6wjpkvcgsg3oed0qlfss3wgl\gradle-9.0.0\lib\agents\gradle-instrumentation-agent-9.0.0.jar org.gradle.launcher.daemon.bootstrap.GradleDaemon 9.0.0

Host: 11th Gen Intel(R) Core(TM) i3-1125G4 @ 2.00GHz, 8 cores, 7G,  Windows 11 , 64 bit Build 26100 (10.0.26100.8328)
Time: Mon May 25 10:57:24 2026 India Standard Time elapsed time: 558.389768 seconds (0d 0h 9m 18s)

---------------  T H R E A D  ---------------

Current thread (0x0000021431e7d040):  JavaThread "C2 CompilerThread0" daemon [_thread_in_native, id=24544, stack(0x000000e0c4000000,0x000000e0c4100000)]


Current CompileTask:
C2:558390 38977       4       org.gradle.api.internal.artifacts.ivyservice.resolveengine.result.StreamingResolutionResultBuilder$$Lambda$867/0x00000214335e5240::write (13 bytes)

Stack: [0x000000e0c4000000,0x000000e0c4100000]
Native frames: (J=compiled Java code, j=interpreted, Vv=VM code, C=native code)
V  [jvm.dll+0x6812d9]
V  [jvm.dll+0x837e6a]
V  [jvm.dll+0x83992e]
V  [jvm.dll+0x839f93]
V  [jvm.dll+0x2484af]
V  [jvm.dll+0xaca34]
V  [jvm.dll+0xad07c]
V  [jvm.dll+0x2afaff]
V  [jvm.dll+0x587777]
V  [jvm.dll+0x223252]
V  [jvm.dll+0x21c3ff]
V  [jvm.dll+0x219c61]
V  [jvm.dll+0x1a5a8d]
V  [jvm.dll+0x229a9d]
V  [jvm.dll+0x227c5c]
V  [jvm.dll+0x7edde7]
V  [jvm.dll+0x7e833c]
V  [jvm.dll+0x6801a7]
C  [ucrtbase.dll+0x37b0]
C  [KERNEL32.DLL+0x2e957]
C  [ntdll.dll+0x427c]


---------------  P R O C E S S  ---------------

Threads class SMR info:
_java_thread_list=0x000002146e7641c0, length=171, elements={
0x000002140e283820, 0x0000021431e5f5a0, 0x0000021431e60070, 0x0000021431e759a0,
0x0000021431e76270, 0x0000021431e76b40, 0x0000021431e7a430, 0x0000021431e7d040,
0x0000021431e81be0, 0x0000021431e9ab80, 0x0000021431e99c50, 0x0000021431e9a670,
0x0000021431e98d20, 0x0000021431e9b5a0, 0x0000021431e99740, 0x0000021431e9bab0,
0x0000021431e99230, 0x000002145e48bfd0, 0x000002145e48ab90, 0x000002145e48b5b0,
0x000002145e48c4e0, 0x000002145e48c9f0, 0x000002145e48d920, 0x000002145e48fc90,
0x00000214611cf680, 0x00000214611d0fd0, 0x00000214611d14e0, 0x000002145fb9d5a0,
0x000002145fb9e4d0, 0x0000021462461310, 0x000002146245f9c0, 0x0000021462461820,
0x000002146245efa0, 0x00000214624608f0, 0x000002146c424490, 0x000002146aaae2d0,
0x000002146aaad3a0, 0x000002146aaaab20, 0x000002146aaaddc0, 0x000002145fb998e0,
0x000002145fb99df0, 0x000002145fb989b0, 0x000002145fb9a300, 0x000002145fb9a810,
0x000002145fb984a0, 0x000002145fb97060, 0x000002145fb98ec0, 0x000002145fb97a80,
0x000002145fb9ad20, 0x000002145fb9b230, 0x000002145fb9b740, 0x000002145fb97f90,
0x000002145fb9c670, 0x000002145fb9cb80, 0x000002145fb9bc50, 0x000002145fb9d090,
0x000002145fb9dfc0, 0x000002145fb9c160, 0x000002145fb9e9e0, 0x000002146aaab030,
0x000002146aaaba50, 0x000002146aaae7e0, 0x000002146aaaecf0, 0x000002146aaab540,
0x000002146aaaf200, 0x000002146aaaf710, 0x000002146aaabf60, 0x000002146aaac470,
0x000002146aaac980, 0x000002146aaafc20, 0x000002146aab1a80, 0x000002146aab0130,
0x000002146aab1570, 0x000002146aab0640, 0x000002146aab0b50, 0x000002146aab1f90,
0x000002146aab1060, 0x000002146aab24a0, 0x000002145e48b0a0, 0x000002145e48cf00,
0x000002145e48bac0, 0x000002145e48d410, 0x000002145e489c60, 0x000002145e48a170,
0x000002145e48de30, 0x000002145e4901a0, 0x000002145e4910d0, 0x000002145e48e340,
0x000002145e4906b0, 0x000002145e48ed60, 0x000002145e48f270, 0x000002145e48f780,
0x00000214611ce240, 0x00000214611cb9c0, 0x00000214611cd310, 0x00000214611cb4b0,
0x00000214611cd820, 0x00000214611cdd30, 0x00000214611cec60, 0x00000214611cf170,
0x00000214611cbed0, 0x00000214611cc3e0, 0x00000214611d0ac0, 0x000002146c420ce0,
0x000002146c422b40, 0x000002146c4207d0, 0x000002146c4249a0, 0x000002146c425de0,
0x000002146c426800, 0x000002146c4258d0, 0x000002146c4262f0, 0x000002146a549a40,
0x000002146a549530, 0x000002146a549020, 0x000002146a54ae80, 0x000002146a549f50,
0x000002146a54b8a0, 0x000002146a5480f0, 0x000002146a548600, 0x000002146245ea90,
0x0000021462461d30, 0x0000021462462240, 0x0000021462463b90, 0x00000214624603e0,
0x00000214624654e0, 0x00000214624640a0, 0x00000214624645b0, 0x0000021431e9bfc0,
0x0000021431e9c4d0, 0x0000021431e9a160, 0x000002145fb97570, 0x000002146cff96f0,
0x000002146cff6e70, 0x000002146cff6960, 0x000002146cff7890, 0x000002146cff6450,
0x000002146cff87c0, 0x000002146cff8cd0, 0x000002146cff7380, 0x000002146cff7da0,
0x000002146cff82b0, 0x000002146aaad8b0, 0x000002145e554060, 0x000002145e556df0,
0x000002145e5554a0, 0x000002145e5563d0, 0x000002146e8c89a0, 0x000002146e8ca2f0,
0x000002146e8cbc40, 0x000002146e8c9de0, 0x000002146e8cb220, 0x000002146e8ca800,
0x000002146e8cc660, 0x000002146e8cd080, 0x000002146e8c93c0, 0x000002146e8cd590,
0x000002146e8ce4c0, 0x000002146e8cdfb0, 0x000002146e8ce9d0, 0x000002146e8ceee0,
0x000002146e8cf900, 0x000002146e8cf3f0, 0x000002146e8cfe10, 0x000002146aaace90,
0x000002146c6ba140, 0x000002146c6bab60, 0x000002146c6bced0, 0x000002146c6ba650,
0x000002146cbb44f0, 0x000002146dc65670, 0x000002146d201210
}

Java Threads: ( => current thread )
  0x000002140e283820 JavaThread "main" [_thread_blocked, id=21444, stack(0x000000e0c3300000,0x000000e0c3400000)]
  0x0000021431e5f5a0 JavaThread "Reference Handler" daemon [_thread_blocked, id=6812, stack(0x000000e0c3a00000,0x000000e0c3b00000)]
  0x0000021431e60070 JavaThread "Finalizer" daemon [_thread_blocked, id=29464, stack(0x000000e0c3b00000,0x000000e0c3c00000)]
  0x0000021431e759a0 JavaThread "Signal Dispatcher" daemon [_thread_blocked, id=30948, stack(0x000000e0c3c00000,0x000000e0c3d00000)]
  0x0000021431e76270 JavaThread "Attach Listener" daemon [_thread_blocked, id=28444, stack(0x000000e0c3d00000,0x000000e0c3e00000)]
  0x0000021431e76b40 JavaThread "Service Thread" daemon [_thread_blocked, id=21040, stack(0x000000e0c3e00000,0x000000e0c3f00000)]
  0x0000021431e7a430 JavaThread "Monitor Deflation Thread" daemon [_thread_blocked, id=17868, stack(0x000000e0c3f00000,0x000000e0c4000000)]
=>0x0000021431e7d040 JavaThread "C2 CompilerThread0" daemon [_thread_in_native, id=24544, stack(0x000000e0c4000000,0x000000e0c4100000)]
  0x0000021431e81be0 JavaThread "C1 CompilerThread0" daemon [_thread_blocked, id=16916, stack(0x000000e0c4100000,0x000000e0c4200000)]
  0x0000021431e9ab80 JavaThread "Sweeper thread" daemon [_thread_blocked, id=21132, stack(0x000000e0c4200000,0x000000e0c4300000)]
  0x0000021431e99c50 JavaThread "Common-Cleaner" daemon [_thread_blocked, id=14768, stack(0x000000e0c4300000,0x000000e0c4400000)]
  0x0000021431e9a670 JavaThread "Notification Thread" daemon [_thread_blocked, id=28724, stack(0x000000e0c4400000,0x000000e0c4500000)]
  0x0000021431e98d20 JavaThread "Daemon health stats" [_thread_blocked, id=18652, stack(0x000000e0c4b00000,0x000000e0c4c00000)]
  0x0000021431e9b5a0 JavaThread "Incoming local TCP Connector on port 50482" [_thread_in_native, id=20712, stack(0x000000e0c4c00000,0x000000e0c4d00000)]
  0x0000021431e99740 JavaThread "Daemon periodic checks" [_thread_blocked, id=29188, stack(0x000000e0c4d00000,0x000000e0c4e00000)]
  0x0000021431e9bab0 JavaThread "Daemon" [_thread_blocked, id=15832, stack(0x000000e0c4e00000,0x000000e0c4f00000)]
  0x0000021431e99230 JavaThread "Daemon worker" [_thread_blocked, id=25668, stack(0x000000e0c5100000,0x000000e0c5200000)]
  0x000002145e48bfd0 JavaThread "Cache worker for journal cache (C:\Users\vsing\.gradle\caches\journal-1)" [_thread_blocked, id=9460, stack(0x000000e0c5500000,0x000000e0c5600000)]
  0x000002145e48ab90 JavaThread "File lock request listener" [_thread_in_native, id=23948, stack(0x000000e0c5600000,0x000000e0c5700000)]
  0x000002145e48b5b0 JavaThread "Cache worker for file hash cache (C:\Users\vsing\.gradle\caches\9.0.0\fileHashes)" [_thread_blocked, id=16968, stack(0x000000e0c5700000,0x000000e0c5800000)]
  0x000002145e48c4e0 JavaThread "File watcher server" daemon [_thread_in_native, id=9444, stack(0x000000e0c5d00000,0x000000e0c5e00000)]
  0x000002145e48c9f0 JavaThread "File watcher consumer" daemon [_thread_blocked, id=8428, stack(0x000000e0c5e00000,0x000000e0c5f00000)]
  0x000002145e48d920 JavaThread "Cache worker for file content cache (C:\Users\vsing\.gradle\caches\9.0.0\fileContent)" [_thread_blocked, id=19512, stack(0x000000e0c6000000,0x000000e0c6100000)]
  0x000002145e48fc90 JavaThread "jar transforms" [_thread_blocked, id=10328, stack(0x000000e0c6400000,0x000000e0c6500000)]
  0x00000214611cf680 JavaThread "Memory manager" [_thread_blocked, id=9508, stack(0x000000e0c8400000,0x000000e0c8500000)]
  0x00000214611d0fd0 JavaThread "ForkJoinPool.commonPool-worker-4" daemon [_thread_blocked, id=23644, stack(0x000000e0c8900000,0x000000e0c8a00000)]
  0x00000214611d14e0 JavaThread "ForkJoinPool.commonPool-worker-7" daemon [_thread_blocked, id=28916, stack(0x000000e0c8b00000,0x000000e0c8c00000)]
  0x000002145fb9d5a0 JavaThread "jar transforms Thread 2" [_thread_blocked, id=10248, stack(0x000000e0cc700000,0x000000e0cc800000)]
  0x000002145fb9e4d0 JavaThread "jar transforms Thread 3" [_thread_blocked, id=14152, stack(0x000000e0cc800000,0x000000e0cc900000)]
  0x0000021462461310 JavaThread "jar transforms Thread 4" [_thread_blocked, id=31572, stack(0x000000e0ccc00000,0x000000e0ccd00000)]
  0x000002146245f9c0 JavaThread "jar transforms Thread 5" [_thread_blocked, id=26280, stack(0x000000e0ccd00000,0x000000e0cce00000)]
  0x0000021462461820 JavaThread "jar transforms Thread 6" [_thread_blocked, id=10900, stack(0x000000e0cce00000,0x000000e0ccf00000)]
  0x000002146245efa0 JavaThread "jar transforms Thread 7" [_thread_blocked, id=24488, stack(0x000000e0cd200000,0x000000e0cd300000)]
  0x00000214624608f0 JavaThread "jar transforms Thread 8" [_thread_blocked, id=12116, stack(0x000000e0cd300000,0x000000e0cd400000)]
  0x000002146c424490 JavaThread "Cache worker for Java compile cache (C:\Users\vsing\.gradle\caches\9.0.0\javaCompile)" [_thread_blocked, id=4708, stack(0x000000e0c8a00000,0x000000e0c8b00000)]
  0x000002146aaae2d0 JavaThread "RMI Scheduler(0)" daemon [_thread_blocked, id=27052, stack(0x000000e0c6500000,0x000000e0c6600000)]
  0x000002146aaad3a0 JavaThread "RMI GC Daemon" daemon [_thread_blocked, id=7488, stack(0x000000e0cdc00000,0x000000e0cdd00000)]
  0x000002146aaaab20 JavaThread "RMI TCP Accept-0" daemon [_thread_in_native, id=7664, stack(0x000000e0cdd00000,0x000000e0cde00000)]
  0x000002146aaaddc0 JavaThread "RMI Reaper" [_thread_blocked, id=31644, stack(0x000000e0cde00000,0x000000e0cdf00000)]
  0x000002145fb998e0 JavaThread "Handler for socket connection from /127.0.0.1:50482 to /127.0.0.1:53392" [_thread_in_native, id=27224, stack(0x000000e0c3100000,0x000000e0c3200000)]
  0x000002145fb99df0 JavaThread "Cancel handler" [_thread_blocked, id=6648, stack(0x000000e0c3200000,0x000000e0c3300000)]
  0x000002145fb989b0 JavaThread "Asynchronous log dispatcher for DefaultDaemonConnection: socket connection from /127.0.0.1:50482 to /127.0.0.1:53392" [_thread_blocked, id=9616, stack(0x000000e0c4f00000,0x000000e0c5000000)]
  0x000002145fb9a300 JavaThread "Stdin handler" [_thread_blocked, id=28948, stack(0x000000e0c3000000,0x000000e0c3100000)]
  0x000002145fb9a810 JavaThread "Daemon client event forwarder" [_thread_blocked, id=27472, stack(0x000000e0c5000000,0x000000e0c5100000)]
  0x000002145fb984a0 JavaThread "Cache worker for file hash cache (C:\chatbots\android\.gradle\9.0.0\fileHashes)" [_thread_blocked, id=30004, stack(0x000000e0c5200000,0x000000e0c5300000)]
  0x000002145fb97060 JavaThread "Cache worker for Build Output Cleanup Cache (C:\chatbots\android\.gradle\buildOutputCleanup)" [_thread_blocked, id=29336, stack(0x000000e0c5300000,0x000000e0c5400000)]
  0x000002145fb98ec0 JavaThread "Cache worker for checksums cache (C:\chatbots\android\.gradle\9.0.0\checksums)" [_thread_blocked, id=13028, stack(0x000000e0c5400000,0x000000e0c5500000)]
  0x000002145fb97a80 JavaThread "Cache worker for cache directory md-supplier (C:\Users\vsing\.gradle\caches\9.0.0\md-supplier)" [_thread_blocked, id=24896, stack(0x000000e0c5b00000,0x000000e0c5c00000)]
  0x000002145fb9ad20 JavaThread "Cache worker for cache directory md-rule (C:\Users\vsing\.gradle\caches\9.0.0\md-rule)" [_thread_blocked, id=29728, stack(0x000000e0c5c00000,0x000000e0c5d00000)]
  0x000002145fb9b230 JavaThread "Cache worker for Build Output Cleanup Cache (C:\chatbots\node_modules\@react-native\gradle-plugin\.gradle\buildOutputCleanup)" [_thread_blocked, id=15048, stack(0x000000e0c5f00000,0x000000e0c6000000)]
  0x000002145fb9b740 JavaThread "Unconstrained build operations" [_thread_blocked, id=7384, stack(0x000000e0c6100000,0x000000e0c6200000)]
  0x000002145fb97f90 JavaThread "Unconstrained build operations Thread 2" [_thread_blocked, id=11732, stack(0x000000e0c6200000,0x000000e0c6300000)]
  0x000002145fb9c670 JavaThread "Unconstrained build operations Thread 3" [_thread_blocked, id=20700, stack(0x000000e0c6300000,0x000000e0c6400000)]
  0x000002145fb9cb80 JavaThread "Unconstrained build operations Thread 4" [_thread_blocked, id=25552, stack(0x000000e0c6600000,0x000000e0c6700000)]
  0x000002145fb9bc50 JavaThread "Unconstrained build operations Thread 5" [_thread_blocked, id=29240, stack(0x000000e0c6700000,0x000000e0c6800000)]
  0x000002145fb9d090 JavaThread "Unconstrained build operations Thread 6" [_thread_blocked, id=18544, stack(0x000000e0c6800000,0x000000e0c6900000)]
  0x000002145fb9dfc0 JavaThread "Unconstrained build operations Thread 7" [_thread_blocked, id=25412, stack(0x000000e0c6900000,0x000000e0c6a00000)]
  0x000002145fb9c160 JavaThread "Unconstrained build operations Thread 8" [_thread_blocked, id=15848, stack(0x000000e0c6a00000,0x000000e0c6b00000)]
  0x000002145fb9e9e0 JavaThread "Unconstrained build operations Thread 9" [_thread_blocked, id=17916, stack(0x000000e0c6b00000,0x000000e0c6c00000)]
  0x000002146aaab030 JavaThread "Unconstrained build operations Thread 10" [_thread_blocked, id=13672, stack(0x000000e0c6c00000,0x000000e0c6d00000)]
  0x000002146aaaba50 JavaThread "Unconstrained build operations Thread 11" [_thread_blocked, id=25984, stack(0x000000e0c6d00000,0x000000e0c6e00000)]
  0x000002146aaae7e0 JavaThread "Unconstrained build operations Thread 12" [_thread_blocked, id=27936, stack(0x000000e0c6e00000,0x000000e0c6f00000)]
  0x000002146aaaecf0 JavaThread "Unconstrained build operations Thread 13" [_thread_blocked, id=24972, stack(0x000000e0c6f00000,0x000000e0c7000000)]
  0x000002146aaab540 JavaThread "Unconstrained build operations Thread 14" [_thread_blocked, id=18996, stack(0x000000e0c7000000,0x000000e0c7100000)]
  0x000002146aaaf200 JavaThread "Unconstrained build operations Thread 15" [_thread_blocked, id=29916, stack(0x000000e0c7100000,0x000000e0c7200000)]
  0x000002146aaaf710 JavaThread "Unconstrained build operations Thread 16" [_thread_blocked, id=23596, stack(0x000000e0c7200000,0x000000e0c7300000)]
  0x000002146aaabf60 JavaThread "Unconstrained build operations Thread 17" [_thread_blocked, id=20460, stack(0x000000e0c7300000,0x000000e0c7400000)]
  0x000002146aaac470 JavaThread "Unconstrained build operations Thread 18" [_thread_blocked, id=11536, stack(0x000000e0c7400000,0x000000e0c7500000)]
  0x000002146aaac980 JavaThread "build event listener" [_thread_blocked, id=14884, stack(0x000000e0c7500000,0x000000e0c7600000)]
  0x000002146aaafc20 JavaThread "ForkJoinPool.commonPool-worker-10" daemon [_thread_blocked, id=9384, stack(0x000000e0c7600000,0x000000e0c7700000)]
  0x000002146aab1a80 JavaThread "ForkJoinPool.commonPool-worker-9" daemon [_thread_blocked, id=18672, stack(0x000000e0c7700000,0x000000e0c7800000)]
  0x000002146aab0130 JavaThread "ForkJoinPool.commonPool-worker-11" daemon [_thread_blocked, id=13196, stack(0x000000e0c7800000,0x000000e0c7900000)]
  0x000002146aab1570 JavaThread "ForkJoinPool.commonPool-worker-12" daemon [_thread_blocked, id=6152, stack(0x000000e0c7900000,0x000000e0c7a00000)]
  0x000002146aab0640 JavaThread "included builds" [_thread_blocked, id=5732, stack(0x000000e0c7a00000,0x000000e0c7b00000)]
  0x000002146aab0b50 JavaThread "Execution worker" [_thread_blocked, id=26216, stack(0x000000e0c7b00000,0x000000e0c7c00000)]
  0x000002146aab1f90 JavaThread "Execution worker Thread 2" [_thread_blocked, id=28572, stack(0x000000e0c7c00000,0x000000e0c7d00000)]
  0x000002146aab1060 JavaThread "Execution worker Thread 3" [_thread_blocked, id=29580, stack(0x000000e0c7d00000,0x000000e0c7e00000)]
  0x000002146aab24a0 JavaThread "Execution worker Thread 4" [_thread_blocked, id=24164, stack(0x000000e0c7e00000,0x000000e0c7f00000)]
  0x000002145e48b0a0 JavaThread "Execution worker Thread 5" [_thread_blocked, id=29888, stack(0x000000e0c7f00000,0x000000e0c8000000)]
  0x000002145e48cf00 JavaThread "Execution worker Thread 6" [_thread_blocked, id=13444, stack(0x000000e0c8000000,0x000000e0c8100000)]
  0x000002145e48bac0 JavaThread "Execution worker Thread 7" [_thread_blocked, id=29572, stack(0x000000e0c8100000,0x000000e0c8200000)]
  0x000002145e48d410 JavaThread "Cache worker for execution history cache (C:\chatbots\node_modules\@react-native\gradle-plugin\.gradle\9.0.0\executionHistory)" [_thread_blocked, id=3824, stack(0x000000e0c8200000,0x000000e0c8300000)]
  0x000002145e489c60 JavaThread "Unconstrained build operations Thread 19" [_thread_blocked, id=9900, stack(0x000000e0c8300000,0x000000e0c8400000)]
  0x000002145e48a170 JavaThread "Unconstrained build operations Thread 20" [_thread_blocked, id=7252, stack(0x000000e0c8700000,0x000000e0c8800000)]
  0x000002145e48de30 JavaThread "Unconstrained build operations Thread 21" [_thread_blocked, id=21852, stack(0x000000e0c8800000,0x000000e0c8900000)]
  0x000002145e4901a0 JavaThread "Unconstrained build operations Thread 22" [_thread_blocked, id=10172, stack(0x000000e0c9000000,0x000000e0c9100000)]
  0x000002145e4910d0 JavaThread "Unconstrained build operations Thread 23" [_thread_blocked, id=31468, stack(0x000000e0c9100000,0x000000e0c9200000)]
  0x000002145e48e340 JavaThread "Unconstrained build operations Thread 24" [_thread_blocked, id=18196, stack(0x000000e0c9200000,0x000000e0c9300000)]
  0x000002145e4906b0 JavaThread "Unconstrained build operations Thread 25" [_thread_blocked, id=24668, stack(0x000000e0c9300000,0x000000e0c9400000)]
  0x000002145e48ed60 JavaThread "Unconstrained build operations Thread 26" [_thread_blocked, id=12748, stack(0x000000e0c9400000,0x000000e0c9500000)]
  0x000002145e48f270 JavaThread "Unconstrained build operations Thread 27" [_thread_blocked, id=28288, stack(0x000000e0c9500000,0x000000e0c9600000)]
  0x000002145e48f780 JavaThread "Unconstrained build operations Thread 28" [_thread_blocked, id=11260, stack(0x000000e0c9600000,0x000000e0c9700000)]
  0x00000214611ce240 JavaThread "Unconstrained build operations Thread 29" [_thread_blocked, id=19092, stack(0x000000e0c9700000,0x000000e0c9800000)]
  0x00000214611cb9c0 JavaThread "Unconstrained build operations Thread 30" [_thread_blocked, id=30992, stack(0x000000e0c9800000,0x000000e0c9900000)]
  0x00000214611cd310 JavaThread "Unconstrained build operations Thread 31" [_thread_blocked, id=30008, stack(0x000000e0c9900000,0x000000e0c9a00000)]
  0x00000214611cb4b0 JavaThread "Unconstrained build operations Thread 32" [_thread_blocked, id=12096, stack(0x000000e0c9a00000,0x000000e0c9b00000)]
  0x00000214611cd820 JavaThread "Unconstrained build operations Thread 33" [_thread_blocked, id=20356, stack(0x000000e0c9b00000,0x000000e0c9c00000)]
  0x00000214611cdd30 JavaThread "Unconstrained build operations Thread 34" [_thread_blocked, id=3656, stack(0x000000e0c9c00000,0x000000e0c9d00000)]
  0x00000214611cec60 JavaThread "Unconstrained build operations Thread 35" [_thread_blocked, id=8612, stack(0x000000e0c9d00000,0x000000e0c9e00000)]
  0x00000214611cf170 JavaThread "Unconstrained build operations Thread 36" [_thread_blocked, id=28888, stack(0x000000e0c9e00000,0x000000e0c9f00000)]
  0x00000214611cbed0 JavaThread "Unconstrained build operations Thread 37" [_thread_blocked, id=19544, stack(0x000000e0c9f00000,0x000000e0ca000000)]
  0x00000214611cc3e0 JavaThread "Unconstrained build operations Thread 38" [_thread_blocked, id=1044, stack(0x000000e0ca000000,0x000000e0ca100000)]
  0x00000214611d0ac0 JavaThread "Unconstrained build operations Thread 39" [_thread_in_native, id=30956, stack(0x000000e0ca100000,0x000000e0ca200000)]
  0x000002146c420ce0 JavaThread "Unconstrained build operations Thread 40" [_thread_blocked, id=22920, stack(0x000000e0ca200000,0x000000e0ca300000)]
  0x000002146c422b40 JavaThread "Unconstrained build operations Thread 41" [_thread_blocked, id=26196, stack(0x000000e0ca300000,0x000000e0ca400000)]
  0x000002146c4207d0 JavaThread "Unconstrained build operations Thread 42" [_thread_blocked, id=28932, stack(0x000000e0ca400000,0x000000e0ca500000)]
  0x000002146c4249a0 JavaThread "Unconstrained build operations Thread 43" [_thread_blocked, id=30588, stack(0x000000e0ca500000,0x000000e0ca600000)]
  0x000002146c425de0 JavaThread "Unconstrained build operations Thread 44" [_thread_blocked, id=20040, stack(0x000000e0ca600000,0x000000e0ca700000)]
  0x000002146c426800 JavaThread "Unconstrained build operations Thread 45" [_thread_blocked, id=13208, stack(0x000000e0ca700000,0x000000e0ca800000)]
  0x000002146c4258d0 JavaThread "Unconstrained build operations Thread 46" [_thread_blocked, id=6924, stack(0x000000e0ca800000,0x000000e0ca900000)]
  0x000002146c4262f0 JavaThread "Unconstrained build operations Thread 47" [_thread_blocked, id=31488, stack(0x000000e0ca900000,0x000000e0caa00000)]
  0x000002146a549a40 JavaThread "Unconstrained build operations Thread 48" [_thread_blocked, id=18872, stack(0x000000e0caa00000,0x000000e0cab00000)]
  0x000002146a549530 JavaThread "Unconstrained build operations Thread 49" [_thread_blocked, id=30336, stack(0x000000e0cab00000,0x000000e0cac00000)]
  0x000002146a549020 JavaThread "Unconstrained build operations Thread 50" [_thread_blocked, id=19648, stack(0x000000e0cac00000,0x000000e0cad00000)]
  0x000002146a54ae80 JavaThread "Unconstrained build operations Thread 51" [_thread_blocked, id=25128, stack(0x000000e0cad00000,0x000000e0cae00000)]
  0x000002146a549f50 JavaThread "Unconstrained build operations Thread 52" [_thread_blocked, id=6844, stack(0x000000e0cae00000,0x000000e0caf00000)]
  0x000002146a54b8a0 JavaThread "Unconstrained build operations Thread 53" [_thread_blocked, id=29016, stack(0x000000e0caf00000,0x000000e0cb000000)]
  0x000002146a5480f0 JavaThread "Unconstrained build operations Thread 54" [_thread_blocked, id=22480, stack(0x000000e0cb000000,0x000000e0cb100000)]
  0x000002146a548600 JavaThread "Unconstrained build operations Thread 55" [_thread_blocked, id=1608, stack(0x000000e0cb100000,0x000000e0cb200000)]
  0x000002146245ea90 JavaThread "Unconstrained build operations Thread 56" [_thread_blocked, id=2752, stack(0x000000e0cb200000,0x000000e0cb300000)]
  0x0000021462461d30 JavaThread "Unconstrained build operations Thread 57" [_thread_blocked, id=27444, stack(0x000000e0cb300000,0x000000e0cb400000)]
  0x0000021462462240 JavaThread "Unconstrained build operations Thread 58" [_thread_blocked, id=4016, stack(0x000000e0cb400000,0x000000e0cb500000)]
  0x0000021462463b90 JavaThread "Unconstrained build operations Thread 59" [_thread_blocked, id=20916, stack(0x000000e0cb500000,0x000000e0cb600000)]
  0x00000214624603e0 JavaThread "Unconstrained build operations Thread 60" [_thread_blocked, id=14944, stack(0x000000e0cb600000,0x000000e0cb700000)]
  0x00000214624654e0 JavaThread "Unconstrained build operations Thread 61" [_thread_blocked, id=18736, stack(0x000000e0cb700000,0x000000e0cb800000)]
  0x00000214624640a0 JavaThread "Unconstrained build operations Thread 62" [_thread_blocked, id=7428, stack(0x000000e0cb800000,0x000000e0cb900000)]
  0x00000214624645b0 JavaThread "Unconstrained build operations Thread 63" [_thread_blocked, id=29332, stack(0x000000e0cb900000,0x000000e0cba00000)]
  0x0000021431e9bfc0 JavaThread "Unconstrained build operations Thread 64" [_thread_blocked, id=29616, stack(0x000000e0cba00000,0x000000e0cbb00000)]
  0x0000021431e9c4d0 JavaThread "Unconstrained build operations Thread 65" [_thread_blocked, id=4444, stack(0x000000e0cbb00000,0x000000e0cbc00000)]
  0x0000021431e9a160 JavaThread "Unconstrained build operations Thread 66" [_thread_blocked, id=21512, stack(0x000000e0cbc00000,0x000000e0cbd00000)]
  0x000002145fb97570 JavaThread "Unconstrained build operations Thread 67" [_thread_blocked, id=18824, stack(0x000000e0cbd00000,0x000000e0cbe00000)]
  0x000002146cff96f0 JavaThread "Unconstrained build operations Thread 68" [_thread_blocked, id=22400, stack(0x000000e0cbe00000,0x000000e0cbf00000)]
  0x000002146cff6e70 JavaThread "build event listener" [_thread_blocked, id=2756, stack(0x000000e0cbf00000,0x000000e0cc000000)]
  0x000002146cff6960 JavaThread "Problems report writer" [_thread_blocked, id=22636, stack(0x000000e0cc000000,0x000000e0cc100000)]
  0x000002146cff7890 JavaThread "Unconstrained build operations Thread 69" [_thread_blocked, id=31248, stack(0x000000e0cc100000,0x000000e0cc200000)]
  0x000002146cff6450 JavaThread "Unconstrained build operations Thread 70" [_thread_blocked, id=31160, stack(0x000000e0cc200000,0x000000e0cc300000)]
  0x000002146cff87c0 JavaThread "Unconstrained build operations Thread 71" [_thread_blocked, id=25316, stack(0x000000e0cc300000,0x000000e0cc400000)]
  0x000002146cff8cd0 JavaThread "Unconstrained build operations Thread 72" [_thread_blocked, id=17780, stack(0x000000e0cc400000,0x000000e0cc500000)]
  0x000002146cff7380 JavaThread "Unconstrained build operations Thread 73" [_thread_blocked, id=30592, stack(0x000000e0cc500000,0x000000e0cc600000)]
  0x000002146cff7da0 JavaThread "Unconstrained build operations Thread 74" [_thread_blocked, id=27664, stack(0x000000e0cc600000,0x000000e0cc700000)]
  0x000002146cff82b0 JavaThread "Unconstrained build operations Thread 75" [_thread_blocked, id=6976, stack(0x000000e0cc900000,0x000000e0cca00000)]
  0x000002146aaad8b0 JavaThread "Unconstrained build operations Thread 76" [_thread_blocked, id=20096, stack(0x000000e0cca00000,0x000000e0ccb00000)]
  0x000002145e554060 JavaThread "Unconstrained build operations Thread 77" [_thread_blocked, id=7684, stack(0x000000e0ccb00000,0x000000e0ccc00000)]
  0x000002145e556df0 JavaThread "Unconstrained build operations Thread 78" [_thread_blocked, id=26968, stack(0x000000e0ccf00000,0x000000e0cd000000)]
  0x000002145e5554a0 JavaThread "Unconstrained build operations Thread 79" [_thread_blocked, id=7028, stack(0x000000e0cd000000,0x000000e0cd100000)]
  0x000002145e5563d0 JavaThread "Unconstrained build operations Thread 80" [_thread_blocked, id=27264, stack(0x000000e0cd100000,0x000000e0cd200000)]
  0x000002146e8c89a0 JavaThread "Cache worker for execution history cache (C:\chatbots\android\.gradle\9.0.0\executionHistory)" [_thread_blocked, id=15248, stack(0x000000e0cd900000,0x000000e0cda00000)]
  0x000002146e8ca2f0 JavaThread "Build operations" [_thread_blocked, id=26920, stack(0x000000e0cd800000,0x000000e0cd900000)]
  0x000002146e8cbc40 JavaThread "Build operations Thread 2" [_thread_blocked, id=29348, stack(0x000000e0cda00000,0x000000e0cdb00000)]
  0x000002146e8c9de0 JavaThread "Build operations Thread 3" [_thread_blocked, id=27840, stack(0x000000e0cdb00000,0x000000e0cdc00000)]
  0x000002146e8cb220 JavaThread "Build operations Thread 4" [_thread_blocked, id=9844, stack(0x000000e0cdf00000,0x000000e0ce000000)]
  0x000002146e8ca800 JavaThread "Build operations Thread 5" [_thread_blocked, id=14500, stack(0x000000e0ce000000,0x000000e0ce100000)]
  0x000002146e8cc660 JavaThread "Build operations Thread 6" [_thread_blocked, id=28180, stack(0x000000e0ce100000,0x000000e0ce200000)]
  0x000002146e8cd080 JavaThread "Build operations Thread 7" [_thread_blocked, id=27712, stack(0x000000e0ce200000,0x000000e0ce300000)]
  0x000002146e8c93c0 JavaThread "WorkerExecutor Queue" [_thread_in_native, id=26176, stack(0x000000e0ce300000,0x000000e0ce400000)]
  0x000002146e8cd590 JavaThread "Build operations Thread 8" [_thread_blocked, id=8684, stack(0x000000e0ce400000,0x000000e0ce500000)]
  0x000002146e8ce4c0 JavaThread "WorkerExecutor Queue Thread 2" [_thread_in_native, id=19676, stack(0x000000e0ce500000,0x000000e0ce600000)]
  0x000002146e8cdfb0 JavaThread "WorkerExecutor Queue Thread 4" [_thread_blocked, id=1612, stack(0x000000e0ce800000,0x000000e0ce900000)]
  0x000002146e8ce9d0 JavaThread "WorkerExecutor Queue Thread 5" [_thread_blocked, id=23656, stack(0x000000e0ce900000,0x000000e0cea00000)]
  0x000002146e8ceee0 JavaThread "WorkerExecutor Queue Thread 6" [_thread_in_native, id=2788, stack(0x000000e0cea00000,0x000000e0ceb00000)]
  0x000002146e8cf900 JavaThread "WorkerExecutor Queue Thread 7" [_thread_blocked, id=7968, stack(0x000000e0ceb00000,0x000000e0cec00000)]
  0x000002146e8cf3f0 JavaThread "WorkerExecutor Queue Thread 8" [_thread_blocked, id=3140, stack(0x000000e0cec00000,0x000000e0ced00000)]
  0x000002146e8cfe10 JavaThread "RMI RenewClean-[127.0.0.1:17292,org.jetbrains.kotlin.daemon.common.LoopbackNetworkInterface$ClientLoopbackSocketFactory@5852ed91]" daemon [_thread_blocked, id=17740, stack(0x000000e0ced00000,0x000000e0cee00000)]
  0x000002146aaace90 JavaThread "RMI TCP Connection(idle)" daemon [_thread_blocked, id=9400, stack(0x000000e0cee00000,0x000000e0cef00000)]
  0x000002146c6ba140 JavaThread "File lock release action executor Thread 3" [_thread_blocked, id=22712, stack(0x000000e0cef00000,0x000000e0cf000000)]
  0x000002146c6bab60 JavaThread "RMI TCP Connection(11)-127.0.0.1" daemon [_thread_in_native, id=7700, stack(0x000000e0cf000000,0x000000e0cf100000)]
  0x000002146c6bced0 JavaThread "RMI RenewClean-[127.0.0.1:17292,org.jetbrains.kotlin.daemon.common.LoopbackNetworkInterface$ClientLoopbackSocketFactory@79afef5d]" daemon [_thread_blocked, id=8736, stack(0x000000e0cf100000,0x000000e0cf200000)]
  0x000002146c6ba650 JavaThread "WorkerExecutor Queue Thread 9" [_thread_blocked, id=27680, stack(0x000000e0c8600000,0x000000e0c8700000)]
  0x000002146cbb44f0 JavaThread "RMI RenewClean-[127.0.0.1:17292,org.jetbrains.kotlin.daemon.common.LoopbackNetworkInterface$ClientLoopbackSocketFactory@2c48be2e]" daemon [_thread_blocked, id=19604, stack(0x000000e0cf200000,0x000000e0cf300000)]
  0x000002146dc65670 JavaThread "RMI TCP Connection(12)-127.0.0.1" daemon [_thread_in_native, id=28156, stack(0x000000e0cf300000,0x000000e0cf400000)]
  0x000002146d201210 JavaThread "RMI RenewClean-[127.0.0.1:17292,org.jetbrains.kotlin.daemon.common.LoopbackNetworkInterface$ClientLoopbackSocketFactory@5bb12b18]" daemon [_thread_blocked, id=13524, stack(0x000000e0cd400000,0x000000e0cd500000)]

Other Threads:
  0x0000021431e58e10 VMThread "VM Thread" [stack: 0x000000e0c3900000,0x000000e0c3a00000] [id=12316]
  0x000002140e284350 WatcherThread [stack: 0x000000e0c4500000,0x000000e0c4600000] [id=31628]
  0x000002140e2dd1e0 GCTaskThread "GC Thread#0" [stack: 0x000000e0c3400000,0x000000e0c3500000] [id=29872]
  0x000002145e4409d0 GCTaskThread "GC Thread#1" [stack: 0x000000e0c4600000,0x000000e0c4700000] [id=31580]
  0x000002145e3af030 GCTaskThread "GC Thread#2" [stack: 0x000000e0c4700000,0x000000e0c4800000] [id=29784]
  0x000002145ed81990 GCTaskThread "GC Thread#3" [stack: 0x000000e0c4800000,0x000000e0c4900000] [id=2196]
  0x000002145e9d0c20 GCTaskThread "GC Thread#4" [stack: 0x000000e0c4900000,0x000000e0c4a00000] [id=17960]
  0x000002145e815370 GCTaskThread "GC Thread#5" [stack: 0x000000e0c4a00000,0x000000e0c4b00000] [id=29796]
  0x0000021460502d10 GCTaskThread "GC Thread#6" [stack: 0x000000e0c5800000,0x000000e0c5900000] [id=11976]
  0x0000021460488ca0 GCTaskThread "GC Thread#7" [stack: 0x000000e0c5900000,0x000000e0c5a00000] [id=29756]
  0x000002140e2ea040 ConcurrentGCThread "G1 Main Marker" [stack: 0x000000e0c3500000,0x000000e0c3600000] [id=22132]
  0x000002140e2ea970 ConcurrentGCThread "G1 Conc#0" [stack: 0x000000e0c3600000,0x000000e0c3700000] [id=636]
  0x000002145ee5fb70 ConcurrentGCThread "G1 Conc#1" [stack: 0x000000e0c5a00000,0x000000e0c5b00000] [id=16444]
  0x0000021431d1c0e0 ConcurrentGCThread "G1 Refine#0" [stack: 0x000000e0c3700000,0x000000e0c3800000] [id=31128]
  0x0000021462bb14a0 ConcurrentGCThread "G1 Refine#1" [stack: 0x000000e0c8c00000,0x000000e0c8d00000] [id=30824]
  0x0000021462bb2060 ConcurrentGCThread "G1 Refine#2" [stack: 0x000000e0c8d00000,0x000000e0c8e00000] [id=22748]
  0x0000021462bb0ec0 ConcurrentGCThread "G1 Refine#3" [stack: 0x000000e0c8e00000,0x000000e0c8f00000] [id=3480]
  0x0000021462bb40b0 ConcurrentGCThread "G1 Refine#4" [stack: 0x000000e0c8f00000,0x000000e0c9000000] [id=9592]
  0x0000021462bb2f10 ConcurrentGCThread "G1 Refine#5" [stack: 0x000000e0cd600000,0x000000e0cd700000] [id=31316]
  0x0000021431d1c8c0 ConcurrentGCThread "G1 Service" [stack: 0x000000e0c3800000,0x000000e0c3900000] [id=16576]

Threads with active compile tasks:
C2 CompilerThread0  558451 38977       4       org.gradle.api.internal.artifacts.ivyservice.resolveengine.result.StreamingResolutionResultBuilder$$Lambda$867/0x00000214335e5240::write (13 bytes)

VM state: not at safepoint (normal execution)

VM Mutex/Monitor currently owned by a thread: None

Heap address: 0x0000000740000000, size: 3072 MB, Compressed Oops mode: Zero based, Oop shift amount: 3

CDS archive(s) mapped at: [0x0000021432000000-0x0000021432bc0000-0x0000021432bc0000), size 12320768, SharedBaseAddress: 0x0000021432000000, ArchiveRelocationMode: 1.
Compressed class space mapped at: 0x0000021433000000-0x000002145a000000, reserved size: 654311424
Narrow klass base: 0x0000021432000000, Narrow klass shift: 0, Narrow klass range: 0x100000000

GC Precious Log:
 CPUs: 8 total, 8 available
 Memory: 7834M
 Large Page Support: Disabled
 NUMA Support: Disabled
 Compressed Oops: Enabled (Zero based)
 Heap Region Size: 2M
 Heap Min Capacity: 8M
 Heap Initial Capacity: 124M
 Heap Max Capacity: 3G
 Pre-touch: Disabled
 Parallel Workers: 8
 Concurrent Workers: 2
 Concurrent Refinement Workers: 8
 Periodic GC: Disabled

Heap:
 garbage-first heap   total 978944K, used 733337K [0x0000000740000000, 0x0000000800000000)
  region size 2048K, 81 young (165888K), 9 survivors (18432K)
 Metaspace       used 160602K, committed 163584K, reserved 835584K
  class space    used 20681K, committed 22080K, reserved 638976K

Heap Regions: E=young(eden), S=young(survivor), O=old, HS=humongous(starts), HC=humongous(continues), CS=collection set, F=free, OA=open archive, CA=closed archive, TAMS=top-at-mark-start (previous, next)
|   0|0x0000000740000000, 0x0000000740200000, 0x0000000740200000|100%|HS|  |TAMS 0x0000000740200000, 0x0000000740000000| Complete 
|   1|0x0000000740200000, 0x0000000740400000, 0x0000000740400000|100%|HC|  |TAMS 0x0000000740400000, 0x0000000740200000| Complete 
|   2|0x0000000740400000, 0x0000000740600000, 0x0000000740600000|100%| O|  |TAMS 0x0000000740600000, 0x0000000740400000| Untracked 
|   3|0x0000000740600000, 0x0000000740800000, 0x0000000740800000|100%| O|  |TAMS 0x0000000740800000, 0x0000000740600000| Untracked 
|   4|0x0000000740800000, 0x0000000740a00000, 0x0000000740a00000|100%| O|  |TAMS 0x0000000740a00000, 0x0000000740800000| Untracked 
|   5|0x0000000740a00000, 0x0000000740c00000, 0x0000000740c00000|100%| O|  |TAMS 0x0000000740c00000, 0x0000000740a00000| Untracked 
|   6|0x0000000740c00000, 0x0000000740e00000, 0x0000000740e00000|100%| O|  |TAMS 0x0000000740e00000, 0x0000000740c00000| Untracked 
|   7|0x0000000740e00000, 0x0000000741000000, 0x0000000741000000|100%| O|  |TAMS 0x0000000741000000, 0x0000000740e00000| Untracked 
|   8|0x0000000741000000, 0x0000000741200000, 0x0000000741200000|100%| O|  |TAMS 0x0000000741200000, 0x0000000741000000| Untracked 
|   9|0x0000000741200000, 0x0000000741400000, 0x0000000741400000|100%| O|  |TAMS 0x0000000741400000, 0x0000000741200000| Untracked 
|  10|0x0000000741400000, 0x0000000741600000, 0x0000000741600000|100%| O|  |TAMS 0x0000000741600000, 0x0000000741400000| Untracked 
|  11|0x0000000741600000, 0x0000000741800000, 0x0000000741800000|100%| O|  |TAMS 0x0000000741800000, 0x0000000741600000| Untracked 
|  12|0x0000000741800000, 0x0000000741a00000, 0x0000000741a00000|100%| O|  |TAMS 0x0000000741a00000, 0x0000000741800000| Untracked 
|  13|0x0000000741a00000, 0x0000000741c00000, 0x0000000741c00000|100%| O|  |TAMS 0x0000000741c00000, 0x0000000741a00000| Untracked 
|  14|0x0000000741c00000, 0x0000000741e00000, 0x0000000741e00000|100%| O|  |TAMS 0x0000000741e00000, 0x0000000741c00000| Untracked 
|  15|0x0000000741e00000, 0x0000000742000000, 0x0000000742000000|100%| O|  |TAMS 0x0000000742000000, 0x0000000741e00000| Untracked 
|  16|0x0000000742000000, 0x0000000742200000, 0x0000000742200000|100%| O|  |TAMS 0x0000000742200000, 0x0000000742000000| Untracked 
|  17|0x0000000742200000, 0x0000000742400000, 0x0000000742400000|100%| O|  |TAMS 0x0000000742400000, 0x0000000742200000| Untracked 
|  18|0x0000000742400000, 0x0000000742600000, 0x0000000742600000|100%|HS|  |TAMS 0x0000000742600000, 0x0000000742400000| Complete 
|  19|0x0000000742600000, 0x0000000742800000, 0x0000000742800000|100%|HC|  |TAMS 0x0000000742800000, 0x0000000742600000| Complete 
|  20|0x0000000742800000, 0x0000000742a00000, 0x0000000742a00000|100%|HS|  |TAMS 0x0000000742a00000, 0x0000000742800000| Complete 
|  21|0x0000000742a00000, 0x0000000742c00000, 0x0000000742c00000|100%|HC|  |TAMS 0x0000000742c00000, 0x0000000742a00000| Complete 
|  22|0x0000000742c00000, 0x0000000742e00000, 0x0000000742e00000|100%| O|  |TAMS 0x0000000742e00000, 0x0000000742c00000| Untracked 
|  23|0x0000000742e00000, 0x0000000743000000, 0x0000000743000000|100%| O|  |TAMS 0x0000000743000000, 0x0000000742e00000| Untracked 
|  24|0x0000000743000000, 0x0000000743200000, 0x0000000743200000|100%| O|  |TAMS 0x0000000743200000, 0x0000000743000000| Untracked 
|  25|0x0000000743200000, 0x0000000743400000, 0x0000000743400000|100%| O|  |TAMS 0x0000000743400000, 0x0000000743200000| Untracked 
|  26|0x0000000743400000, 0x0000000743600000, 0x0000000743600000|100%| O|  |TAMS 0x0000000743600000, 0x0000000743400000| Untracked 
|  27|0x0000000743600000, 0x0000000743800000, 0x0000000743800000|100%| O|  |TAMS 0x0000000743800000, 0x0000000743600000| Untracked 
|  28|0x0000000743800000, 0x0000000743a00000, 0x0000000743a00000|100%| O|  |TAMS 0x0000000743a00000, 0x0000000743800000| Untracked 
|  29|0x0000000743a00000, 0x0000000743c00000, 0x0000000743c00000|100%| O|  |TAMS 0x0000000743c00000, 0x0000000743a00000| Untracked 
|  30|0x0000000743c00000, 0x0000000743e00000, 0x0000000743e00000|100%| O|  |TAMS 0x0000000743e00000, 0x0000000743c00000| Untracked 
|  31|0x0000000743e00000, 0x0000000744000000, 0x0000000744000000|100%| O|  |TAMS 0x0000000744000000, 0x0000000743e00000| Untracked 
|  32|0x0000000744000000, 0x0000000744200000, 0x0000000744200000|100%| O|  |TAMS 0x0000000744000000, 0x0000000744000000| Untracked 
|  33|0x0000000744200000, 0x0000000744400000, 0x0000000744400000|100%| O|  |TAMS 0x0000000744200000, 0x0000000744200000| Untracked 
|  34|0x0000000744400000, 0x0000000744600000, 0x0000000744600000|100%| O|  |TAMS 0x0000000744600000, 0x0000000744400000| Untracked 
|  35|0x0000000744600000, 0x0000000744800000, 0x0000000744800000|100%| O|  |TAMS 0x0000000744800000, 0x0000000744600000| Untracked 
|  36|0x0000000744800000, 0x0000000744a00000, 0x0000000744a00000|100%| O|  |TAMS 0x0000000744a00000, 0x0000000744800000| Untracked 
|  37|0x0000000744a00000, 0x0000000744c00000, 0x0000000744c00000|100%| O|  |TAMS 0x0000000744c00000, 0x0000000744a00000| Untracked 
|  38|0x0000000744c00000, 0x0000000744e00000, 0x0000000744e00000|100%| O|  |TAMS 0x0000000744e00000, 0x0000000744c00000| Untracked 
|  39|0x0000000744e00000, 0x0000000745000000, 0x0000000745000000|100%| O|  |TAMS 0x0000000745000000, 0x0000000744e00000| Untracked 
|  40|0x0000000745000000, 0x0000000745200000, 0x0000000745200000|100%| O|  |TAMS 0x0000000745200000, 0x0000000745000000| Untracked 
|  41|0x0000000745200000, 0x0000000745400000, 0x0000000745400000|100%| O|  |TAMS 0x0000000745400000, 0x0000000745200000| Untracked 
|  42|0x0000000745400000, 0x0000000745600000, 0x0000000745600000|100%| O|  |TAMS 0x0000000745600000, 0x0000000745400000| Untracked 
|  43|0x0000000745600000, 0x0000000745800000, 0x0000000745800000|100%| O|  |TAMS 0x0000000745800000, 0x0000000745600000| Untracked 
|  44|0x0000000745800000, 0x0000000745a00000, 0x0000000745a00000|100%| O|  |TAMS 0x0000000745a00000, 0x0000000745800000| Untracked 
|  45|0x0000000745a00000, 0x0000000745c00000, 0x0000000745c00000|100%| O|  |TAMS 0x0000000745c00000, 0x0000000745a00000| Untracked 
|  46|0x0000000745c00000, 0x0000000745e00000, 0x0000000745e00000|100%| O|  |TAMS 0x0000000745e00000, 0x0000000745c00000| Untracked 
|  47|0x0000000745e00000, 0x0000000746000000, 0x0000000746000000|100%| O|  |TAMS 0x0000000746000000, 0x0000000745e00000| Untracked 
|  48|0x0000000746000000, 0x0000000746200000, 0x0000000746200000|100%|HS|  |TAMS 0x0000000746200000, 0x0000000746000000| Complete 
|  49|0x0000000746200000, 0x0000000746400000, 0x0000000746400000|100%|HC|  |TAMS 0x0000000746400000, 0x0000000746200000| Complete 
|  50|0x0000000746400000, 0x0000000746600000, 0x0000000746600000|100%| O|  |TAMS 0x0000000746600000, 0x0000000746400000| Untracked 
|  51|0x0000000746600000, 0x0000000746800000, 0x0000000746800000|100%| O|  |TAMS 0x0000000746800000, 0x0000000746600000| Untracked 
|  52|0x0000000746800000, 0x0000000746a00000, 0x0000000746a00000|100%| O|  |TAMS 0x0000000746a00000, 0x0000000746800000| Untracked 
|  53|0x0000000746a00000, 0x0000000746c00000, 0x0000000746c00000|100%| O|  |TAMS 0x0000000746c00000, 0x0000000746a00000| Untracked 
|  54|0x0000000746c00000, 0x0000000746e00000, 0x0000000746e00000|100%| O|  |TAMS 0x0000000746e00000, 0x0000000746c00000| Untracked 
|  55|0x0000000746e00000, 0x0000000747000000, 0x0000000747000000|100%| O|  |TAMS 0x0000000747000000, 0x0000000746e00000| Untracked 
|  56|0x0000000747000000, 0x0000000747200000, 0x0000000747200000|100%| O|  |TAMS 0x0000000747200000, 0x0000000747000000| Untracked 
|  57|0x0000000747200000, 0x0000000747400000, 0x0000000747400000|100%| O|  |TAMS 0x0000000747400000, 0x0000000747200000| Untracked 
|  58|0x0000000747400000, 0x0000000747600000, 0x0000000747600000|100%| O|  |TAMS 0x0000000747600000, 0x0000000747400000| Untracked 
|  59|0x0000000747600000, 0x0000000747800000, 0x0000000747800000|100%| O|  |TAMS 0x0000000747800000, 0x0000000747600000| Untracked 
|  60|0x0000000747800000, 0x0000000747a00000, 0x0000000747a00000|100%| O|  |TAMS 0x0000000747a00000, 0x0000000747800000| Untracked 
|  61|0x0000000747a00000, 0x0000000747c00000, 0x0000000747c00000|100%| O|  |TAMS 0x0000000747c00000, 0x0000000747a00000| Untracked 
|  62|0x0000000747c00000, 0x0000000747e00000, 0x0000000747e00000|100%| O|  |TAMS 0x0000000747e00000, 0x0000000747c00000| Untracked 
|  63|0x0000000747e00000, 0x0000000748000000, 0x0000000748000000|100%| O|  |TAMS 0x0000000748000000, 0x0000000747e00000| Untracked 
|  64|0x0000000748000000, 0x0000000748200000, 0x0000000748200000|100%| O|  |TAMS 0x0000000748200000, 0x0000000748000000| Untracked 
|  65|0x0000000748200000, 0x0000000748400000, 0x0000000748400000|100%| O|  |TAMS 0x0000000748400000, 0x0000000748200000| Untracked 
|  66|0x0000000748400000, 0x0000000748600000, 0x0000000748600000|100%| O|  |TAMS 0x0000000748600000, 0x0000000748400000| Untracked 
|  67|0x0000000748600000, 0x0000000748800000, 0x0000000748800000|100%| O|  |TAMS 0x0000000748800000, 0x0000000748600000| Untracked 
|  68|0x0000000748800000, 0x0000000748a00000, 0x0000000748a00000|100%| O|  |TAMS 0x0000000748800000, 0x0000000748800000| Untracked 
|  69|0x0000000748a00000, 0x0000000748c00000, 0x0000000748c00000|100%|HS|  |TAMS 0x0000000748c00000, 0x0000000748a00000| Complete 
|  70|0x0000000748c00000, 0x0000000748e00000, 0x0000000748e00000|100%| O|  |TAMS 0x0000000748e00000, 0x0000000748c00000| Untracked 
|  71|0x0000000748e00000, 0x0000000749000000, 0x0000000749000000|100%| O|  |TAMS 0x0000000749000000, 0x0000000748e00000| Untracked 
|  72|0x0000000749000000, 0x0000000749200000, 0x0000000749200000|100%| O|  |TAMS 0x0000000749200000, 0x0000000749000000| Untracked 
|  73|0x0000000749200000, 0x0000000749400000, 0x0000000749400000|100%| O|  |TAMS 0x0000000749400000, 0x0000000749200000| Untracked 
|  74|0x0000000749400000, 0x0000000749600000, 0x0000000749600000|100%| O|  |TAMS 0x0000000749600000, 0x0000000749400000| Untracked 
|  75|0x0000000749600000, 0x0000000749800000, 0x0000000749800000|100%| O|  |TAMS 0x0000000749800000, 0x0000000749600000| Untracked 
|  76|0x0000000749800000, 0x0000000749a00000, 0x0000000749a00000|100%| O|  |TAMS 0x0000000749a00000, 0x0000000749800000| Untracked 
|  77|0x0000000749a00000, 0x0000000749c00000, 0x0000000749c00000|100%| O|  |TAMS 0x0000000749c00000, 0x0000000749a00000| Untracked 
|  78|0x0000000749c00000, 0x0000000749e00000, 0x0000000749e00000|100%| O|  |TAMS 0x0000000749e00000, 0x0000000749c00000| Untracked 
|  79|0x0000000749e00000, 0x000000074a000000, 0x000000074a000000|100%| O|  |TAMS 0x000000074a000000, 0x0000000749e00000| Untracked 
|  80|0x000000074a000000, 0x000000074a200000, 0x000000074a200000|100%| O|  |TAMS 0x000000074a200000, 0x000000074a000000| Untracked 
|  81|0x000000074a200000, 0x000000074a400000, 0x000000074a400000|100%| O|  |TAMS 0x000000074a400000, 0x000000074a200000| Untracked 
|  82|0x000000074a400000, 0x000000074a600000, 0x000000074a600000|100%| O|  |TAMS 0x000000074a600000, 0x000000074a400000| Untracked 
|  83|0x000000074a600000, 0x000000074a800000, 0x000000074a800000|100%| O|  |TAMS 0x000000074a800000, 0x000000074a600000| Untracked 
|  84|0x000000074a800000, 0x000000074aa00000, 0x000000074aa00000|100%| O|  |TAMS 0x000000074aa00000, 0x000000074a800000| Untracked 
|  85|0x000000074aa00000, 0x000000074ac00000, 0x000000074ac00000|100%| O|  |TAMS 0x000000074aa00000, 0x000000074aa00000| Untracked 
|  86|0x000000074ac00000, 0x000000074ae00000, 0x000000074ae00000|100%| O|  |TAMS 0x000000074ae00000, 0x000000074ac00000| Untracked 
|  87|0x000000074ae00000, 0x000000074b000000, 0x000000074b000000|100%| O|  |TAMS 0x000000074b000000, 0x000000074ae00000| Untracked 
|  88|0x000000074b000000, 0x000000074b200000, 0x000000074b200000|100%| O|  |TAMS 0x000000074b200000, 0x000000074b000000| Untracked 
|  89|0x000000074b200000, 0x000000074b400000, 0x000000074b400000|100%| O|  |TAMS 0x000000074b400000, 0x000000074b200000| Untracked 
|  90|0x000000074b400000, 0x000000074b600000, 0x000000074b600000|100%| O|  |TAMS 0x000000074b600000, 0x000000074b400000| Untracked 
|  91|0x000000074b600000, 0x000000074b800000, 0x000000074b800000|100%| O|  |TAMS 0x000000074b800000, 0x000000074b600000| Untracked 
|  92|0x000000074b800000, 0x000000074ba00000, 0x000000074ba00000|100%| O|  |TAMS 0x000000074ba00000, 0x000000074b800000| Untracked 
|  93|0x000000074ba00000, 0x000000074bc00000, 0x000000074bc00000|100%| O|  |TAMS 0x000000074bc00000, 0x000000074ba00000| Untracked 
|  94|0x000000074bc00000, 0x000000074be00000, 0x000000074be00000|100%| O|  |TAMS 0x000000074bc38a00, 0x000000074bc00000| Untracked 
|  95|0x000000074be00000, 0x000000074c000000, 0x000000074c000000|100%|HS|  |TAMS 0x000000074be00000, 0x000000074be00000| Complete 
|  96|0x000000074c000000, 0x000000074c200000, 0x000000074c200000|100%| O|  |TAMS 0x000000074c000000, 0x000000074c000000| Untracked 
|  97|0x000000074c200000, 0x000000074c400000, 0x000000074c400000|100%| O|  |TAMS 0x000000074c200000, 0x000000074c200000| Untracked 
|  98|0x000000074c400000, 0x000000074c600000, 0x000000074c600000|100%| O|  |TAMS 0x000000074c400000, 0x000000074c400000| Untracked 
|  99|0x000000074c600000, 0x000000074c800000, 0x000000074c800000|100%| O|  |TAMS 0x000000074c600000, 0x000000074c600000| Untracked 
| 100|0x000000074c800000, 0x000000074ca00000, 0x000000074ca00000|100%| O|  |TAMS 0x000000074c800000, 0x000000074c800000| Untracked 
| 101|0x000000074ca00000, 0x000000074cc00000, 0x000000074cc00000|100%| O|  |TAMS 0x000000074ca00000, 0x000000074ca00000| Untracked 
| 102|0x000000074cc00000, 0x000000074ce00000, 0x000000074ce00000|100%| O|  |TAMS 0x000000074cc00000, 0x000000074cc00000| Untracked 
| 103|0x000000074ce00000, 0x000000074d000000, 0x000000074d000000|100%| O|  |TAMS 0x000000074ce00000, 0x000000074ce00000| Untracked 
| 104|0x000000074d000000, 0x000000074d200000, 0x000000074d200000|100%| O|  |TAMS 0x000000074d000000, 0x000000074d000000| Untracked 
| 105|0x000000074d200000, 0x000000074d400000, 0x000000074d400000|100%| O|  |TAMS 0x000000074d200000, 0x000000074d200000| Untracked 
| 106|0x000000074d400000, 0x000000074d600000, 0x000000074d600000|100%| O|  |TAMS 0x000000074d400000, 0x000000074d400000| Untracked 
| 107|0x000000074d600000, 0x000000074d800000, 0x000000074d800000|100%| O|  |TAMS 0x000000074d600000, 0x000000074d600000| Untracked 
| 108|0x000000074d800000, 0x000000074da00000, 0x000000074da00000|100%| O|  |TAMS 0x000000074d800000, 0x000000074d800000| Untracked 
| 109|0x000000074da00000, 0x000000074dc00000, 0x000000074dc00000|100%| O|  |TAMS 0x000000074da00000, 0x000000074da00000| Untracked 
| 110|0x000000074dc00000, 0x000000074de00000, 0x000000074de00000|100%| O|  |TAMS 0x000000074dc00000, 0x000000074dc00000| Untracked 
| 111|0x000000074de00000, 0x000000074e000000, 0x000000074e000000|100%| O|  |TAMS 0x000000074de00000, 0x000000074de00000| Untracked 
| 112|0x000000074e000000, 0x000000074e200000, 0x000000074e200000|100%| O|  |TAMS 0x000000074e000000, 0x000000074e000000| Untracked 
| 113|0x000000074e200000, 0x000000074e400000, 0x000000074e400000|100%| O|  |TAMS 0x000000074e200000, 0x000000074e200000| Untracked 
| 114|0x000000074e400000, 0x000000074e600000, 0x000000074e600000|100%| O|  |TAMS 0x000000074e400000, 0x000000074e400000| Untracked 
| 115|0x000000074e600000, 0x000000074e800000, 0x000000074e800000|100%| O|  |TAMS 0x000000074e600000, 0x000000074e600000| Untracked 
| 116|0x000000074e800000, 0x000000074ea00000, 0x000000074ea00000|100%| O|  |TAMS 0x000000074e800000, 0x000000074e800000| Untracked 
| 117|0x000000074ea00000, 0x000000074ec00000, 0x000000074ec00000|100%| O|  |TAMS 0x000000074ea00000, 0x000000074ea00000| Untracked 
| 118|0x000000074ec00000, 0x000000074ee00000, 0x000000074ee00000|100%| O|  |TAMS 0x000000074ec00000, 0x000000074ec00000| Untracked 
| 119|0x000000074ee00000, 0x000000074f000000, 0x000000074f000000|100%| O|  |TAMS 0x000000074ee00000, 0x000000074ee00000| Untracked 
| 120|0x000000074f000000, 0x000000074f200000, 0x000000074f200000|100%| O|  |TAMS 0x000000074f000000, 0x000000074f000000| Untracked 
| 121|0x000000074f200000, 0x000000074f400000, 0x000000074f400000|100%| O|  |TAMS 0x000000074f200000, 0x000000074f200000| Untracked 
| 122|0x000000074f400000, 0x000000074f600000, 0x000000074f600000|100%| O|  |TAMS 0x000000074f400000, 0x000000074f400000| Untracked 
| 123|0x000000074f600000, 0x000000074f800000, 0x000000074f800000|100%| O|  |TAMS 0x000000074f600000, 0x000000074f600000| Untracked 
| 124|0x000000074f800000, 0x000000074fa00000, 0x000000074fa00000|100%| O|  |TAMS 0x000000074f800000, 0x000000074f800000| Untracked 
| 125|0x000000074fa00000, 0x000000074fc00000, 0x000000074fc00000|100%| O|  |TAMS 0x000000074fa00000, 0x000000074fa00000| Untracked 
| 126|0x000000074fc00000, 0x000000074fe00000, 0x000000074fe00000|100%| O|  |TAMS 0x000000074fc00000, 0x000000074fc00000| Untracked 
| 127|0x000000074fe00000, 0x0000000750000000, 0x0000000750000000|100%| O|  |TAMS 0x000000074fe00000, 0x000000074fe00000| Untracked 
| 128|0x0000000750000000, 0x0000000750200000, 0x0000000750200000|100%| O|  |TAMS 0x0000000750000000, 0x0000000750000000| Untracked 
| 129|0x0000000750200000, 0x0000000750400000, 0x0000000750400000|100%| O|  |TAMS 0x0000000750200000, 0x0000000750200000| Untracked 
| 130|0x0000000750400000, 0x0000000750600000, 0x0000000750600000|100%| O|  |TAMS 0x0000000750400000, 0x0000000750400000| Untracked 
| 131|0x0000000750600000, 0x0000000750800000, 0x0000000750800000|100%| O|  |TAMS 0x0000000750600000, 0x0000000750600000| Untracked 
| 132|0x0000000750800000, 0x0000000750a00000, 0x0000000750a00000|100%| O|  |TAMS 0x0000000750800000, 0x0000000750800000| Untracked 
| 133|0x0000000750a00000, 0x0000000750c00000, 0x0000000750c00000|100%| O|  |TAMS 0x0000000750a00000, 0x0000000750a00000| Untracked 
| 134|0x0000000750c00000, 0x0000000750e00000, 0x0000000750e00000|100%| O|  |TAMS 0x0000000750c00000, 0x0000000750c00000| Untracked 
| 135|0x0000000750e00000, 0x0000000751000000, 0x0000000751000000|100%| O|  |TAMS 0x0000000750e00000, 0x0000000750e00000| Untracked 
| 136|0x0000000751000000, 0x0000000751200000, 0x0000000751200000|100%| O|  |TAMS 0x0000000751000000, 0x0000000751000000| Untracked 
| 137|0x0000000751200000, 0x0000000751400000, 0x0000000751400000|100%| O|  |TAMS 0x0000000751200000, 0x0000000751200000| Untracked 
| 138|0x0000000751400000, 0x0000000751600000, 0x0000000751600000|100%| O|  |TAMS 0x0000000751400000, 0x0000000751400000| Untracked 
| 139|0x0000000751600000, 0x0000000751800000, 0x0000000751800000|100%| O|  |TAMS 0x0000000751600000, 0x0000000751600000| Untracked 
| 140|0x0000000751800000, 0x0000000751a00000, 0x0000000751a00000|100%| O|  |TAMS 0x0000000751800000, 0x0000000751800000| Untracked 
| 141|0x0000000751a00000, 0x0000000751c00000, 0x0000000751c00000|100%| O|  |TAMS 0x0000000751a00000, 0x0000000751a00000| Untracked 
| 142|0x0000000751c00000, 0x0000000751e00000, 0x0000000751e00000|100%| O|  |TAMS 0x0000000751c00000, 0x0000000751c00000| Untracked 
| 143|0x0000000751e00000, 0x0000000752000000, 0x0000000752000000|100%| O|  |TAMS 0x0000000751e00000, 0x0000000751e00000| Untracked 
| 144|0x0000000752000000, 0x0000000752200000, 0x0000000752200000|100%| O|  |TAMS 0x0000000752000000, 0x0000000752000000| Untracked 
| 145|0x0000000752200000, 0x0000000752400000, 0x0000000752400000|100%| O|  |TAMS 0x0000000752200000, 0x0000000752200000| Untracked 
| 146|0x0000000752400000, 0x0000000752600000, 0x0000000752600000|100%| O|  |TAMS 0x0000000752400000, 0x0000000752400000| Untracked 
| 147|0x0000000752600000, 0x0000000752800000, 0x0000000752800000|100%| O|  |TAMS 0x0000000752600000, 0x0000000752600000| Untracked 
| 148|0x0000000752800000, 0x0000000752a00000, 0x0000000752a00000|100%| O|  |TAMS 0x0000000752800000, 0x0000000752800000| Untracked 
| 149|0x0000000752a00000, 0x0000000752c00000, 0x0000000752c00000|100%| O|  |TAMS 0x0000000752a00000, 0x0000000752a00000| Untracked 
| 150|0x0000000752c00000, 0x0000000752e00000, 0x0000000752e00000|100%|HS|  |TAMS 0x0000000752c00000, 0x0000000752c00000| Complete 
| 151|0x0000000752e00000, 0x0000000753000000, 0x0000000753000000|100%| O|  |TAMS 0x0000000752e00000, 0x0000000752e00000| Untracked 
| 152|0x0000000753000000, 0x0000000753200000, 0x0000000753200000|100%| O|  |TAMS 0x0000000753000000, 0x0000000753000000| Untracked 
| 153|0x0000000753200000, 0x0000000753400000, 0x0000000753400000|100%| O|  |TAMS 0x0000000753200000, 0x0000000753200000| Untracked 
| 154|0x0000000753400000, 0x0000000753600000, 0x0000000753600000|100%| O|  |TAMS 0x0000000753400000, 0x0000000753400000| Untracked 
| 155|0x0000000753600000, 0x0000000753800000, 0x0000000753800000|100%| O|  |TAMS 0x0000000753600000, 0x0000000753600000| Untracked 
| 156|0x0000000753800000, 0x0000000753a00000, 0x0000000753a00000|100%| O|  |TAMS 0x0000000753800000, 0x0000000753800000| Untracked 
| 157|0x0000000753a00000, 0x0000000753c00000, 0x0000000753c00000|100%| O|  |TAMS 0x0000000753a00000, 0x0000000753a00000| Untracked 
| 158|0x0000000753c00000, 0x0000000753e00000, 0x0000000753e00000|100%| O|  |TAMS 0x0000000753c00000, 0x0000000753c00000| Untracked 
| 159|0x0000000753e00000, 0x0000000754000000, 0x0000000754000000|100%| O|  |TAMS 0x0000000753e00000, 0x0000000753e00000| Untracked 
| 160|0x0000000754000000, 0x0000000754200000, 0x0000000754200000|100%| O|  |TAMS 0x0000000754000000, 0x0000000754000000| Untracked 
| 161|0x0000000754200000, 0x0000000754400000, 0x0000000754400000|100%| O|  |TAMS 0x0000000754200000, 0x0000000754200000| Untracked 
| 162|0x0000000754400000, 0x0000000754600000, 0x0000000754600000|100%| O|  |TAMS 0x0000000754400000, 0x0000000754400000| Untracked 
| 163|0x0000000754600000, 0x0000000754800000, 0x0000000754800000|100%| O|  |TAMS 0x0000000754600000, 0x0000000754600000| Untracked 
| 164|0x0000000754800000, 0x0000000754a00000, 0x0000000754a00000|100%| O|  |TAMS 0x0000000754800000, 0x0000000754800000| Untracked 
| 165|0x0000000754a00000, 0x0000000754c00000, 0x0000000754c00000|100%| O|  |TAMS 0x0000000754a00000, 0x0000000754a00000| Untracked 
| 166|0x0000000754c00000, 0x0000000754e00000, 0x0000000754e00000|100%| O|  |TAMS 0x0000000754c00000, 0x0000000754c00000| Untracked 
| 167|0x0000000754e00000, 0x0000000755000000, 0x0000000755000000|100%| O|  |TAMS 0x0000000754e00000, 0x0000000754e00000| Untracked 
| 168|0x0000000755000000, 0x0000000755200000, 0x0000000755200000|100%| O|  |TAMS 0x0000000755000000, 0x0000000755000000| Untracked 
| 169|0x0000000755200000, 0x0000000755400000, 0x0000000755400000|100%| O|  |TAMS 0x0000000755200000, 0x0000000755200000| Untracked 
| 170|0x0000000755400000, 0x0000000755600000, 0x0000000755600000|100%| O|  |TAMS 0x0000000755400000, 0x0000000755400000| Untracked 
| 171|0x0000000755600000, 0x0000000755800000, 0x0000000755800000|100%| O|  |TAMS 0x0000000755600000, 0x0000000755600000| Untracked 
| 172|0x0000000755800000, 0x0000000755a00000, 0x0000000755a00000|100%| O|  |TAMS 0x0000000755800000, 0x0000000755800000| Untracked 
| 173|0x0000000755a00000, 0x0000000755c00000, 0x0000000755c00000|100%| O|  |TAMS 0x0000000755a00000, 0x0000000755a00000| Untracked 
| 174|0x0000000755c00000, 0x0000000755e00000, 0x0000000755e00000|100%| O|  |TAMS 0x0000000755c00000, 0x0000000755c00000| Untracked 
| 175|0x0000000755e00000, 0x0000000756000000, 0x0000000756000000|100%| O|  |TAMS 0x0000000755e00000, 0x0000000755e00000| Untracked 
| 176|0x0000000756000000, 0x0000000756200000, 0x0000000756200000|100%| O|  |TAMS 0x0000000756000000, 0x0000000756000000| Untracked 
| 177|0x0000000756200000, 0x0000000756400000, 0x0000000756400000|100%| O|  |TAMS 0x0000000756200000, 0x0000000756200000| Untracked 
| 178|0x0000000756400000, 0x0000000756600000, 0x0000000756600000|100%| O|  |TAMS 0x0000000756400000, 0x0000000756400000| Untracked 
| 179|0x0000000756600000, 0x0000000756800000, 0x0000000756800000|100%| O|  |TAMS 0x0000000756600000, 0x0000000756600000| Untracked 
| 180|0x0000000756800000, 0x0000000756a00000, 0x0000000756a00000|100%| O|  |TAMS 0x0000000756800000, 0x0000000756800000| Untracked 
| 181|0x0000000756a00000, 0x0000000756c00000, 0x0000000756c00000|100%| O|  |TAMS 0x0000000756a00000, 0x0000000756a00000| Untracked 
| 182|0x0000000756c00000, 0x0000000756e00000, 0x0000000756e00000|100%| O|  |TAMS 0x0000000756c00000, 0x0000000756c00000| Untracked 
| 183|0x0000000756e00000, 0x0000000757000000, 0x0000000757000000|100%|HS|  |TAMS 0x0000000756e00000, 0x0000000756e00000| Complete 
| 184|0x0000000757000000, 0x0000000757200000, 0x0000000757200000|100%| O|  |TAMS 0x0000000757000000, 0x0000000757000000| Untracked 
| 185|0x0000000757200000, 0x0000000757400000, 0x0000000757400000|100%| O|  |TAMS 0x0000000757200000, 0x0000000757200000| Untracked 
| 186|0x0000000757400000, 0x0000000757600000, 0x0000000757600000|100%| O|  |TAMS 0x0000000757400000, 0x0000000757400000| Untracked 
| 187|0x0000000757600000, 0x0000000757800000, 0x0000000757800000|100%| O|  |TAMS 0x0000000757600000, 0x0000000757600000| Untracked 
| 188|0x0000000757800000, 0x0000000757a00000, 0x0000000757a00000|100%| O|  |TAMS 0x0000000757800000, 0x0000000757800000| Untracked 
| 189|0x0000000757a00000, 0x0000000757c00000, 0x0000000757c00000|100%| O|  |TAMS 0x0000000757a00000, 0x0000000757a00000| Untracked 
| 190|0x0000000757c00000, 0x0000000757e00000, 0x0000000757e00000|100%| O|  |TAMS 0x0000000757c00000, 0x0000000757c00000| Untracked 
| 191|0x0000000757e00000, 0x0000000758000000, 0x0000000758000000|100%| O|  |TAMS 0x0000000757e00000, 0x0000000757e00000| Untracked 
| 192|0x0000000758000000, 0x0000000758200000, 0x0000000758200000|100%| O|  |TAMS 0x0000000758000000, 0x0000000758000000| Untracked 
| 193|0x0000000758200000, 0x0000000758400000, 0x0000000758400000|100%| O|  |TAMS 0x0000000758200000, 0x0000000758200000| Untracked 
| 194|0x0000000758400000, 0x0000000758600000, 0x0000000758600000|100%| O|  |TAMS 0x0000000758400000, 0x0000000758400000| Untracked 
| 195|0x0000000758600000, 0x0000000758800000, 0x0000000758800000|100%| O|  |TAMS 0x0000000758600000, 0x0000000758600000| Untracked 
| 196|0x0000000758800000, 0x0000000758a00000, 0x0000000758a00000|100%| O|  |TAMS 0x0000000758800000, 0x0000000758800000| Untracked 
| 197|0x0000000758a00000, 0x0000000758c00000, 0x0000000758c00000|100%| O|  |TAMS 0x0000000758a00000, 0x0000000758a00000| Untracked 
| 198|0x0000000758c00000, 0x0000000758e00000, 0x0000000758e00000|100%| O|  |TAMS 0x0000000758c00000, 0x0000000758c00000| Untracked 
| 199|0x0000000758e00000, 0x0000000759000000, 0x0000000759000000|100%| O|  |TAMS 0x0000000758e00000, 0x0000000758e00000| Untracked 
| 200|0x0000000759000000, 0x0000000759200000, 0x0000000759200000|100%| O|  |TAMS 0x0000000759000000, 0x0000000759000000| Untracked 
| 201|0x0000000759200000, 0x0000000759400000, 0x0000000759400000|100%| O|  |TAMS 0x0000000759200000, 0x0000000759200000| Untracked 
| 202|0x0000000759400000, 0x0000000759600000, 0x0000000759600000|100%| O|  |TAMS 0x0000000759400000, 0x0000000759400000| Untracked 
| 203|0x0000000759600000, 0x0000000759800000, 0x0000000759800000|100%| O|  |TAMS 0x0000000759600000, 0x0000000759600000| Untracked 
| 204|0x0000000759800000, 0x0000000759a00000, 0x0000000759a00000|100%| O|  |TAMS 0x0000000759800000, 0x0000000759800000| Untracked 
| 205|0x0000000759a00000, 0x0000000759c00000, 0x0000000759c00000|100%| O|  |TAMS 0x0000000759a00000, 0x0000000759a00000| Untracked 
| 206|0x0000000759c00000, 0x0000000759e00000, 0x0000000759e00000|100%| O|  |TAMS 0x0000000759c00000, 0x0000000759c00000| Untracked 
| 207|0x0000000759e00000, 0x000000075a000000, 0x000000075a000000|100%| O|  |TAMS 0x0000000759e00000, 0x0000000759e00000| Untracked 
| 208|0x000000075a000000, 0x000000075a200000, 0x000000075a200000|100%| O|  |TAMS 0x000000075a000000, 0x000000075a000000| Untracked 
| 209|0x000000075a200000, 0x000000075a400000, 0x000000075a400000|100%| O|  |TAMS 0x000000075a200000, 0x000000075a200000| Untracked 
| 210|0x000000075a400000, 0x000000075a600000, 0x000000075a600000|100%| O|  |TAMS 0x000000075a400000, 0x000000075a400000| Untracked 
| 211|0x000000075a600000, 0x000000075a800000, 0x000000075a800000|100%| O|  |TAMS 0x000000075a600000, 0x000000075a600000| Untracked 
| 212|0x000000075a800000, 0x000000075aa00000, 0x000000075aa00000|100%| O|  |TAMS 0x000000075a800000, 0x000000075a800000| Untracked 
| 213|0x000000075aa00000, 0x000000075ac00000, 0x000000075ac00000|100%| O|  |TAMS 0x000000075aa00000, 0x000000075aa00000| Untracked 
| 214|0x000000075ac00000, 0x000000075ae00000, 0x000000075ae00000|100%| O|  |TAMS 0x000000075ac00000, 0x000000075ac00000| Untracked 
| 215|0x000000075ae00000, 0x000000075b000000, 0x000000075b000000|100%| O|  |TAMS 0x000000075ae00000, 0x000000075ae00000| Untracked 
| 216|0x000000075b000000, 0x000000075b200000, 0x000000075b200000|100%| O|  |TAMS 0x000000075b000000, 0x000000075b000000| Untracked 
| 217|0x000000075b200000, 0x000000075b400000, 0x000000075b400000|100%| O|  |TAMS 0x000000075b200000, 0x000000075b200000| Untracked 
| 218|0x000000075b400000, 0x000000075b600000, 0x000000075b600000|100%| O|  |TAMS 0x000000075b400000, 0x000000075b400000| Untracked 
| 219|0x000000075b600000, 0x000000075b800000, 0x000000075b800000|100%| O|  |TAMS 0x000000075b600000, 0x000000075b600000| Untracked 
| 220|0x000000075b800000, 0x000000075ba00000, 0x000000075ba00000|100%| O|  |TAMS 0x000000075b800000, 0x000000075b800000| Untracked 
| 221|0x000000075ba00000, 0x000000075bc00000, 0x000000075bc00000|100%| O|  |TAMS 0x000000075ba00000, 0x000000075ba00000| Untracked 
| 222|0x000000075bc00000, 0x000000075be00000, 0x000000075be00000|100%| O|  |TAMS 0x000000075bc00000, 0x000000075bc00000| Untracked 
| 223|0x000000075be00000, 0x000000075c000000, 0x000000075c000000|100%| O|  |TAMS 0x000000075be00000, 0x000000075be00000| Untracked 
| 224|0x000000075c000000, 0x000000075c200000, 0x000000075c200000|100%| O|  |TAMS 0x000000075c000000, 0x000000075c000000| Untracked 
| 225|0x000000075c200000, 0x000000075c400000, 0x000000075c400000|100%| O|  |TAMS 0x000000075c200000, 0x000000075c200000| Untracked 
| 226|0x000000075c400000, 0x000000075c600000, 0x000000075c600000|100%| O|  |TAMS 0x000000075c400000, 0x000000075c400000| Untracked 
| 227|0x000000075c600000, 0x000000075c800000, 0x000000075c800000|100%| O|  |TAMS 0x000000075c600000, 0x000000075c600000| Untracked 
| 228|0x000000075c800000, 0x000000075ca00000, 0x000000075ca00000|100%| O|  |TAMS 0x000000075c800000, 0x000000075c800000| Untracked 
| 229|0x000000075ca00000, 0x000000075cc00000, 0x000000075cc00000|100%| O|  |TAMS 0x000000075ca00000, 0x000000075ca00000| Untracked 
| 230|0x000000075cc00000, 0x000000075ce00000, 0x000000075ce00000|100%| O|  |TAMS 0x000000075cc00000, 0x000000075cc00000| Untracked 
| 231|0x000000075ce00000, 0x000000075d000000, 0x000000075d000000|100%| O|  |TAMS 0x000000075ce00000, 0x000000075ce00000| Untracked 
| 232|0x000000075d000000, 0x000000075d200000, 0x000000075d200000|100%| O|  |TAMS 0x000000075d000000, 0x000000075d000000| Untracked 
| 233|0x000000075d200000, 0x000000075d400000, 0x000000075d400000|100%| O|  |TAMS 0x000000075d200000, 0x000000075d200000| Untracked 
| 234|0x000000075d400000, 0x000000075d600000, 0x000000075d600000|100%| O|  |TAMS 0x000000075d400000, 0x000000075d400000| Untracked 
| 235|0x000000075d600000, 0x000000075d800000, 0x000000075d800000|100%| O|  |TAMS 0x000000075d600000, 0x000000075d600000| Untracked 
| 236|0x000000075d800000, 0x000000075da00000, 0x000000075da00000|100%| O|  |TAMS 0x000000075d800000, 0x000000075d800000| Untracked 
| 237|0x000000075da00000, 0x000000075dc00000, 0x000000075dc00000|100%| O|  |TAMS 0x000000075da00000, 0x000000075da00000| Untracked 
| 238|0x000000075dc00000, 0x000000075de00000, 0x000000075de00000|100%| O|  |TAMS 0x000000075dc00000, 0x000000075dc00000| Untracked 
| 239|0x000000075de00000, 0x000000075e000000, 0x000000075e000000|100%| O|  |TAMS 0x000000075de00000, 0x000000075de00000| Untracked 
| 240|0x000000075e000000, 0x000000075e200000, 0x000000075e200000|100%| O|  |TAMS 0x000000075e000000, 0x000000075e000000| Untracked 
| 241|0x000000075e200000, 0x000000075e400000, 0x000000075e400000|100%|HS|  |TAMS 0x000000075e200000, 0x000000075e200000| Complete 
| 242|0x000000075e400000, 0x000000075e600000, 0x000000075e600000|100%|HC|  |TAMS 0x000000075e400000, 0x000000075e400000| Complete 
| 243|0x000000075e600000, 0x000000075e800000, 0x000000075e800000|100%|HS|  |TAMS 0x000000075e600000, 0x000000075e600000| Complete 
| 244|0x000000075e800000, 0x000000075ea00000, 0x000000075ea00000|100%| O|  |TAMS 0x000000075e800000, 0x000000075e800000| Untracked 
| 245|0x000000075ea00000, 0x000000075ec00000, 0x000000075ec00000|100%| O|  |TAMS 0x000000075ea00000, 0x000000075ea00000| Untracked 
| 246|0x000000075ec00000, 0x000000075ee00000, 0x000000075ee00000|100%| O|  |TAMS 0x000000075ec00000, 0x000000075ec00000| Untracked 
| 247|0x000000075ee00000, 0x000000075f000000, 0x000000075f000000|100%| O|  |TAMS 0x000000075ee00000, 0x000000075ee00000| Untracked 
| 248|0x000000075f000000, 0x000000075f200000, 0x000000075f200000|100%| O|  |TAMS 0x000000075f000000, 0x000000075f000000| Untracked 
| 249|0x000000075f200000, 0x000000075f400000, 0x000000075f400000|100%| O|  |TAMS 0x000000075f200000, 0x000000075f200000| Untracked 
| 250|0x000000075f400000, 0x000000075f600000, 0x000000075f600000|100%| O|  |TAMS 0x000000075f400000, 0x000000075f400000| Untracked 
| 251|0x000000075f600000, 0x000000075f800000, 0x000000075f800000|100%| O|  |TAMS 0x000000075f600000, 0x000000075f600000| Untracked 
| 252|0x000000075f800000, 0x000000075fa00000, 0x000000075fa00000|100%|HS|  |TAMS 0x000000075f800000, 0x000000075f800000| Complete 
| 253|0x000000075fa00000, 0x000000075fc00000, 0x000000075fc00000|100%| O|  |TAMS 0x000000075fa00000, 0x000000075fa00000| Untracked 
| 254|0x000000075fc00000, 0x000000075fe00000, 0x000000075fe00000|100%| O|  |TAMS 0x000000075fc00000, 0x000000075fc00000| Untracked 
| 255|0x000000075fe00000, 0x0000000760000000, 0x0000000760000000|100%| O|  |TAMS 0x000000075fe00000, 0x000000075fe00000| Untracked 
| 256|0x0000000760000000, 0x0000000760200000, 0x0000000760200000|100%|HS|  |TAMS 0x0000000760000000, 0x0000000760000000| Complete 
| 257|0x0000000760200000, 0x0000000760400000, 0x0000000760400000|100%| O|  |TAMS 0x0000000760200000, 0x0000000760200000| Untracked 
| 258|0x0000000760400000, 0x0000000760600000, 0x0000000760600000|100%| O|  |TAMS 0x0000000760400000, 0x0000000760400000| Untracked 
| 259|0x0000000760600000, 0x0000000760800000, 0x0000000760800000|100%| O|  |TAMS 0x0000000760600000, 0x0000000760600000| Untracked 
| 260|0x0000000760800000, 0x0000000760a00000, 0x0000000760a00000|100%| O|  |TAMS 0x0000000760800000, 0x0000000760800000| Untracked 
| 261|0x0000000760a00000, 0x0000000760c00000, 0x0000000760c00000|100%| O|  |TAMS 0x0000000760a00000, 0x0000000760a00000| Untracked 
| 262|0x0000000760c00000, 0x0000000760e00000, 0x0000000760e00000|100%| O|  |TAMS 0x0000000760c00000, 0x0000000760c00000| Untracked 
| 263|0x0000000760e00000, 0x0000000761000000, 0x0000000761000000|100%| O|  |TAMS 0x0000000760e00000, 0x0000000760e00000| Untracked 
| 264|0x0000000761000000, 0x0000000761200000, 0x0000000761200000|100%| O|  |TAMS 0x0000000761000000, 0x0000000761000000| Untracked 
| 265|0x0000000761200000, 0x0000000761400000, 0x0000000761400000|100%| O|  |TAMS 0x0000000761200000, 0x0000000761200000| Untracked 
| 266|0x0000000761400000, 0x0000000761600000, 0x0000000761600000|100%| O|  |TAMS 0x0000000761400000, 0x0000000761400000| Untracked 
| 267|0x0000000761600000, 0x0000000761800000, 0x0000000761800000|100%| O|  |TAMS 0x0000000761600000, 0x0000000761600000| Untracked 
| 268|0x0000000761800000, 0x0000000761a00000, 0x0000000761a00000|100%| O|  |TAMS 0x0000000761800000, 0x0000000761800000| Untracked 
| 269|0x0000000761a00000, 0x0000000761c00000, 0x0000000761c00000|100%| O|  |TAMS 0x0000000761a00000, 0x0000000761a00000| Untracked 
| 270|0x0000000761c00000, 0x0000000761e00000, 0x0000000761e00000|100%|HS|  |TAMS 0x0000000761c00000, 0x0000000761c00000| Complete 
| 271|0x0000000761e00000, 0x0000000762000000, 0x0000000762000000|100%| O|  |TAMS 0x0000000761e00000, 0x0000000761e00000| Untracked 
| 272|0x0000000762000000, 0x0000000762200000, 0x0000000762200000|100%|HS|  |TAMS 0x0000000762000000, 0x0000000762000000| Complete 
| 273|0x0000000762200000, 0x0000000762400000, 0x0000000762400000|100%| O|  |TAMS 0x0000000762200000, 0x0000000762200000| Untracked 
| 274|0x0000000762400000, 0x0000000762600000, 0x0000000762600000|100%| O|  |TAMS 0x0000000762400000, 0x0000000762400000| Untracked 
| 275|0x0000000762600000, 0x000000076260e600, 0x0000000762800000|  2%| O|  |TAMS 0x0000000762600000, 0x0000000762600000| Untracked 
| 276|0x0000000762800000, 0x0000000762a00000, 0x0000000762a00000|100%|HS|  |TAMS 0x0000000762800000, 0x0000000762800000| Complete 
| 277|0x0000000762a00000, 0x0000000762c00000, 0x0000000762c00000|100%|HS|  |TAMS 0x0000000762a00000, 0x0000000762a00000| Complete 
| 278|0x0000000762c00000, 0x0000000762e00000, 0x0000000762e00000|100%|HS|  |TAMS 0x0000000762c00000, 0x0000000762c00000| Complete 
| 279|0x0000000762e00000, 0x0000000763000000, 0x0000000763000000|100%|HS|  |TAMS 0x0000000762e00000, 0x0000000762e00000| Complete 
| 280|0x0000000763000000, 0x0000000763200000, 0x0000000763200000|100%|HS|  |TAMS 0x0000000763000000, 0x0000000763000000| Complete 
| 281|0x0000000763200000, 0x0000000763200000, 0x0000000763400000|  0%| F|  |TAMS 0x0000000763200000, 0x0000000763200000| Untracked 
| 282|0x0000000763400000, 0x0000000763400000, 0x0000000763600000|  0%| F|  |TAMS 0x0000000763400000, 0x0000000763400000| Untracked 
| 283|0x0000000763600000, 0x0000000763600000, 0x0000000763800000|  0%| F|  |TAMS 0x0000000763600000, 0x0000000763600000| Untracked 
| 284|0x0000000763800000, 0x0000000763800000, 0x0000000763a00000|  0%| F|  |TAMS 0x0000000763800000, 0x0000000763800000| Untracked 
| 285|0x0000000763a00000, 0x0000000763a00000, 0x0000000763c00000|  0%| F|  |TAMS 0x0000000763a00000, 0x0000000763a00000| Untracked 
| 286|0x0000000763c00000, 0x0000000763c00000, 0x0000000763e00000|  0%| F|  |TAMS 0x0000000763c00000, 0x0000000763c00000| Untracked 
| 287|0x0000000763e00000, 0x0000000763e00000, 0x0000000764000000|  0%| F|  |TAMS 0x0000000763e00000, 0x0000000763e00000| Untracked 
| 288|0x0000000764000000, 0x0000000764000000, 0x0000000764200000|  0%| F|  |TAMS 0x0000000764000000, 0x0000000764000000| Untracked 
| 289|0x0000000764200000, 0x0000000764200000, 0x0000000764400000|  0%| F|  |TAMS 0x0000000764200000, 0x0000000764200000| Untracked 
| 290|0x0000000764400000, 0x0000000764400000, 0x0000000764600000|  0%| F|  |TAMS 0x0000000764400000, 0x0000000764400000| Untracked 
| 291|0x0000000764600000, 0x0000000764600000, 0x0000000764800000|  0%| F|  |TAMS 0x0000000764600000, 0x0000000764600000| Untracked 
| 292|0x0000000764800000, 0x0000000764800000, 0x0000000764a00000|  0%| F|  |TAMS 0x0000000764800000, 0x0000000764800000| Untracked 
| 293|0x0000000764a00000, 0x0000000764a00000, 0x0000000764c00000|  0%| F|  |TAMS 0x0000000764a00000, 0x0000000764a00000| Untracked 
| 294|0x0000000764c00000, 0x0000000764c00000, 0x0000000764e00000|  0%| F|  |TAMS 0x0000000764c00000, 0x0000000764c00000| Untracked 
| 295|0x0000000764e00000, 0x0000000764e00000, 0x0000000765000000|  0%| F|  |TAMS 0x0000000764e00000, 0x0000000764e00000| Untracked 
| 296|0x0000000765000000, 0x0000000765000000, 0x0000000765200000|  0%| F|  |TAMS 0x0000000765000000, 0x0000000765000000| Untracked 
| 297|0x0000000765200000, 0x0000000765200000, 0x0000000765400000|  0%| F|  |TAMS 0x0000000765200000, 0x0000000765200000| Untracked 
| 298|0x0000000765400000, 0x0000000765400000, 0x0000000765600000|  0%| F|  |TAMS 0x0000000765400000, 0x0000000765400000| Untracked 
| 299|0x0000000765600000, 0x0000000765600000, 0x0000000765800000|  0%| F|  |TAMS 0x0000000765600000, 0x0000000765600000| Untracked 
| 300|0x0000000765800000, 0x0000000765800000, 0x0000000765a00000|  0%| F|  |TAMS 0x0000000765800000, 0x0000000765800000| Untracked 
| 301|0x0000000765a00000, 0x0000000765a00000, 0x0000000765c00000|  0%| F|  |TAMS 0x0000000765a00000, 0x0000000765a00000| Untracked 
| 302|0x0000000765c00000, 0x0000000765c00000, 0x0000000765e00000|  0%| F|  |TAMS 0x0000000765c00000, 0x0000000765c00000| Untracked 
| 303|0x0000000765e00000, 0x0000000765e00000, 0x0000000766000000|  0%| F|  |TAMS 0x0000000765e00000, 0x0000000765e00000| Untracked 
| 304|0x0000000766000000, 0x0000000766000000, 0x0000000766200000|  0%| F|  |TAMS 0x0000000766000000, 0x0000000766000000| Untracked 
| 305|0x0000000766200000, 0x0000000766200000, 0x0000000766400000|  0%| F|  |TAMS 0x0000000766200000, 0x0000000766200000| Untracked 
| 306|0x0000000766400000, 0x0000000766400000, 0x0000000766600000|  0%| F|  |TAMS 0x0000000766400000, 0x0000000766400000| Untracked 
| 307|0x0000000766600000, 0x0000000766600000, 0x0000000766800000|  0%| F|  |TAMS 0x0000000766600000, 0x0000000766600000| Untracked 
| 308|0x0000000766800000, 0x0000000766800000, 0x0000000766a00000|  0%| F|  |TAMS 0x0000000766800000, 0x0000000766800000| Untracked 
| 309|0x0000000766a00000, 0x0000000766a00000, 0x0000000766c00000|  0%| F|  |TAMS 0x0000000766a00000, 0x0000000766a00000| Untracked 
| 310|0x0000000766c00000, 0x0000000766c00000, 0x0000000766e00000|  0%| F|  |TAMS 0x0000000766c00000, 0x0000000766c00000| Untracked 
| 311|0x0000000766e00000, 0x0000000766e00000, 0x0000000767000000|  0%| F|  |TAMS 0x0000000766e00000, 0x0000000766e00000| Untracked 
| 312|0x0000000767000000, 0x0000000767000000, 0x0000000767200000|  0%| F|  |TAMS 0x0000000767000000, 0x0000000767000000| Untracked 
| 313|0x0000000767200000, 0x0000000767200000, 0x0000000767400000|  0%| F|  |TAMS 0x0000000767200000, 0x0000000767200000| Untracked 
| 314|0x0000000767400000, 0x0000000767400000, 0x0000000767600000|  0%| F|  |TAMS 0x0000000767400000, 0x0000000767400000| Untracked 
| 315|0x0000000767600000, 0x0000000767600000, 0x0000000767800000|  0%| F|  |TAMS 0x0000000767600000, 0x0000000767600000| Untracked 
| 316|0x0000000767800000, 0x0000000767800000, 0x0000000767a00000|  0%| F|  |TAMS 0x0000000767800000, 0x0000000767800000| Untracked 
| 317|0x0000000767a00000, 0x0000000767a00000, 0x0000000767c00000|  0%| F|  |TAMS 0x0000000767a00000, 0x0000000767a00000| Untracked 
| 318|0x0000000767c00000, 0x0000000767c00000, 0x0000000767e00000|  0%| F|  |TAMS 0x0000000767c00000, 0x0000000767c00000| Untracked 
| 319|0x0000000767e00000, 0x0000000767e00000, 0x0000000768000000|  0%| F|  |TAMS 0x0000000767e00000, 0x0000000767e00000| Untracked 
| 320|0x0000000768000000, 0x0000000768000000, 0x0000000768200000|  0%| F|  |TAMS 0x0000000768000000, 0x0000000768000000| Untracked 
| 321|0x0000000768200000, 0x0000000768200000, 0x0000000768400000|  0%| F|  |TAMS 0x0000000768200000, 0x0000000768200000| Untracked 
| 322|0x0000000768400000, 0x0000000768400000, 0x0000000768600000|  0%| F|  |TAMS 0x0000000768400000, 0x0000000768400000| Untracked 
| 323|0x0000000768600000, 0x0000000768600000, 0x0000000768800000|  0%| F|  |TAMS 0x0000000768600000, 0x0000000768600000| Untracked 
| 324|0x0000000768800000, 0x0000000768800000, 0x0000000768a00000|  0%| F|  |TAMS 0x0000000768800000, 0x0000000768800000| Untracked 
| 325|0x0000000768a00000, 0x0000000768a00000, 0x0000000768c00000|  0%| F|  |TAMS 0x0000000768a00000, 0x0000000768a00000| Untracked 
| 326|0x0000000768c00000, 0x0000000768c00000, 0x0000000768e00000|  0%| F|  |TAMS 0x0000000768c00000, 0x0000000768c00000| Untracked 
| 327|0x0000000768e00000, 0x0000000768e00000, 0x0000000769000000|  0%| F|  |TAMS 0x0000000768e00000, 0x0000000768e00000| Untracked 
| 328|0x0000000769000000, 0x0000000769000000, 0x0000000769200000|  0%| F|  |TAMS 0x0000000769000000, 0x0000000769000000| Untracked 
| 329|0x0000000769200000, 0x0000000769200000, 0x0000000769400000|  0%| F|  |TAMS 0x0000000769200000, 0x0000000769200000| Untracked 
| 330|0x0000000769400000, 0x0000000769400000, 0x0000000769600000|  0%| F|  |TAMS 0x0000000769400000, 0x0000000769400000| Untracked 
| 331|0x0000000769600000, 0x0000000769600000, 0x0000000769800000|  0%| F|  |TAMS 0x0000000769600000, 0x0000000769600000| Untracked 
| 332|0x0000000769800000, 0x0000000769800000, 0x0000000769a00000|  0%| F|  |TAMS 0x0000000769800000, 0x0000000769800000| Untracked 
| 333|0x0000000769a00000, 0x0000000769a00000, 0x0000000769c00000|  0%| F|  |TAMS 0x0000000769a00000, 0x0000000769a00000| Untracked 
| 334|0x0000000769c00000, 0x0000000769c00000, 0x0000000769e00000|  0%| F|  |TAMS 0x0000000769c00000, 0x0000000769c00000| Untracked 
| 335|0x0000000769e00000, 0x0000000769e17e40, 0x000000076a000000|  4%| S|CS|TAMS 0x0000000769e00000, 0x0000000769e00000| Complete 
| 336|0x000000076a000000, 0x000000076a200000, 0x000000076a200000|100%| S|CS|TAMS 0x000000076a000000, 0x000000076a000000| Complete 
| 337|0x000000076a200000, 0x000000076a400000, 0x000000076a400000|100%| S|CS|TAMS 0x000000076a200000, 0x000000076a200000| Complete 
| 338|0x000000076a400000, 0x000000076a600000, 0x000000076a600000|100%| S|CS|TAMS 0x000000076a400000, 0x000000076a400000| Complete 
| 339|0x000000076a600000, 0x000000076a800000, 0x000000076a800000|100%| S|CS|TAMS 0x000000076a600000, 0x000000076a600000| Complete 
| 340|0x000000076a800000, 0x000000076aa00000, 0x000000076aa00000|100%| S|CS|TAMS 0x000000076a800000, 0x000000076a800000| Complete 
| 341|0x000000076aa00000, 0x000000076ac00000, 0x000000076ac00000|100%| S|CS|TAMS 0x000000076aa00000, 0x000000076aa00000| Complete 
| 342|0x000000076ac00000, 0x000000076ae00000, 0x000000076ae00000|100%| S|CS|TAMS 0x000000076ac00000, 0x000000076ac00000| Complete 
| 343|0x000000076ae00000, 0x000000076b000000, 0x000000076b000000|100%| S|CS|TAMS 0x000000076ae00000, 0x000000076ae00000| Complete 
| 344|0x000000076b000000, 0x000000076b000000, 0x000000076b200000|  0%| F|  |TAMS 0x000000076b000000, 0x000000076b000000| Untracked 
| 345|0x000000076b200000, 0x000000076b200000, 0x000000076b400000|  0%| F|  |TAMS 0x000000076b200000, 0x000000076b200000| Untracked 
| 346|0x000000076b400000, 0x000000076b400000, 0x000000076b600000|  0%| F|  |TAMS 0x000000076b400000, 0x000000076b400000| Untracked 
| 347|0x000000076b600000, 0x000000076b600000, 0x000000076b800000|  0%| F|  |TAMS 0x000000076b600000, 0x000000076b600000| Untracked 
| 348|0x000000076b800000, 0x000000076b800000, 0x000000076ba00000|  0%| F|  |TAMS 0x000000076b800000, 0x000000076b800000| Untracked 
| 349|0x000000076ba00000, 0x000000076ba00000, 0x000000076bc00000|  0%| F|  |TAMS 0x000000076ba00000, 0x000000076ba00000| Untracked 
| 350|0x000000076bc00000, 0x000000076bc00000, 0x000000076be00000|  0%| F|  |TAMS 0x000000076bc00000, 0x000000076bc00000| Untracked 
| 351|0x000000076be00000, 0x000000076be00000, 0x000000076c000000|  0%| F|  |TAMS 0x000000076be00000, 0x000000076be00000| Untracked 
| 352|0x000000076c000000, 0x000000076c000000, 0x000000076c200000|  0%| F|  |TAMS 0x000000076c000000, 0x000000076c000000| Untracked 
| 353|0x000000076c200000, 0x000000076c200000, 0x000000076c400000|  0%| F|  |TAMS 0x000000076c200000, 0x000000076c200000| Untracked 
| 354|0x000000076c400000, 0x000000076c400000, 0x000000076c600000|  0%| F|  |TAMS 0x000000076c400000, 0x000000076c400000| Untracked 
| 355|0x000000076c600000, 0x000000076c600000, 0x000000076c800000|  0%| F|  |TAMS 0x000000076c600000, 0x000000076c600000| Untracked 
| 356|0x000000076c800000, 0x000000076c800000, 0x000000076ca00000|  0%| F|  |TAMS 0x000000076c800000, 0x000000076c800000| Untracked 
| 357|0x000000076ca00000, 0x000000076ca00000, 0x000000076cc00000|  0%| F|  |TAMS 0x000000076ca00000, 0x000000076ca00000| Untracked 
| 358|0x000000076cc00000, 0x000000076cc00000, 0x000000076ce00000|  0%| F|  |TAMS 0x000000076cc00000, 0x000000076cc00000| Untracked 
| 359|0x000000076ce00000, 0x000000076ce00000, 0x000000076d000000|  0%| F|  |TAMS 0x000000076ce00000, 0x000000076ce00000| Untracked 
| 360|0x000000076d000000, 0x000000076d000000, 0x000000076d200000|  0%| F|  |TAMS 0x000000076d000000, 0x000000076d000000| Untracked 
| 361|0x000000076d200000, 0x000000076d200000, 0x000000076d400000|  0%| F|  |TAMS 0x000000076d200000, 0x000000076d200000| Untracked 
| 362|0x000000076d400000, 0x000000076d400000, 0x000000076d600000|  0%| F|  |TAMS 0x000000076d400000, 0x000000076d400000| Untracked 
| 363|0x000000076d600000, 0x000000076d600000, 0x000000076d800000|  0%| F|  |TAMS 0x000000076d600000, 0x000000076d600000| Untracked 
| 364|0x000000076d800000, 0x000000076d800000, 0x000000076da00000|  0%| F|  |TAMS 0x000000076d800000, 0x000000076d800000| Untracked 
| 365|0x000000076da00000, 0x000000076da00000, 0x000000076dc00000|  0%| F|  |TAMS 0x000000076da00000, 0x000000076da00000| Untracked 
| 366|0x000000076dc00000, 0x000000076dc00000, 0x000000076de00000|  0%| F|  |TAMS 0x000000076dc00000, 0x000000076dc00000| Untracked 
| 367|0x000000076de00000, 0x000000076de00000, 0x000000076e000000|  0%| F|  |TAMS 0x000000076de00000, 0x000000076de00000| Untracked 
| 368|0x000000076e000000, 0x000000076e000000, 0x000000076e200000|  0%| F|  |TAMS 0x000000076e000000, 0x000000076e000000| Untracked 
| 369|0x000000076e200000, 0x000000076e200000, 0x000000076e400000|  0%| F|  |TAMS 0x000000076e200000, 0x000000076e200000| Untracked 
| 370|0x000000076e400000, 0x000000076e400000, 0x000000076e600000|  0%| F|  |TAMS 0x000000076e400000, 0x000000076e400000| Untracked 
| 371|0x000000076e600000, 0x000000076e600000, 0x000000076e800000|  0%| F|  |TAMS 0x000000076e600000, 0x000000076e600000| Untracked 
| 372|0x000000076e800000, 0x000000076e800000, 0x000000076ea00000|  0%| F|  |TAMS 0x000000076e800000, 0x000000076e800000| Untracked 
| 373|0x000000076ea00000, 0x000000076ea00000, 0x000000076ec00000|  0%| F|  |TAMS 0x000000076ea00000, 0x000000076ea00000| Untracked 
| 374|0x000000076ec00000, 0x000000076ec00000, 0x000000076ee00000|  0%| F|  |TAMS 0x000000076ec00000, 0x000000076ec00000| Untracked 
| 375|0x000000076ee00000, 0x000000076ee00000, 0x000000076f000000|  0%| F|  |TAMS 0x000000076ee00000, 0x000000076ee00000| Untracked 
| 376|0x000000076f000000, 0x000000076f000000, 0x000000076f200000|  0%| F|  |TAMS 0x000000076f000000, 0x000000076f000000| Untracked 
| 377|0x000000076f200000, 0x000000076f200000, 0x000000076f400000|  0%| F|  |TAMS 0x000000076f200000, 0x000000076f200000| Untracked 
| 378|0x000000076f400000, 0x000000076f400000, 0x000000076f600000|  0%| F|  |TAMS 0x000000076f400000, 0x000000076f400000| Untracked 
| 379|0x000000076f600000, 0x000000076f600000, 0x000000076f800000|  0%| F|  |TAMS 0x000000076f600000, 0x000000076f600000| Untracked 
| 380|0x000000076f800000, 0x000000076f800000, 0x000000076fa00000|  0%| F|  |TAMS 0x000000076f800000, 0x000000076f800000| Untracked 
| 381|0x000000076fa00000, 0x000000076fa00000, 0x000000076fc00000|  0%| F|  |TAMS 0x000000076fa00000, 0x000000076fa00000| Untracked 
| 382|0x000000076fc00000, 0x000000076fc00000, 0x000000076fe00000|  0%| F|  |TAMS 0x000000076fc00000, 0x000000076fc00000| Untracked 
| 383|0x000000076fe00000, 0x000000076fe00000, 0x0000000770000000|  0%| F|  |TAMS 0x000000076fe00000, 0x000000076fe00000| Untracked 
| 384|0x0000000770000000, 0x0000000770000000, 0x0000000770200000|  0%| F|  |TAMS 0x0000000770000000, 0x0000000770000000| Untracked 
| 385|0x0000000770200000, 0x0000000770200000, 0x0000000770400000|  0%| F|  |TAMS 0x0000000770200000, 0x0000000770200000| Untracked 
| 386|0x0000000770400000, 0x0000000770400000, 0x0000000770600000|  0%| F|  |TAMS 0x0000000770400000, 0x0000000770400000| Untracked 
| 387|0x0000000770600000, 0x0000000770600000, 0x0000000770800000|  0%| F|  |TAMS 0x0000000770600000, 0x0000000770600000| Untracked 
| 388|0x0000000770800000, 0x0000000770800000, 0x0000000770a00000|  0%| F|  |TAMS 0x0000000770800000, 0x0000000770800000| Untracked 
| 389|0x0000000770a00000, 0x0000000770a00000, 0x0000000770c00000|  0%| F|  |TAMS 0x0000000770a00000, 0x0000000770a00000| Untracked 
| 390|0x0000000770c00000, 0x0000000770c00000, 0x0000000770e00000|  0%| F|  |TAMS 0x0000000770c00000, 0x0000000770c00000| Untracked 
| 391|0x0000000770e00000, 0x0000000770e00000, 0x0000000771000000|  0%| F|  |TAMS 0x0000000770e00000, 0x0000000770e00000| Untracked 
| 392|0x0000000771000000, 0x0000000771000000, 0x0000000771200000|  0%| F|  |TAMS 0x0000000771000000, 0x0000000771000000| Untracked 
| 393|0x0000000771200000, 0x0000000771200000, 0x0000000771400000|  0%| F|  |TAMS 0x0000000771200000, 0x0000000771200000| Untracked 
| 394|0x0000000771400000, 0x0000000771400000, 0x0000000771600000|  0%| F|  |TAMS 0x0000000771400000, 0x0000000771400000| Untracked 
| 395|0x0000000771600000, 0x0000000771600000, 0x0000000771800000|  0%| F|  |TAMS 0x0000000771600000, 0x0000000771600000| Untracked 
| 396|0x0000000771800000, 0x0000000771800000, 0x0000000771a00000|  0%| F|  |TAMS 0x0000000771800000, 0x0000000771800000| Untracked 
| 397|0x0000000771a00000, 0x0000000771a00000, 0x0000000771c00000|  0%| F|  |TAMS 0x0000000771a00000, 0x0000000771a00000| Untracked 
| 398|0x0000000771c00000, 0x0000000771c00000, 0x0000000771e00000|  0%| F|  |TAMS 0x0000000771c00000, 0x0000000771c00000| Untracked 
| 399|0x0000000771e00000, 0x0000000771e00000, 0x0000000772000000|  0%| F|  |TAMS 0x0000000771e00000, 0x0000000771e00000| Untracked 
| 400|0x0000000772000000, 0x0000000772000000, 0x0000000772200000|  0%| F|  |TAMS 0x0000000772000000, 0x0000000772000000| Untracked 
| 401|0x0000000772200000, 0x0000000772200000, 0x0000000772400000|  0%| F|  |TAMS 0x0000000772200000, 0x0000000772200000| Untracked 
| 402|0x0000000772400000, 0x0000000772400000, 0x0000000772600000|  0%| F|  |TAMS 0x0000000772400000, 0x0000000772400000| Untracked 
| 403|0x0000000772600000, 0x0000000772600000, 0x0000000772800000|  0%| F|  |TAMS 0x0000000772600000, 0x0000000772600000| Untracked 
| 404|0x0000000772800000, 0x0000000772800000, 0x0000000772a00000|  0%| F|  |TAMS 0x0000000772800000, 0x0000000772800000| Untracked 
| 405|0x0000000772a00000, 0x0000000772a00000, 0x0000000772c00000|  0%| F|  |TAMS 0x0000000772a00000, 0x0000000772a00000| Untracked 
| 406|0x0000000772c00000, 0x0000000772d80e18, 0x0000000772e00000| 75%| E|  |TAMS 0x0000000772c00000, 0x0000000772c00000| Complete 
| 407|0x0000000772e00000, 0x0000000773000000, 0x0000000773000000|100%| E|CS|TAMS 0x0000000772e00000, 0x0000000772e00000| Complete 
| 408|0x0000000773000000, 0x0000000773200000, 0x0000000773200000|100%| E|CS|TAMS 0x0000000773000000, 0x0000000773000000| Complete 
| 409|0x0000000773200000, 0x0000000773400000, 0x0000000773400000|100%| E|CS|TAMS 0x0000000773200000, 0x0000000773200000| Complete 
| 410|0x0000000773400000, 0x0000000773600000, 0x0000000773600000|100%| E|CS|TAMS 0x0000000773400000, 0x0000000773400000| Complete 
| 411|0x0000000773600000, 0x0000000773800000, 0x0000000773800000|100%| E|  |TAMS 0x0000000773600000, 0x0000000773600000| Complete 
| 412|0x0000000773800000, 0x0000000773a00000, 0x0000000773a00000|100%| E|CS|TAMS 0x0000000773800000, 0x0000000773800000| Complete 
| 413|0x0000000773a00000, 0x0000000773c00000, 0x0000000773c00000|100%| E|CS|TAMS 0x0000000773a00000, 0x0000000773a00000| Complete 
| 414|0x0000000773c00000, 0x0000000773e00000, 0x0000000773e00000|100%| E|CS|TAMS 0x0000000773c00000, 0x0000000773c00000| Complete 
| 415|0x0000000773e00000, 0x0000000774000000, 0x0000000774000000|100%| E|CS|TAMS 0x0000000773e00000, 0x0000000773e00000| Complete 
| 416|0x0000000774000000, 0x0000000774200000, 0x0000000774200000|100%| E|CS|TAMS 0x0000000774000000, 0x0000000774000000| Complete 
| 417|0x0000000774200000, 0x0000000774400000, 0x0000000774400000|100%| E|CS|TAMS 0x0000000774200000, 0x0000000774200000| Complete 
| 418|0x0000000774400000, 0x0000000774600000, 0x0000000774600000|100%| E|CS|TAMS 0x0000000774400000, 0x0000000774400000| Complete 
| 419|0x0000000774600000, 0x0000000774800000, 0x0000000774800000|100%| E|CS|TAMS 0x0000000774600000, 0x0000000774600000| Complete 
| 420|0x0000000774800000, 0x0000000774a00000, 0x0000000774a00000|100%| E|CS|TAMS 0x0000000774800000, 0x0000000774800000| Complete 
| 421|0x0000000774a00000, 0x0000000774c00000, 0x0000000774c00000|100%| E|CS|TAMS 0x0000000774a00000, 0x0000000774a00000| Complete 
| 422|0x0000000774c00000, 0x0000000774e00000, 0x0000000774e00000|100%| E|CS|TAMS 0x0000000774c00000, 0x0000000774c00000| Complete 
| 423|0x0000000774e00000, 0x0000000775000000, 0x0000000775000000|100%| E|CS|TAMS 0x0000000774e00000, 0x0000000774e00000| Complete 
| 424|0x0000000775000000, 0x0000000775200000, 0x0000000775200000|100%| E|CS|TAMS 0x0000000775000000, 0x0000000775000000| Complete 
| 425|0x0000000775200000, 0x0000000775400000, 0x0000000775400000|100%| E|CS|TAMS 0x0000000775200000, 0x0000000775200000| Complete 
| 426|0x0000000775400000, 0x0000000775600000, 0x0000000775600000|100%| E|CS|TAMS 0x0000000775400000, 0x0000000775400000| Complete 
| 427|0x0000000775600000, 0x0000000775800000, 0x0000000775800000|100%| E|CS|TAMS 0x0000000775600000, 0x0000000775600000| Complete 
| 428|0x0000000775800000, 0x0000000775a00000, 0x0000000775a00000|100%| E|CS|TAMS 0x0000000775800000, 0x0000000775800000| Complete 
| 429|0x0000000775a00000, 0x0000000775c00000, 0x0000000775c00000|100%| E|CS|TAMS 0x0000000775a00000, 0x0000000775a00000| Complete 
| 430|0x0000000775c00000, 0x0000000775e00000, 0x0000000775e00000|100%| E|CS|TAMS 0x0000000775c00000, 0x0000000775c00000| Complete 
| 431|0x0000000775e00000, 0x0000000776000000, 0x0000000776000000|100%| E|CS|TAMS 0x0000000775e00000, 0x0000000775e00000| Complete 
| 432|0x0000000776000000, 0x0000000776200000, 0x0000000776200000|100%| E|CS|TAMS 0x0000000776000000, 0x0000000776000000| Complete 
| 433|0x0000000776200000, 0x0000000776400000, 0x0000000776400000|100%| E|CS|TAMS 0x0000000776200000, 0x0000000776200000| Complete 
| 434|0x0000000776400000, 0x0000000776600000, 0x0000000776600000|100%| E|CS|TAMS 0x0000000776400000, 0x0000000776400000| Complete 
| 435|0x0000000776600000, 0x0000000776800000, 0x0000000776800000|100%| E|CS|TAMS 0x0000000776600000, 0x0000000776600000| Complete 
| 436|0x0000000776800000, 0x0000000776a00000, 0x0000000776a00000|100%| E|CS|TAMS 0x0000000776800000, 0x0000000776800000| Complete 
| 437|0x0000000776a00000, 0x0000000776c00000, 0x0000000776c00000|100%| E|CS|TAMS 0x0000000776a00000, 0x0000000776a00000| Complete 
| 438|0x0000000776c00000, 0x0000000776e00000, 0x0000000776e00000|100%| E|CS|TAMS 0x0000000776c00000, 0x0000000776c00000| Complete 
| 439|0x0000000776e00000, 0x0000000777000000, 0x0000000777000000|100%| E|CS|TAMS 0x0000000776e00000, 0x0000000776e00000| Complete 
| 440|0x0000000777000000, 0x0000000777200000, 0x0000000777200000|100%| E|CS|TAMS 0x0000000777000000, 0x0000000777000000| Complete 
| 441|0x0000000777200000, 0x0000000777400000, 0x0000000777400000|100%| E|CS|TAMS 0x0000000777200000, 0x0000000777200000| Complete 
| 442|0x0000000777400000, 0x0000000777600000, 0x0000000777600000|100%| E|CS|TAMS 0x0000000777400000, 0x0000000777400000| Complete 
| 443|0x0000000777600000, 0x0000000777800000, 0x0000000777800000|100%| E|CS|TAMS 0x0000000777600000, 0x0000000777600000| Complete 
| 444|0x0000000777800000, 0x0000000777a00000, 0x0000000777a00000|100%| E|CS|TAMS 0x0000000777800000, 0x0000000777800000| Complete 
| 445|0x0000000777a00000, 0x0000000777c00000, 0x0000000777c00000|100%| E|CS|TAMS 0x0000000777a00000, 0x0000000777a00000| Complete 
| 446|0x0000000777c00000, 0x0000000777e00000, 0x0000000777e00000|100%| E|CS|TAMS 0x0000000777c00000, 0x0000000777c00000| Complete 
| 447|0x0000000777e00000, 0x0000000778000000, 0x0000000778000000|100%| E|CS|TAMS 0x0000000777e00000, 0x0000000777e00000| Complete 
| 448|0x0000000778000000, 0x0000000778200000, 0x0000000778200000|100%| E|CS|TAMS 0x0000000778000000, 0x0000000778000000| Complete 
| 449|0x0000000778200000, 0x0000000778400000, 0x0000000778400000|100%| E|CS|TAMS 0x0000000778200000, 0x0000000778200000| Complete 
| 450|0x0000000778400000, 0x0000000778600000, 0x0000000778600000|100%| E|CS|TAMS 0x0000000778400000, 0x0000000778400000| Complete 
| 451|0x0000000778600000, 0x0000000778800000, 0x0000000778800000|100%| E|CS|TAMS 0x0000000778600000, 0x0000000778600000| Complete 
| 452|0x0000000778800000, 0x0000000778a00000, 0x0000000778a00000|100%| E|CS|TAMS 0x0000000778800000, 0x0000000778800000| Complete 
| 453|0x0000000778a00000, 0x0000000778c00000, 0x0000000778c00000|100%| E|CS|TAMS 0x0000000778a00000, 0x0000000778a00000| Complete 
| 454|0x0000000778c00000, 0x0000000778e00000, 0x0000000778e00000|100%| E|CS|TAMS 0x0000000778c00000, 0x0000000778c00000| Complete 
| 455|0x0000000778e00000, 0x0000000779000000, 0x0000000779000000|100%| E|CS|TAMS 0x0000000778e00000, 0x0000000778e00000| Complete 
| 456|0x0000000779000000, 0x0000000779200000, 0x0000000779200000|100%| E|CS|TAMS 0x0000000779000000, 0x0000000779000000| Complete 
| 457|0x0000000779200000, 0x0000000779400000, 0x0000000779400000|100%| E|CS|TAMS 0x0000000779200000, 0x0000000779200000| Complete 
| 458|0x0000000779400000, 0x0000000779600000, 0x0000000779600000|100%| E|CS|TAMS 0x0000000779400000, 0x0000000779400000| Complete 
| 459|0x0000000779600000, 0x0000000779800000, 0x0000000779800000|100%| E|CS|TAMS 0x0000000779600000, 0x0000000779600000| Complete 
| 460|0x0000000779800000, 0x0000000779a00000, 0x0000000779a00000|100%| E|CS|TAMS 0x0000000779800000, 0x0000000779800000| Complete 
| 461|0x0000000779a00000, 0x0000000779c00000, 0x0000000779c00000|100%| E|CS|TAMS 0x0000000779a00000, 0x0000000779a00000| Complete 
| 462|0x0000000779c00000, 0x0000000779e00000, 0x0000000779e00000|100%| E|CS|TAMS 0x0000000779c00000, 0x0000000779c00000| Complete 
| 463|0x0000000779e00000, 0x000000077a000000, 0x000000077a000000|100%| E|CS|TAMS 0x0000000779e00000, 0x0000000779e00000| Complete 
| 464|0x000000077a000000, 0x000000077a200000, 0x000000077a200000|100%| E|CS|TAMS 0x000000077a000000, 0x000000077a000000| Complete 
| 465|0x000000077a200000, 0x000000077a400000, 0x000000077a400000|100%| E|CS|TAMS 0x000000077a200000, 0x000000077a200000| Complete 
| 466|0x000000077a400000, 0x000000077a600000, 0x000000077a600000|100%| E|CS|TAMS 0x000000077a400000, 0x000000077a400000| Complete 
| 467|0x000000077a600000, 0x000000077a7ffff8, 0x000000077a800000| 99%| E|CS|TAMS 0x000000077a600000, 0x000000077a600000| Complete 
| 468|0x000000077a800000, 0x000000077aa00000, 0x000000077aa00000|100%| E|CS|TAMS 0x000000077a800000, 0x000000077a800000| Complete 
| 469|0x000000077aa00000, 0x000000077ac00000, 0x000000077ac00000|100%| E|CS|TAMS 0x000000077aa00000, 0x000000077aa00000| Complete 
| 470|0x000000077ac00000, 0x000000077ae00000, 0x000000077ae00000|100%| E|CS|TAMS 0x000000077ac00000, 0x000000077ac00000| Complete 
| 471|0x000000077ae00000, 0x000000077b000000, 0x000000077b000000|100%| E|CS|TAMS 0x000000077ae00000, 0x000000077ae00000| Complete 
| 472|0x000000077b000000, 0x000000077b200000, 0x000000077b200000|100%| E|CS|TAMS 0x000000077b000000, 0x000000077b000000| Complete 
| 473|0x000000077b200000, 0x000000077b400000, 0x000000077b400000|100%| E|CS|TAMS 0x000000077b200000, 0x000000077b200000| Complete 
| 474|0x000000077b400000, 0x000000077b600000, 0x000000077b600000|100%| E|CS|TAMS 0x000000077b400000, 0x000000077b400000| Complete 
| 475|0x000000077b600000, 0x000000077b800000, 0x000000077b800000|100%| E|CS|TAMS 0x000000077b600000, 0x000000077b600000| Complete 
| 476|0x000000077b800000, 0x000000077ba00000, 0x000000077ba00000|100%| E|CS|TAMS 0x000000077b800000, 0x000000077b800000| Complete 
| 477|0x000000077ba00000, 0x000000077bc00000, 0x000000077bc00000|100%| E|CS|TAMS 0x000000077ba00000, 0x000000077ba00000| Complete 

Card table byte_map: [0x00000214287d0000,0x0000021428dd0000] _byte_map_base: 0x0000021424dd0000

Marking Bits (Prev, Next): (CMBitMap*) 0x000002140e2dd750, (CMBitMap*) 0x000002140e2dd710
 Prev Bits: [0x000002142c3d0000, 0x000002142f3d0000)
 Next Bits: [0x00000214293d0000, 0x000002142c3d0000)

Polling page: 0x000002140dfa0000

Metaspace:

Usage:
  Non-class:    136.64 MB used.
      Class:     20.20 MB used.
       Both:    156.84 MB used.

Virtual space:
  Non-class space:      192.00 MB reserved,     138.19 MB ( 72%) committed,  3 nodes.
      Class space:      624.00 MB reserved,      21.56 MB (  3%) committed,  1 nodes.
             Both:      816.00 MB reserved,     159.75 MB ( 20%) committed. 

Chunk freelists:
   Non-Class:  5.69 MB
       Class:  10.35 MB
        Both:  16.04 MB

MaxMetaspaceSize: 768.00 MB
CompressedClassSpaceSize: 624.00 MB
Initial GC threshold: 21.00 MB
Current GC threshold: 177.81 MB
CDS: on
MetaspaceReclaimPolicy: balanced
 - commit_granule_bytes: 65536.
 - commit_granule_words: 8192.
 - virtual_space_node_default_size: 8388608.
 - enlarge_chunks_in_place: 1.
 - new_chunks_are_fully_committed: 0.
 - uncommit_free_chunks: 1.
 - use_allocation_guard: 0.
 - handle_deallocations: 1.


Internal statistics:

num_allocs_failed_limit: 6.
num_arena_births: 4388.
num_arena_deaths: 0.
num_vsnodes_births: 4.
num_vsnodes_deaths: 0.
num_space_committed: 2554.
num_space_uncommitted: 0.
num_chunks_returned_to_freelist: 6.
num_chunks_taken_from_freelist: 12528.
num_chunk_merges: 6.
num_chunk_splits: 7634.
num_chunks_enlarged: 4234.
num_inconsistent_stats: 0.

CodeHeap 'non-profiled nmethods': size=120000Kb used=27129Kb max_used=27129Kb free=92870Kb
 bounds [0x0000021420230000, 0x0000021421cb0000, 0x0000021427760000]
CodeHeap 'profiled nmethods': size=120000Kb used=63284Kb max_used=63284Kb free=56716Kb
 bounds [0x0000021418760000, 0x000002141c530000, 0x000002141fc90000]
CodeHeap 'non-nmethods': size=5760Kb used=1859Kb max_used=1926Kb free=3900Kb
 bounds [0x000002141fc90000, 0x000002141ff00000, 0x0000021420230000]
 total_blobs=31740 nmethods=30783 adapters=867
 compilation: enabled
              stopped_count=0, restarted_count=0
 full_count=0

Compilation events (20 events):
Event: 556.969 Thread 0x0000021431e81be0 nmethod 38974 0x000002141c51a190 code [0x000002141c51a360, 0x000002141c51a6f8]
Event: 556.969 Thread 0x0000021431e81be0 38975       3       org.gradle.api.internal.artifacts.transform.DefaultTransform$IsolateTransformParameters::calculateValue (18 bytes)
Event: 556.969 Thread 0x0000021431e81be0 nmethod 38975 0x000002141c51a890 code [0x000002141c51aa60, 0x000002141c51ad98]
Event: 556.969 Thread 0x0000021431e81be0 38976       3       org.gradle.api.internal.artifacts.transform.DefaultTransform$IsolateTransformParameters::isolateParameters (42 bytes)
Event: 556.975 Thread 0x0000021431e81be0 nmethod 38976 0x000002141c51ae90 code [0x000002141c51b0a0, 0x000002141c51b668]
Event: 557.053 Thread 0x0000021431e7d040 38977       4       org.gradle.api.internal.artifacts.ivyservice.resolveengine.result.StreamingResolutionResultBuilder$$Lambda$867/0x00000214335e5240::write (13 bytes)
Event: 557.205 Thread 0x0000021431e81be0 38979       3       org.gradle.api.internal.artifacts.transform.DefaultTransform$IsolateTransformParameters$2::<init> (26 bytes)
Event: 557.210 Thread 0x0000021431e81be0 nmethod 38979 0x000002141c51b810 code [0x000002141c51b9c0, 0x000002141c51bcb8]
Event: 557.210 Thread 0x0000021431e81be0 38980       3       org.gradle.api.internal.artifacts.transform.DefaultTransform$IsolateTransformParameters$2::description (12 bytes)
Event: 557.218 Thread 0x0000021431e81be0 nmethod 38980 0x000002141c51bd90 code [0x000002141c51bf80, 0x000002141c51c4b8]
Event: 557.218 Thread 0x0000021431e81be0 38981       3       org.gradle.api.internal.artifacts.transform.DefaultTransform$IsolateTransformParameters$2::run (53 bytes)
Event: 557.232 Thread 0x0000021431e81be0 nmethod 38981 0x000002141c51c690 code [0x000002141c51c860, 0x000002141c51cb18]
Event: 557.232 Thread 0x0000021431e81be0 38982       3       org.gradle.api.internal.artifacts.transform.DefaultTransform$IsolatedParameters::<init> (15 bytes)
Event: 557.234 Thread 0x0000021431e81be0 nmethod 38982 0x000002141c51cc10 code [0x000002141c51cdc0, 0x000002141c51cff8]
Event: 557.234 Thread 0x0000021431e81be0 38983   !   3       sun.security.provider.AbstractDrbg::engineNextBytes (286 bytes)
Event: 557.256 Thread 0x0000021431e81be0 nmethod 38983 0x000002141c51d090 code [0x000002141c51d500, 0x000002141c51f498]
Event: 557.256 Thread 0x0000021431e81be0 38985  s    3       sun.security.provider.HashDrbg::generateAlgorithm (188 bytes)
Event: 557.267 Thread 0x0000021431e81be0 nmethod 38985 0x000002141c51ff10 code [0x000002141c520240, 0x000002141c522258]
Event: 557.267 Thread 0x0000021431e81be0 38984       3       sun.security.provider.AbstractDrbg::engineNextBytes (15 bytes)
Event: 557.269 Thread 0x0000021431e81be0 nmethod 38984 0x000002141c522b10 code [0x000002141c522cc0, 0x000002141c522e58]

GC Heap History (20 events):
Event: 462.656 GC heap before
{Heap before GC invocations=94 (full 0):
 garbage-first heap   total 978944K, used 660562K [0x0000000740000000, 0x0000000800000000)
  region size 2048K, 71 young (145408K), 7 survivors (14336K)
 Metaspace       used 150583K, committed 153344K, reserved 835584K
  class space    used 19922K, committed 21248K, reserved 638976K
}
Event: 462.702 GC heap after
{Heap after GC invocations=95 (full 0):
 garbage-first heap   total 978944K, used 522338K [0x0000000740000000, 0x0000000800000000)
  region size 2048K, 4 young (8192K), 4 survivors (8192K)
 Metaspace       used 150583K, committed 153344K, reserved 835584K
  class space    used 19922K, committed 21248K, reserved 638976K
}
Event: 467.883 GC heap before
{Heap before GC invocations=95 (full 0):
 garbage-first heap   total 978944K, used 716898K [0x0000000740000000, 0x0000000800000000)
  region size 2048K, 95 young (194560K), 4 survivors (8192K)
 Metaspace       used 156320K, committed 159168K, reserved 835584K
  class space    used 20426K, committed 21760K, reserved 638976K
}
Event: 468.112 GC heap after
{Heap after GC invocations=96 (full 0):
 garbage-first heap   total 978944K, used 538256K [0x0000000740000000, 0x0000000800000000)
  region size 2048K, 10 young (20480K), 10 survivors (20480K)
 Metaspace       used 156320K, committed 159168K, reserved 835584K
  class space    used 20426K, committed 21760K, reserved 638976K
}
Event: 469.098 GC heap before
{Heap before GC invocations=96 (full 0):
 garbage-first heap   total 978944K, used 614032K [0x0000000740000000, 0x0000000800000000)
  region size 2048K, 47 young (96256K), 10 survivors (20480K)
 Metaspace       used 156709K, committed 159552K, reserved 835584K
  class space    used 20429K, committed 21760K, reserved 638976K
}
Event: 469.203 GC heap after
{Heap after GC invocations=97 (full 0):
 garbage-first heap   total 978944K, used 548542K [0x0000000740000000, 0x0000000800000000)
  region size 2048K, 6 young (12288K), 6 survivors (12288K)
 Metaspace       used 156709K, committed 159552K, reserved 835584K
  class space    used 20429K, committed 21760K, reserved 638976K
}
Event: 472.013 GC heap before
{Heap before GC invocations=97 (full 0):
 garbage-first heap   total 978944K, used 661182K [0x0000000740000000, 0x0000000800000000)
  region size 2048K, 61 young (124928K), 6 survivors (12288K)
 Metaspace       used 156969K, committed 159808K, reserved 835584K
  class space    used 20429K, committed 21760K, reserved 638976K
}
Event: 472.067 GC heap after
{Heap after GC invocations=98 (full 0):
 garbage-first heap   total 978944K, used 553520K [0x0000000740000000, 0x0000000800000000)
  region size 2048K, 3 young (6144K), 3 survivors (6144K)
 Metaspace       used 156969K, committed 159808K, reserved 835584K
  class space    used 20429K, committed 21760K, reserved 638976K
}
Event: 500.430 GC heap before
{Heap before GC invocations=98 (full 0):
 garbage-first heap   total 978944K, used 739888K [0x0000000740000000, 0x0000000800000000)
  region size 2048K, 90 young (184320K), 3 survivors (6144K)
 Metaspace       used 157860K, committed 160704K, reserved 835584K
  class space    used 20506K, committed 21824K, reserved 638976K
}
Event: 500.753 GC heap after
{Heap after GC invocations=99 (full 0):
 garbage-first heap   total 978944K, used 563987K [0x0000000740000000, 0x0000000800000000)
  region size 2048K, 7 young (14336K), 7 survivors (14336K)
 Metaspace       used 157860K, committed 160704K, reserved 835584K
  class space    used 20506K, committed 21824K, reserved 638976K
}
Event: 503.725 GC heap before
{Heap before GC invocations=99 (full 0):
 garbage-first heap   total 978944K, used 615187K [0x0000000740000000, 0x0000000800000000)
  region size 2048K, 32 young (65536K), 7 survivors (14336K)
 Metaspace       used 158189K, committed 161088K, reserved 835584K
  class space    used 20527K, committed 21888K, reserved 638976K
}
Event: 503.759 GC heap after
{Heap after GC invocations=100 (full 0):
 garbage-first heap   total 978944K, used 563094K [0x0000000740000000, 0x0000000800000000)
  region size 2048K, 2 young (4096K), 2 survivors (4096K)
 Metaspace       used 158189K, committed 161088K, reserved 835584K
  class space    used 20527K, committed 21888K, reserved 638976K
}
Event: 505.402 GC heap before
{Heap before GC invocations=100 (full 0):
 garbage-first heap   total 978944K, used 737174K [0x0000000740000000, 0x0000000800000000)
  region size 2048K, 88 young (180224K), 2 survivors (4096K)
 Metaspace       used 158387K, committed 161280K, reserved 835584K
  class space    used 20530K, committed 21888K, reserved 638976K
}
Event: 505.428 GC heap after
{Heap after GC invocations=101 (full 0):
 garbage-first heap   total 978944K, used 561163K [0x0000000740000000, 0x0000000800000000)
  region size 2048K, 2 young (4096K), 2 survivors (4096K)
 Metaspace       used 158387K, committed 161280K, reserved 835584K
  class space    used 20530K, committed 21888K, reserved 638976K
}
Event: 519.732 GC heap before
{Heap before GC invocations=101 (full 0):
 garbage-first heap   total 978944K, used 833547K [0x0000000740000000, 0x0000000800000000)
  region size 2048K, 127 young (260096K), 2 survivors (4096K)
 Metaspace       used 159476K, committed 162432K, reserved 835584K
  class space    used 20596K, committed 21952K, reserved 638976K
}
Event: 519.930 GC heap after
{Heap after GC invocations=102 (full 0):
 garbage-first heap   total 978944K, used 573497K [0x0000000740000000, 0x0000000800000000)
  region size 2048K, 5 young (10240K), 5 survivors (10240K)
 Metaspace       used 159476K, committed 162432K, reserved 835584K
  class space    used 20596K, committed 21952K, reserved 638976K
}
Event: 524.499 GC heap before
{Heap before GC invocations=102 (full 0):
 garbage-first heap   total 978944K, used 755769K [0x0000000740000000, 0x0000000800000000)
  region size 2048K, 95 young (194560K), 5 survivors (10240K)
 Metaspace       used 159500K, committed 162432K, reserved 835584K
  class space    used 20598K, committed 21952K, reserved 638976K
}
Event: 524.530 GC heap after
{Heap after GC invocations=103 (full 0):
 garbage-first heap   total 978944K, used 567514K [0x0000000740000000, 0x0000000800000000)
  region size 2048K, 6 young (12288K), 6 survivors (12288K)
 Metaspace       used 159500K, committed 162432K, reserved 835584K
  class space    used 20598K, committed 21952K, reserved 638976K
}
Event: 538.394 GC heap before
{Heap before GC invocations=103 (full 0):
 garbage-first heap   total 978944K, used 833754K [0x0000000740000000, 0x0000000800000000)
  region size 2048K, 134 young (274432K), 6 survivors (12288K)
 Metaspace       used 159867K, committed 162880K, reserved 835584K
  class space    used 20626K, committed 22016K, reserved 638976K
}
Event: 538.651 GC heap after
{Heap after GC invocations=104 (full 0):
 garbage-first heap   total 978944K, used 577689K [0x0000000740000000, 0x0000000800000000)
  region size 2048K, 9 young (18432K), 9 survivors (18432K)
 Metaspace       used 159867K, committed 162880K, reserved 835584K
  class space    used 20626K, committed 22016K, reserved 638976K
}

Dll operation events (16 events):
Event: 0.344 Loaded shared library C:\Program Files\OpenLogic\jdk-17.0.18.8-hotspot\bin\java.dll
Event: 0.412 Loaded shared library C:\Program Files\OpenLogic\jdk-17.0.18.8-hotspot\bin\jsvml.dll
Event: 0.526 Loaded shared library C:\Program Files\OpenLogic\jdk-17.0.18.8-hotspot\bin\zip.dll
Event: 0.530 Loaded shared library C:\Program Files\OpenLogic\jdk-17.0.18.8-hotspot\bin\instrument.dll
Event: 0.542 Loaded shared library C:\Program Files\OpenLogic\jdk-17.0.18.8-hotspot\bin\net.dll
Event: 0.547 Loaded shared library C:\Program Files\OpenLogic\jdk-17.0.18.8-hotspot\bin\nio.dll
Event: 0.551 Loaded shared library C:\Program Files\OpenLogic\jdk-17.0.18.8-hotspot\bin\zip.dll
Event: 1.014 Loaded shared library C:\Program Files\OpenLogic\jdk-17.0.18.8-hotspot\bin\jimage.dll
Event: 1.527 Loaded shared library C:\Program Files\OpenLogic\jdk-17.0.18.8-hotspot\bin\verify.dll
Event: 1.581 Loaded shared library C:\Users\vsing\.gradle\native\1def1411415f61bf3af743bc5b6707747c0891f09f0c88961ee8f79bc544acac\windows-amd64\native-platform.dll
Event: 1.605 Loaded shared library C:\Users\vsing\.gradle\native\0.2.8\x86_64-windows-gnu\gradle-fileevents.dll
Event: 3.992 Loaded shared library C:\Program Files\OpenLogic\jdk-17.0.18.8-hotspot\bin\management.dll
Event: 3.997 Loaded shared library C:\Program Files\OpenLogic\jdk-17.0.18.8-hotspot\bin\management_ext.dll
Event: 4.710 Loaded shared library C:\Program Files\OpenLogic\jdk-17.0.18.8-hotspot\bin\extnet.dll
Event: 6.486 Loaded shared library C:\Program Files\OpenLogic\jdk-17.0.18.8-hotspot\bin\sunmscapi.dll
Event: 328.514 Loaded shared library C:\Program Files\OpenLogic\jdk-17.0.18.8-hotspot\bin\rmi.dll

Deoptimization events (20 events):
Event: 553.772 Thread 0x00000214611cbed0 DEOPT PACKING pc=0x0000021421b4818c sp=0x000000e0c9ffc180
Event: 553.773 Thread 0x00000214611cbed0 DEOPT UNPACKING pc=0x000002141fcea1a3 sp=0x000000e0c9ffc048 mode 2
Event: 553.774 Thread 0x00000214611cbed0 Uncommon trap: trap_request=0xffffffc6 fr.pc=0x0000021421a18378 relative=0x0000000000000538
Event: 553.774 Thread 0x00000214611cbed0 Uncommon trap: reason=bimorphic_or_optimized_type_check action=maybe_recompile pc=0x0000021421a18378 method=java.io.FilterInputStream.read([BII)I @ 7 c2
Event: 553.774 Thread 0x00000214611cbed0 DEOPT PACKING pc=0x0000021421a18378 sp=0x000000e0c9ffc220
Event: 553.775 Thread 0x00000214611cbed0 DEOPT UNPACKING pc=0x000002141fcea1a3 sp=0x000000e0c9ffc158 mode 2
Event: 553.783 Thread 0x00000214611cbed0 Uncommon trap: trap_request=0xffffffc6 fr.pc=0x0000021421b4818c relative=0x00000000000006ac
Event: 553.783 Thread 0x00000214611cbed0 Uncommon trap: reason=bimorphic_or_optimized_type_check action=maybe_recompile pc=0x0000021421b4818c method=java.io.FilterInputStream.read([BII)I @ 7 c2
Event: 553.783 Thread 0x00000214611cbed0 DEOPT PACKING pc=0x0000021421b4818c sp=0x000000e0c9ffc180
Event: 553.783 Thread 0x00000214611cbed0 DEOPT UNPACKING pc=0x000002141fcea1a3 sp=0x000000e0c9ffc048 mode 2
Event: 553.783 Thread 0x00000214611cbed0 Uncommon trap: trap_request=0xffffffc6 fr.pc=0x0000021421a18378 relative=0x0000000000000538
Event: 553.783 Thread 0x00000214611cbed0 Uncommon trap: reason=bimorphic_or_optimized_type_check action=maybe_recompile pc=0x0000021421a18378 method=java.io.FilterInputStream.read([BII)I @ 7 c2
Event: 553.783 Thread 0x00000214611cbed0 DEOPT PACKING pc=0x0000021421a18378 sp=0x000000e0c9ffc0e0
Event: 553.783 Thread 0x00000214611cbed0 DEOPT UNPACKING pc=0x000002141fcea1a3 sp=0x000000e0c9ffc038 mode 2
Event: 557.290 Thread 0x00000214611cb4b0 Uncommon trap: trap_request=0xffffff45 fr.pc=0x0000021420616a18 relative=0x0000000000000378
Event: 557.290 Thread 0x00000214611cb4b0 Uncommon trap: reason=unstable_if action=reinterpret pc=0x0000021420616a18 method=java.util.concurrent.ConcurrentLinkedQueue.offer(Ljava/lang/Object;)Z @ 42 c2
Event: 557.290 Thread 0x00000214611cb4b0 DEOPT PACKING pc=0x0000021420616a18 sp=0x000000e0c9afc3e0
Event: 557.291 Thread 0x00000214611cb4b0 DEOPT UNPACKING pc=0x000002141fcea1a3 sp=0x000000e0c9afc328 mode 2
Event: 557.383 Thread 0x00000214611d0ac0 Uncommon trap: trap_request=0xffffffbe fr.pc=0x0000021421bb05c0 relative=0x000000000000cd00
Event: 558.375 Thread 0x00000214611d0ac0 Uncommon trap: reason=profile_predicate action=maybe_recompile pc=0x0000021421bb05c0 method=org.jetbrains.org.objectweb.asm.ClassReader.accept(Lorg/jetbrains/org/objectweb/asm/ClassVisitor;[Lorg/jetbrains/org/objectweb/asm/Attribute;I)V @ 1152 c2

Classes loaded (20 events):
Event: 378.599 Loading class java/lang/StackStreamFactory$1
Event: 378.604 Loading class java/lang/StackStreamFactory$1 done
Event: 378.605 Loading class java/lang/StackStreamFactory$StackFrameTraverser$StackFrameBuffer
Event: 378.647 Loading class java/lang/StackStreamFactory$FrameBuffer
Event: 378.731 Loading class java/lang/StackStreamFactory$FrameBuffer done
Event: 378.732 Loading class java/lang/StackStreamFactory$StackFrameTraverser$StackFrameBuffer done
Event: 418.971 Loading class jdk/internal/math/FormattedFloatingDecimal$Form
Event: 419.070 Loading class jdk/internal/math/FormattedFloatingDecimal$Form done
Event: 419.091 Loading class jdk/internal/math/FormattedFloatingDecimal
Event: 419.276 Loading class jdk/internal/math/FormattedFloatingDecimal done
Event: 419.284 Loading class jdk/internal/math/FormattedFloatingDecimal$1
Event: 419.319 Loading class jdk/internal/math/FormattedFloatingDecimal$1 done
Event: 419.397 Loading class jdk/internal/math/FormattedFloatingDecimal$2
Event: 419.404 Loading class jdk/internal/math/FormattedFloatingDecimal$2 done
Event: 475.471 Loading class java/io/PushbackInputStream
Event: 475.482 Loading class java/io/PushbackInputStream done
Event: 476.074 Loading class java/util/stream/SortedOps$RefSortingSink
Event: 476.083 Loading class java/util/stream/SortedOps$RefSortingSink done
Event: 484.060 Loading class java/rmi/server/Unreferenced
Event: 484.064 Loading class java/rmi/server/Unreferenced done

Classes unloaded (0 events):
No events

Classes redefined (0 events):
No events

Internal exceptions (20 events):
Event: 551.029 Thread 0x000002146aab0b50 Exception <a 'sun/nio/fs/WindowsException'{0x00000007752aade0}> (0x00000007752aade0) 
thrown [s\src\hotspot\share\prims\jni.cpp, line 516]
Event: 551.029 Thread 0x000002146aab0b50 Exception <a 'sun/nio/fs/WindowsException'{0x00000007752ac020}> (0x00000007752ac020) 
thrown [s\src\hotspot\share\prims\jni.cpp, line 516]
Event: 551.065 Thread 0x000002146aab0b50 Exception <a 'sun/nio/fs/WindowsException'{0x0000000775345948}> (0x0000000775345948) 
thrown [s\src\hotspot\share\prims\jni.cpp, line 516]
Event: 551.112 Thread 0x000002146aab0b50 Exception <a 'sun/nio/fs/WindowsException'{0x00000007753d8d58}> (0x00000007753d8d58) 
thrown [s\src\hotspot\share\prims\jni.cpp, line 516]
Event: 551.117 Thread 0x000002146aab0b50 Exception <a 'sun/nio/fs/WindowsException'{0x00000007753e1a38}> (0x00000007753e1a38) 
thrown [s\src\hotspot\share\prims\jni.cpp, line 516]
Event: 551.120 Thread 0x000002146aab0b50 Exception <a 'sun/nio/fs/WindowsException'{0x00000007753e9078}> (0x00000007753e9078) 
thrown [s\src\hotspot\share\prims\jni.cpp, line 516]
Event: 551.126 Thread 0x000002146aab0b50 Exception <a 'sun/nio/fs/WindowsException'{0x00000007753f4f48}> (0x00000007753f4f48) 
thrown [s\src\hotspot\share\prims\jni.cpp, line 516]
Event: 551.510 Thread 0x000002146aab0b50 Exception <a 'sun/nio/fs/WindowsException'{0x000000077483bd40}> (0x000000077483bd40) 
thrown [s\src\hotspot\share\prims\jni.cpp, line 516]
Event: 551.510 Thread 0x000002146aab0b50 Exception <a 'sun/nio/fs/WindowsException'{0x000000077483cc28}> (0x000000077483cc28) 
thrown [s\src\hotspot\share\prims\jni.cpp, line 516]
Event: 551.510 Thread 0x000002146aab0b50 Exception <a 'sun/nio/fs/WindowsException'{0x000000077483cdd8}> (0x000000077483cdd8) 
thrown [s\src\hotspot\share\prims\jni.cpp, line 516]
Event: 551.528 Thread 0x000002146e8ce9d0 Exception <a 'sun/nio/fs/WindowsException'{0x000000077486b8a8}> (0x000000077486b8a8) 
thrown [s\src\hotspot\share\prims\jni.cpp, line 516]
Event: 551.528 Thread 0x000002146e8ce9d0 Exception <a 'sun/nio/fs/WindowsException'{0x000000077486bb08}> (0x000000077486bb08) 
thrown [s\src\hotspot\share\prims\jni.cpp, line 516]
Event: 551.528 Thread 0x000002146e8ce9d0 Exception <a 'sun/nio/fs/WindowsException'{0x000000077486bce8}> (0x000000077486bce8) 
thrown [s\src\hotspot\share\prims\jni.cpp, line 516]
Event: 553.255 Thread 0x000002146aab0b50 Exception <a 'sun/nio/fs/WindowsException'{0x000000077485f9f0}> (0x000000077485f9f0) 
thrown [s\src\hotspot\share\prims\jni.cpp, line 516]
Event: 553.255 Thread 0x000002146aab0b50 Exception <a 'sun/nio/fs/WindowsException'{0x0000000774860900}> (0x0000000774860900) 
thrown [s\src\hotspot\share\prims\jni.cpp, line 516]
Event: 553.256 Thread 0x000002146aab0b50 Exception <a 'sun/nio/fs/WindowsException'{0x0000000774860ad8}> (0x0000000774860ad8) 
thrown [s\src\hotspot\share\prims\jni.cpp, line 516]
Event: 553.271 Thread 0x000002146e8cf900 Exception <a 'sun/nio/fs/WindowsException'{0x0000000777748088}> (0x0000000777748088) 
thrown [s\src\hotspot\share\prims\jni.cpp, line 516]
Event: 553.404 Thread 0x000002146d201210 Exception <a 'java/lang/InterruptedException'{0x00000007742f94f8}> (0x00000007742f94f8) 
thrown [s\src\hotspot\share\runtime\objectMonitor.cpp, line 1658]
Event: 553.648 Thread 0x00000214611cbed0 Exception <a 'sun/nio/fs/WindowsException'{0x0000000773f528f0}> (0x0000000773f528f0) 
thrown [s\src\hotspot\share\prims\jni.cpp, line 516]
Event: 553.648 Thread 0x00000214611cbed0 Exception <a 'sun/nio/fs/WindowsException'{0x0000000773f52af8}> (0x0000000773f52af8) 
thrown [s\src\hotspot\share\prims\jni.cpp, line 516]

VM Operations (20 events):
Event: 541.906 Executing VM operation: HandshakeAllThreads done
Event: 542.906 Executing VM operation: Cleanup
Event: 542.907 Executing VM operation: Cleanup done
Event: 545.349 Executing VM operation: HandshakeAllThreads
Event: 545.362 Executing VM operation: HandshakeAllThreads done
Event: 545.362 Executing VM operation: Cleanup
Event: 545.363 Executing VM operation: Cleanup done
Event: 546.363 Executing VM operation: Cleanup
Event: 546.363 Executing VM operation: Cleanup done
Event: 547.364 Executing VM operation: Cleanup
Event: 547.379 Executing VM operation: Cleanup done
Event: 549.379 Executing VM operation: Cleanup
Event: 549.397 Executing VM operation: Cleanup done
Event: 551.397 Executing VM operation: Cleanup
Event: 551.397 Executing VM operation: Cleanup done
Event: 552.398 Executing VM operation: Cleanup
Event: 552.400 Executing VM operation: Cleanup done
Event: 554.399 Executing VM operation: Cleanup
Event: 554.403 Executing VM operation: Cleanup done
Event: 557.405 Executing VM operation: Cleanup

Memory protections (0 events):
No events

Nmethod flushes (20 events):
Event: 514.368 Thread 0x0000021431e9ab80 flushing  nmethod 0x000002141c345810
Event: 514.368 Thread 0x0000021431e9ab80 flushing  nmethod 0x000002141c346110
Event: 514.368 Thread 0x0000021431e9ab80 flushing  nmethod 0x000002141c348510
Event: 514.368 Thread 0x0000021431e9ab80 flushing  nmethod 0x000002141c34ac10
Event: 514.368 Thread 0x0000021431e9ab80 flushing  nmethod 0x000002141c34bd10
Event: 514.368 Thread 0x0000021431e9ab80 flushing  nmethod 0x000002141c34c710
Event: 514.368 Thread 0x0000021431e9ab80 flushing  nmethod 0x000002141c34cc90
Event: 514.373 Thread 0x0000021431e9ab80 flushing  nmethod 0x000002141c377990
Event: 514.374 Thread 0x0000021431e9ab80 flushing  nmethod 0x000002141c37c390
Event: 514.374 Thread 0x0000021431e9ab80 flushing  nmethod 0x000002141c37cd90
Event: 514.375 Thread 0x0000021431e9ab80 flushing  nmethod 0x000002141c3a6910
Event: 545.512 Thread 0x0000021431e9ab80 flushing  nmethod 0x00000214204db890
Event: 546.434 Thread 0x0000021431e9ab80 flushing  nmethod 0x0000021421950810
Event: 547.677 Thread 0x0000021431e9ab80 flushing  nmethod 0x0000021419b91990
Event: 547.780 Thread 0x0000021431e9ab80 flushing  nmethod 0x0000021419f95090
Event: 547.801 Thread 0x0000021431e9ab80 flushing  nmethod 0x000002141a036b90
Event: 548.545 Thread 0x0000021431e9ab80 flushing  nmethod 0x000002141b1e9190
Event: 548.975 Thread 0x0000021431e9ab80 flushing  nmethod 0x000002141bd9ba90
Event: 548.983 Thread 0x0000021431e9ab80 flushing  nmethod 0x000002141bdc4f10
Event: 548.984 Thread 0x0000021431e9ab80 flushing  nmethod 0x000002141bdcfd10

Events (20 events):
Event: 465.566 Thread 0x000002145e48bac0 Thread added: 0x000002146e8ce9d0
Event: 465.576 Thread 0x000002146aab1f90 Thread added: 0x000002146e8ceee0
Event: 465.621 Thread 0x000002146aab1060 Thread added: 0x000002146e8cf900
Event: 465.635 Thread 0x000002146aab1f90 Thread added: 0x000002146e8cf3f0
Event: 466.005 Thread 0x000002146e8cdaa0 Thread added: 0x000002146e8cfe10
Event: 466.517 Thread 0x000002146aaaab20 Thread added: 0x000002146aaace90
Event: 475.472 Thread 0x000002145e48ab90 Thread added: 0x000002146c6ba140
Event: 484.940 Thread 0x000002146aaaab20 Thread added: 0x000002146c6bab60
Event: 505.227 Thread 0x000002146e8ce4c0 Thread added: 0x000002146c6bced0
Event: 511.214 Thread 0x00000214611cce00 Thread exited: 0x00000214611cce00
Event: 511.729 Thread 0x000002146e8cdaa0 Thread exited: 0x000002146e8cdaa0
Event: 514.165 Thread 0x000002146aab1060 Thread added: 0x000002146c6ba650
Event: 515.803 Thread 0x000002146e8cf900 Thread added: 0x000002146c6bb580
Event: 528.838 Thread 0x000002146e8c93c0 Thread added: 0x000002146cbb44f0
Event: 529.218 Thread 0x000002146aaaab20 Thread added: 0x000002146dc65670
Event: 538.710 Thread 0x000002146c6bb580 Thread exited: 0x000002146c6bb580
Event: 551.906 Thread 0x000002145e554570 Thread exited: 0x000002145e554570
Event: 551.906 Thread 0x000002145e5559b0 Thread exited: 0x000002145e5559b0
Event: 551.906 Thread 0x000002145e554a80 Thread exited: 0x000002145e554a80
Event: 553.377 Thread 0x000002146e8ceee0 Thread added: 0x000002146d201210


Dynamic libraries:
0x00007ff622b10000 - 0x00007ff622b1e000 	C:\Program Files\OpenLogic\jdk-17.0.18.8-hotspot\bin\java.exe
0x00007ffa4e9c0000 - 0x00007ffa4ec27000 	C:\WINDOWS\SYSTEM32\ntdll.dll
0x00007ffa4daa0000 - 0x00007ffa4db69000 	C:\WINDOWS\System32\KERNEL32.DLL
0x00007ffa4c020000 - 0x00007ffa4c417000 	C:\WINDOWS\System32\KERNELBASE.dll
0x00007ffa4bed0000 - 0x00007ffa4c01b000 	C:\WINDOWS\System32\ucrtbase.dll
0x00007ff9fcae0000 - 0x00007ff9fcaf7000 	C:\Program Files\OpenLogic\jdk-17.0.18.8-hotspot\bin\jli.dll
0x00007ffa4d4c0000 - 0x00007ffa4d686000 	C:\WINDOWS\System32\USER32.dll
0x00007ffa4c710000 - 0x00007ffa4c737000 	C:\WINDOWS\System32\win32u.dll
0x00007ffa4d690000 - 0x00007ffa4d6bb000 	C:\WINDOWS\System32\GDI32.dll
0x00007ffa4bd10000 - 0x00007ffa4be3c000 	C:\WINDOWS\System32\gdi32full.dll
0x00007ffa011e0000 - 0x00007ffa011fb000 	C:\Program Files\OpenLogic\jdk-17.0.18.8-hotspot\bin\VCRUNTIME140.dll
0x00007ffa286b0000 - 0x00007ffa28942000 	C:\WINDOWS\WinSxS\amd64_microsoft.windows.common-controls_6595b64144ccf1df_6.0.26100.8457_none_3e0b2faee331e92d\COMCTL32.dll
0x00007ffa4d330000 - 0x00007ffa4d3d9000 	C:\WINDOWS\System32\msvcrt.dll
0x00007ffa4c5a0000 - 0x00007ffa4c643000 	C:\WINDOWS\System32\msvcp_win.dll
0x00007ffa4d920000 - 0x00007ffa4d952000 	C:\WINDOWS\System32\IMM32.DLL
0x00007ffa27cc0000 - 0x00007ffa27ccc000 	C:\Program Files\OpenLogic\jdk-17.0.18.8-hotspot\bin\vcruntime140_1.dll
0x00007ff9d0610000 - 0x00007ff9d069d000 	C:\Program Files\OpenLogic\jdk-17.0.18.8-hotspot\bin\msvcp140.dll
0x00007ff963470000 - 0x00007ff9640dc000 	C:\Program Files\OpenLogic\jdk-17.0.18.8-hotspot\bin\server\jvm.dll
0x00007ffa4d270000 - 0x00007ffa4d326000 	C:\WINDOWS\System32\ADVAPI32.dll
0x00007ffa4d060000 - 0x00007ffa4d107000 	C:\WINDOWS\System32\sechost.dll
0x00007ffa4dc50000 - 0x00007ffa4dd68000 	C:\WINDOWS\System32\RPCRT4.dll
0x00007ffa4e610000 - 0x00007ffa4e690000 	C:\WINDOWS\System32\WS2_32.dll
0x00007ffa3d9c0000 - 0x00007ffa3d9f6000 	C:\WINDOWS\SYSTEM32\WINMM.dll
0x00007ffa4b270000 - 0x00007ffa4b2ce000 	C:\WINDOWS\SYSTEM32\POWRPROF.dll
0x00007ffa42e70000 - 0x00007ffa42e7b000 	C:\WINDOWS\SYSTEM32\VERSION.dll
0x00007ffa4b250000 - 0x00007ffa4b264000 	C:\WINDOWS\SYSTEM32\UMPDC.dll
0x00007ffa4a160000 - 0x00007ffa4a17b000 	C:\WINDOWS\SYSTEM32\kernel.appcore.dll
0x00007ffa0e7c0000 - 0x00007ffa0e7ca000 	C:\Program Files\OpenLogic\jdk-17.0.18.8-hotspot\bin\jimage.dll
0x00007ffa49280000 - 0x00007ffa494c2000 	C:\WINDOWS\SYSTEM32\DBGHELP.DLL
0x00007ffa4ccd0000 - 0x00007ffa4d053000 	C:\WINDOWS\System32\combase.dll
0x00007ffa4d3e0000 - 0x00007ffa4d4b9000 	C:\WINDOWS\System32\OLEAUT32.dll
0x00007ffa2a820000 - 0x00007ffa2a85b000 	C:\WINDOWS\SYSTEM32\dbgcore.DLL
0x00007ffa4b3f0000 - 0x00007ffa4b498000 	C:\WINDOWS\System32\bcryptPrimitives.dll
0x00007ff9dd160000 - 0x00007ff9dd16e000 	C:\Program Files\OpenLogic\jdk-17.0.18.8-hotspot\bin\instrument.dll
0x00007ff9d0790000 - 0x00007ff9d07b5000 	C:\Program Files\OpenLogic\jdk-17.0.18.8-hotspot\bin\java.dll
0x00007ff9cfab0000 - 0x00007ff9cfb86000 	C:\Program Files\OpenLogic\jdk-17.0.18.8-hotspot\bin\jsvml.dll
0x00007ffa4de10000 - 0x00007ffa4e57e000 	C:\WINDOWS\System32\SHELL32.dll
0x00007ffa4b4a0000 - 0x00007ffa4bd0c000 	C:\WINDOWS\System32\windows.storage.dll
0x00007ffa4e880000 - 0x00007ffa4e976000 	C:\WINDOWS\System32\SHCORE.dll
0x00007ffa4dbd0000 - 0x00007ffa4dc36000 	C:\WINDOWS\System32\shlwapi.dll
0x00007ffa4b310000 - 0x00007ffa4b339000 	C:\WINDOWS\SYSTEM32\profapi.dll
0x00007ff9d05f0000 - 0x00007ff9d0608000 	C:\Program Files\OpenLogic\jdk-17.0.18.8-hotspot\bin\zip.dll
0x00007ff9dc650000 - 0x00007ff9dc669000 	C:\Program Files\OpenLogic\jdk-17.0.18.8-hotspot\bin\net.dll
0x00007ffa42650000 - 0x00007ffa42779000 	C:\WINDOWS\SYSTEM32\WINHTTP.dll
0x00007ffa4a6f0000 - 0x00007ffa4a75c000 	C:\WINDOWS\system32\mswsock.dll
0x00007ff9d0ca0000 - 0x00007ff9d0cb6000 	C:\Program Files\OpenLogic\jdk-17.0.18.8-hotspot\bin\nio.dll
0x00007ff9ffa20000 - 0x00007ff9ffa30000 	C:\Program Files\OpenLogic\jdk-17.0.18.8-hotspot\bin\verify.dll
0x00007ff9d0560000 - 0x00007ff9d0587000 	C:\Users\vsing\.gradle\native\1def1411415f61bf3af743bc5b6707747c0891f09f0c88961ee8f79bc544acac\windows-amd64\native-platform.dll
0x00007ff9a12e0000 - 0x00007ff9a1357000 	C:\Users\vsing\.gradle\native\0.2.8\x86_64-windows-gnu\gradle-fileevents.dll
0x00007ffa011d0000 - 0x00007ffa011d9000 	C:\Program Files\OpenLogic\jdk-17.0.18.8-hotspot\bin\management.dll
0x00007ff9fdd10000 - 0x00007ff9fdd1b000 	C:\Program Files\OpenLogic\jdk-17.0.18.8-hotspot\bin\management_ext.dll
0x00007ffa4dc40000 - 0x00007ffa4dc48000 	C:\WINDOWS\System32\PSAPI.DLL
0x00007ffa49b00000 - 0x00007ffa49b32000 	C:\WINDOWS\SYSTEM32\IPHLPAPI.DLL
0x00007ffa4dd70000 - 0x00007ffa4dd7a000 	C:\WINDOWS\System32\NSI.dll
0x00007ffa44980000 - 0x00007ffa4499d000 	C:\WINDOWS\SYSTEM32\dhcpcsvc6.DLL
0x00007ffa44770000 - 0x00007ffa44795000 	C:\WINDOWS\SYSTEM32\dhcpcsvc.DLL
0x00007ffa49b40000 - 0x00007ffa49c72000 	C:\WINDOWS\SYSTEM32\DNSAPI.dll
0x00007ff9df190000 - 0x00007ff9df198000 	C:\Program Files\OpenLogic\jdk-17.0.18.8-hotspot\bin\extnet.dll
0x00007ffa4a9d0000 - 0x00007ffa4a9eb000 	C:\WINDOWS\SYSTEM32\CRYPTSP.dll
0x00007ffa4a0b0000 - 0x00007ffa4a0e9000 	C:\WINDOWS\system32\rsaenh.dll
0x00007ffa4a7a0000 - 0x00007ffa4a7d3000 	C:\WINDOWS\SYSTEM32\USERENV.dll
0x00007ffa4b2e0000 - 0x00007ffa4b30a000 	C:\WINDOWS\SYSTEM32\bcrypt.dll
0x00007ffa4a9f0000 - 0x00007ffa4a9fc000 	C:\WINDOWS\SYSTEM32\CRYPTBASE.dll
0x00007ff9db7a0000 - 0x00007ff9db7ae000 	C:\Program Files\OpenLogic\jdk-17.0.18.8-hotspot\bin\sunmscapi.dll
0x00007ffa4c420000 - 0x00007ffa4c598000 	C:\WINDOWS\System32\CRYPT32.dll
0x00007ffa4abf0000 - 0x00007ffa4ac20000 	C:\WINDOWS\SYSTEM32\ncrypt.dll
0x00007ffa4aba0000 - 0x00007ffa4abdf000 	C:\WINDOWS\SYSTEM32\NTASN1.dll
0x00007ffa2ff40000 - 0x00007ffa2ff48000 	C:\WINDOWS\system32\wshunix.dll
0x00007ffa4a280000 - 0x00007ffa4a2b6000 	C:\WINDOWS\SYSTEM32\ntmarta.dll
0x00007ffa48480000 - 0x00007ffa48520000 	C:\WINDOWS\system32\apphelp.dll
0x00007ffa44720000 - 0x00007ffa44727000 	C:\Program Files\OpenLogic\jdk-17.0.18.8-hotspot\bin\rmi.dll

dbghelp: loaded successfully - version: 4.0.5 - missing functions: none
symbol engine: initialized successfully - sym options: 0x614 - pdb path: .;C:\Program Files\OpenLogic\jdk-17.0.18.8-hotspot\bin;C:\WINDOWS\SYSTEM32;C:\WINDOWS\WinSxS\amd64_microsoft.windows.common-controls_6595b64144ccf1df_6.0.26100.8457_none_3e0b2faee331e92d;C:\Program Files\OpenLogic\jdk-17.0.18.8-hotspot\bin\server;C:\Users\vsing\.gradle\native\1def1411415f61bf3af743bc5b6707747c0891f09f0c88961ee8f79bc544acac\windows-amd64;C:\Users\vsing\.gradle\native\0.2.8\x86_64-windows-gnu

VM Arguments:
jvm_args: --add-opens=java.base/java.lang=ALL-UNNAMED --add-opens=java.base/java.lang.invoke=ALL-UNNAMED --add-opens=java.base/java.util=ALL-UNNAMED --add-opens=java.prefs/java.util.prefs=ALL-UNNAMED --add-exports=jdk.compiler/com.sun.tools.javac.api=ALL-UNNAMED --add-exports=jdk.compiler/com.sun.tools.javac.util=ALL-UNNAMED --add-opens=java.base/java.util=ALL-UNNAMED --add-opens=java.prefs/java.util.prefs=ALL-UNNAMED --add-opens=java.base/java.nio.charset=ALL-UNNAMED --add-opens=java.base/java.net=ALL-UNNAMED --add-opens=java.base/java.util.concurrent=ALL-UNNAMED --add-opens=java.base/java.util.concurrent.atomic=ALL-UNNAMED --add-opens=java.xml/javax.xml.namespace=ALL-UNNAMED -XX:MaxMetaspaceSize=768m -Xmx3g -Dfile.encoding=UTF-8 -Duser.country=IN -Duser.language=en -Duser.variant -javaagent:C:\Users\vsing\.gradle\wrapper\dists\gradle-9.0.0-bin\d6wjpkvcgsg3oed0qlfss3wgl\gradle-9.0.0\lib\agents\gradle-instrumentation-agent-9.0.0.jar 
java_command: org.gradle.launcher.daemon.bootstrap.GradleDaemon 9.0.0
java_class_path (initial): C:\Users\vsing\.gradle\wrapper\dists\gradle-9.0.0-bin\d6wjpkvcgsg3oed0qlfss3wgl\gradle-9.0.0\lib\gradle-daemon-main-9.0.0.jar
Launcher Type: SUN_STANDARD

[Global flags]
     intx CICompilerCount                          = 4                                         {product} {ergonomic}
   size_t CompressedClassSpaceSize                 = 654311424                                 {product} {ergonomic}
     uint ConcGCThreads                            = 2                                         {product} {ergonomic}
     uint G1ConcRefinementThreads                  = 8                                         {product} {ergonomic}
   size_t G1HeapRegionSize                         = 2097152                                   {product} {ergonomic}
    uintx GCDrainStackTargetSize                   = 64                                        {product} {ergonomic}
   size_t InitialHeapSize                          = 130023424                                 {product} {ergonomic}
   size_t MarkStackSize                            = 4194304                                   {product} {ergonomic}
   size_t MaxHeapSize                              = 3221225472                                {product} {command line}
   size_t MaxMetaspaceSize                         = 805306368                                 {product} {command line}
   size_t MaxNewSize                               = 1931476992                                {product} {ergonomic}
   size_t MinHeapDeltaBytes                        = 2097152                                   {product} {ergonomic}
   size_t MinHeapSize                              = 8388608                                   {product} {ergonomic}
    uintx NonNMethodCodeHeapSize                   = 5839372                                {pd product} {ergonomic}
    uintx NonProfiledCodeHeapSize                  = 122909434                              {pd product} {ergonomic}
    uintx ProfiledCodeHeapSize                     = 122909434                              {pd product} {ergonomic}
    uintx ReservedCodeCacheSize                    = 251658240                              {pd product} {ergonomic}
     bool SegmentedCodeCache                       = true                                      {product} {ergonomic}
   size_t SoftMaxHeapSize                          = 3221225472                             {manageable} {ergonomic}
     bool UseCompressedClassPointers               = true                           {product lp64_product} {ergonomic}
     bool UseCompressedOops                        = true                           {product lp64_product} {ergonomic}
     bool UseG1GC                                  = true                                      {product} {ergonomic}
     bool UseLargePagesIndividualAllocation        = false                                  {pd product} {ergonomic}

Logging:
Log output configuration:
 #0: stdout all=warning uptime,level,tags
 #1: stderr all=off uptime,level,tags

Environment Variables:
JAVA_HOME=C:\Program Files\OpenLogic\jdk-17.0.18.8-hotspot
PATH=C:\chatbots\node_modules\.bin;C:\chatbots\node_modules\.bin;C:\node_modules\.bin;C:\Users\vsing\AppData\Roaming\npm\node_modules\npm\node_modules\@npmcli\run-script\lib\node-gyp-bin;c:\Users\vsing\AppData\Roaming\Code\User\globalStorage\github.copilot-chat\debugCommand;c:\Users\vsing\AppData\Roaming\Code\User\globalStorage\github.copilot-chat\copilotCli;C:\Program Files\OpenLogic\jdk-17.0.18.8-hotspot\bin;C:\WINDOWS\system32;C:\WINDOWS;C:\WINDOWS\System32\Wbem;C:\WINDOWS\System32\WindowsPowerShell\v1.0\;C:\WINDOWS\System32\OpenSSH\;C:\WINDOWS\system32;C:\WINDOWS;C:\WINDOWS\System32\Wbem;C:\WINDOWS\System32\WindowsPowerShell\v1.0\;C:\WINDOWS\System32\OpenSSH\;C:\ProgramData\chocolatey\bin;C:\Users\vsing\AppData\Local\Android\Sdk\platform-tools;C:\Users\vsing\AppData\Local\Android\Sdk\emulator;C:\Users\vsing\AppData\Local\Android\Sdk\build-tools;C:\Users\vsing\AppData\Local\Android\Sdk\platforms;C:\Users\vsing\AppData\Local\Android\Sdk;C:\Program Files\OpenLogic\jdk-17.0.18.8-hotspot;C:\Program Files\nodejs\;D:\Git\bin;C:\Users\vsing\AppData\Local\Microsoft\WindowsApps;C:\Users\vsing\AppData\Local\Programs\Microsoft VS Code\bin;C:\Users\vsing\AppData\Local\Android\Sdk\platform-tools;C:\Users\vsing\AppData\Local\Android\Sdk\emulator;C:\Users\vsing\AppData\Local\Android\Sdk\build-tools;C:\Users\vsing\AppData\Local\Android\Sdk\platforms;C:\Users\vsing\AppData\Local\Android\Sdk;C:\Program Files\OpenLogic\jdk-17.0.18.8-hotspot;C:\Program Files\OpenLogic\jdk-17.0.18.8-hotspot\bin;C:\Program Files\nodejs;C:\Users\vsing\AppData\Roaming\npm;D:\Git\bin;C:\Users\vsing\AppData\Local\Programs\Antigravity\bin;C:\Users\vsing\AppData\Local\Programs\cursor\resources\app\bin;c:\Users\vsing\.vscode\extensions\vscjava.vscode-java-debug-0.59.0\bundled\scripts\noConfigScripts
USERNAME=vsing
LANG=en_US.UTF-8
OS=Windows_NT
PROCESSOR_IDENTIFIER=Intel64 Family 6 Model 140 Stepping 1, GenuineIntel
TMP=C:\Users\vsing\AppData\Local\Temp
TEMP=C:\Users\vsing\AppData\Local\Temp



Periodic native trim disabled


---------------  S Y S T E M  ---------------

OS:
 Windows 11 , 64 bit Build 26100 (10.0.26100.8328)
OS uptime: 3 days 0:36 hours
Hyper-V role detected

CPU: total 8 (initial active 8) (4 cores per cpu, 2 threads per core) family 6 model 140 stepping 1 microcode 0xb4, cx8, cmov, fxsr, ht, mmx, 3dnowpref, sse, sse2, sse3, ssse3, sse4.1, sse4.2, popcnt, lzcnt, tsc, tscinvbit, avx, avx2, aes, erms, clmul, bmi1, bmi2, adx, avx512f, avx512dq, avx512cd, avx512bw, avx512vl, sha, fma, vzeroupper, avx512_vpopcntdq, avx512_vpclmulqdq, avx512_vaes, avx512_vnni, clflush, clflushopt, clwb, avx512_vbmi2, avx512_vbmi, hv
Processor Information for processor 0
  Max Mhz: 2001, Current Mhz: 1200, Mhz Limit: 2001
Processor Information for processor 1
  Max Mhz: 2001, Current Mhz: 1200, Mhz Limit: 2001
Processor Information for processor 2
  Max Mhz: 2001, Current Mhz: 1200, Mhz Limit: 2001
Processor Information for processor 3
  Max Mhz: 2001, Current Mhz: 1200, Mhz Limit: 2001
Processor Information for processor 4
  Max Mhz: 2001, Current Mhz: 1200, Mhz Limit: 2001
Processor Information for processor 5
  Max Mhz: 2001, Current Mhz: 2001, Mhz Limit: 2001
Processor Information for processor 6
  Max Mhz: 2001, Current Mhz: 2001, Mhz Limit: 2001
Processor Information for processor 7
  Max Mhz: 2001, Current Mhz: 1200, Mhz Limit: 2001

Memory: 4k page, system-wide physical 7834M (117M free)
TotalPageFile size 26973M (AvailPageFile size 4M)
current process WorkingSet (physical memory assigned to process): 173M, peak: 599M
current process commit charge ("private bytes"): 1506M, peak: 1513M

vm_info: OpenJDK 64-Bit Server VM (17.0.18+8-adhoc..jdk17u) for windows-amd64 JRE (17.0.18+8-adhoc..jdk17u), built on Jan 22 2026 05:46:39 by "" with MS VC++ 16.10 / 16.11 (VS2019)

END.
