#
# There is insufficient memory for the Java Runtime Environment to continue.
# Native memory allocation (malloc) failed to allocate 1305936 bytes for Chunk::new
# Possible reasons:
#   The system is out of physical RAM or swap space
#   The process is running with CompressedOops enabled, and the Java Heap may be blocking the growth of the native heap
# Possible solutions:
#   Reduce memory load on the system
#   Increase physical memory or swap space
#   Check if swap backing store is full
#   Decrease Java heap size (-Xmx/-Xms)
#   Decrease number of Java threads
#   Decrease Java thread stack sizes (-Xss)
#   Set larger code cache with -XX:ReservedCodeCacheSize=
#   JVM is running with Unscaled Compressed Oops mode in which the Java heap is
#     placed in the first 4GB address space. The Java Heap base address is the
#     maximum limit for the native heap growth. Please use -XX:HeapBaseMinAddress
#     to set the Java Heap base and to place the Java Heap above 4GB virtual address.
# This output file may be truncated or incomplete.
#
#  Out of Memory Error (arena.cpp:189), pid=16056, tid=656
#
# JRE version: Java(TM) SE Runtime Environment (17.0.12+8) (build 17.0.12+8-LTS-286)
# Java VM: Java HotSpot(TM) 64-Bit Server VM (17.0.12+8-LTS-286, mixed mode, sharing, tiered, compressed oops, compressed class ptrs, g1 gc, windows-amd64)
# No core dump will be written. Minidumps are not enabled by default on client versions of Windows
#

---------------  S U M M A R Y ------------

Command Line: --add-opens=java.base/java.lang=ALL-UNNAMED --add-opens=java.base/java.lang.invoke=ALL-UNNAMED --add-opens=java.base/java.util=ALL-UNNAMED --add-opens=java.prefs/java.util.prefs=ALL-UNNAMED --add-exports=jdk.compiler/com.sun.tools.javac.api=ALL-UNNAMED --add-exports=jdk.compiler/com.sun.tools.javac.util=ALL-UNNAMED --add-opens=java.base/java.util=ALL-UNNAMED --add-opens=java.prefs/java.util.prefs=ALL-UNNAMED --add-opens=java.base/java.nio.charset=ALL-UNNAMED --add-opens=java.base/java.net=ALL-UNNAMED --add-opens=java.base/java.util.concurrent.atomic=ALL-UNNAMED --add-opens=java.xml/javax.xml.namespace=ALL-UNNAMED -XX:MaxMetaspaceSize=512m -Xmx2048m -Dfile.encoding=UTF-8 -Duser.country=IN -Duser.language=en -Duser.variant -javaagent:C:\Users\VivekrajThakur\.gradle\wrapper\dists\gradle-8.14.3-bin\cv11ve7ro1n3o1j4so8xd9n66\gradle-8.14.3\lib\agents\gradle-instrumentation-agent-8.14.3.jar org.gradle.launcher.daemon.bootstrap.GradleDaemon 8.14.3

Host: 12th Gen Intel(R) Core(TM) i3-1215U, 8 cores, 7G,  Windows 11 , 64 bit Build 26100 (10.0.26100.9444)
Time: Wed Sep 23 17:06:14 2026 India Standard Time elapsed time: 556.574331 seconds (0d 0h 9m 16s)

---------------  T H R E A D  ---------------

Current thread (0x000002c67e81d5e0):  JavaThread "C2 CompilerThread0" daemon [_thread_in_native, id=656, stack(0x000000cc80700000,0x000000cc80800000)]


Current CompileTask:
C2: 556575 26842   !   4       org.gradle.api.internal.artifacts.ivyservice.resolveengine.graph.builder.EdgeState::calculateTargetNodes (473 bytes)

Stack: [0x000000cc80700000,0x000000cc80800000]
Native frames: (J=compiled Java code, j=interpreted, Vv=VM code, C=native code)
V  [jvm.dll+0x67a04a]
V  [jvm.dll+0x7da4ed]
V  [jvm.dll+0x7dbe33]
V  [jvm.dll+0x7dc4a3]
V  [jvm.dll+0x24508f]
V  [jvm.dll+0xab773]
V  [jvm.dll+0xabd3c]
V  [jvm.dll+0x361bee]
V  [jvm.dll+0x32c431]
V  [jvm.dll+0x32b8ca]
V  [jvm.dll+0x21683f]
V  [jvm.dll+0x215c6f]
V  [jvm.dll+0x1a2960]
V  [jvm.dll+0x22610b]
V  [jvm.dll+0x2242ab]
V  [jvm.dll+0x79075c]
V  [jvm.dll+0x78abea]
V  [jvm.dll+0x678f35]
C  [ucrtbase.dll+0x2cd30]
C  [KERNEL32.DLL+0x2cd87]
C  [ntdll.dll+0xacaec]


---------------  P R O C E S S  ---------------

Threads class SMR info:
_java_thread_list=0x000002c63d67b040, length=76, elements={
0x000002c66f6c7970, 0x000002c67e7fe620, 0x000002c67e7ff0f0, 0x000002c67e8167a0,
0x000002c67e81a090, 0x000002c67e81a960, 0x000002c67e81b230, 0x000002c67e81d5e0,
0x000002c67e81e740, 0x000002c67e81f050, 0x000002c67e7edf80, 0x000002c67ecb85c0,
0x000002c62ee37010, 0x000002c62edd0850, 0x000002c62e9f23d0, 0x000002c62f2689b0,
0x000002c62f267570, 0x000002c62f269df0, 0x000002c62fff5ec0, 0x000002c62fff54a0,
0x000002c62fff4060, 0x000002c62fff63d0, 0x000002c62fff3640, 0x000002c62fff6df0,
0x000002c62fff8230, 0x000002c62fff8740, 0x000002c6318b7a80, 0x000002c6318b7060,
0x000002c63051cb60, 0x000002c63051b210, 0x000002c63051f3e0, 0x000002c633ebbb60,
0x000002c633eb83b0, 0x000002c633ebd4b0, 0x000002c633ebe3e0, 0x000002c62fff4f90,
0x000002c62fff59b0, 0x000002c62fff7300, 0x000002c62fff3b50, 0x000002c62fff7810,
0x000002c62fff9160, 0x000002c62fffafc0, 0x000002c62fff7d20, 0x000002c62fff8c50,
0x000002c62fffaab0, 0x000002c62fff9670, 0x000002c62fffa090, 0x000002c62fff9b80,
0x000002c63051ad00, 0x000002c630520820, 0x000002c63051eed0, 0x000002c63051d070,
0x000002c63051d580, 0x000002c630520d30, 0x000002c63051dfa0, 0x000002c630522680,
0x000002c6318b4cf0, 0x000002c6318b7f90, 0x000002c6318b6b50, 0x000002c6318b7570,
0x000002c6318b6640, 0x000002c6318b5c20, 0x000002c6318b6130, 0x000002c62f268ec0,
0x000002c62f2693d0, 0x000002c62f26a810, 0x000002c62f2684a0, 0x000002c62fffa5a0,
0x000002c6318b5710, 0x000002c63d6b1510, 0x000002c63d6b3880, 0x000002c63d6b1000,
0x000002c63d6b1a20, 0x000002c63d6b2950, 0x000002c63d6b00d0, 0x000002c63d6b6b20
}

Java Threads: ( => current thread )
  0x000002c66f6c7970 JavaThread "main" [_thread_blocked, id=22932, stack(0x000000ccffa00000,0x000000ccffb00000)]
  0x000002c67e7fe620 JavaThread "Reference Handler" daemon [_thread_blocked, id=29740, stack(0x000000cc80100000,0x000000cc80200000)]
  0x000002c67e7ff0f0 JavaThread "Finalizer" daemon [_thread_blocked, id=3856, stack(0x000000cc80200000,0x000000cc80300000)]
  0x000002c67e8167a0 JavaThread "Signal Dispatcher" daemon [_thread_blocked, id=29904, stack(0x000000cc80300000,0x000000cc80400000)]
  0x000002c67e81a090 JavaThread "Attach Listener" daemon [_thread_blocked, id=18352, stack(0x000000cc80400000,0x000000cc80500000)]
  0x000002c67e81a960 JavaThread "Service Thread" daemon [_thread_blocked, id=10408, stack(0x000000cc80500000,0x000000cc80600000)]
  0x000002c67e81b230 JavaThread "Monitor Deflation Thread" daemon [_thread_blocked, id=1808, stack(0x000000cc80600000,0x000000cc80700000)]
=>0x000002c67e81d5e0 JavaThread "C2 CompilerThread0" daemon [_thread_in_native, id=656, stack(0x000000cc80700000,0x000000cc80800000)]
  0x000002c67e81e740 JavaThread "C1 CompilerThread0" daemon [_thread_blocked, id=28636, stack(0x000000cc80800000,0x000000cc80900000)]
  0x000002c67e81f050 JavaThread "Sweeper thread" daemon [_thread_blocked, id=18012, stack(0x000000cc80900000,0x000000cc80a00000)]
  0x000002c67e7edf80 JavaThread "Common-Cleaner" daemon [_thread_blocked, id=31724, stack(0x000000cc80a00000,0x000000cc80b00000)]
  0x000002c67ecb85c0 JavaThread "Notification Thread" daemon [_thread_blocked, id=24048, stack(0x000000cc80b00000,0x000000cc80c00000)]
  0x000002c62ee37010 JavaThread "Daemon health stats" [_thread_blocked, id=28076, stack(0x000000cc81300000,0x000000cc81400000)]
  0x000002c62edd0850 JavaThread "Incoming local TCP Connector on port 61431" [_thread_in_native, id=22640, stack(0x000000cc80f00000,0x000000cc81000000)]
  0x000002c62e9f23d0 JavaThread "Daemon periodic checks" [_thread_blocked, id=31592, stack(0x000000cc81400000,0x000000cc81500000)]
  0x000002c62f2689b0 JavaThread "Cache worker for journal cache (C:\Users\VivekrajThakur\.gradle\caches\journal-1)" [_thread_blocked, id=11412, stack(0x000000cc81c00000,0x000000cc81d00000)]
  0x000002c62f267570 JavaThread "File lock request listener" [_thread_in_native, id=29324, stack(0x000000cc81d00000,0x000000cc81e00000)]
  0x000002c62f269df0 JavaThread "Cache worker for file hash cache (C:\Users\VivekrajThakur\.gradle\caches\8.14.3\fileHashes)" [_thread_blocked, id=22292, stack(0x000000cc81e00000,0x000000cc81f00000)]
  0x000002c62fff5ec0 JavaThread "File watcher server" daemon [_thread_in_native, id=24684, stack(0x000000cc82400000,0x000000cc82500000)]
  0x000002c62fff54a0 JavaThread "File watcher consumer" daemon [_thread_blocked, id=26808, stack(0x000000cc82500000,0x000000cc82600000)]
  0x000002c62fff4060 JavaThread "jar transforms" [_thread_blocked, id=20304, stack(0x000000cc82600000,0x000000cc82700000)]
  0x000002c62fff63d0 JavaThread "jar transforms Thread 2" [_thread_blocked, id=2212, stack(0x000000cc82700000,0x000000cc82800000)]
  0x000002c62fff3640 JavaThread "jar transforms Thread 3" [_thread_blocked, id=364, stack(0x000000cc82800000,0x000000cc82900000)]
  0x000002c62fff6df0 JavaThread "Cache worker for file content cache (C:\Users\VivekrajThakur\.gradle\caches\8.14.3\fileContent)" [_thread_blocked, id=5508, stack(0x000000cc82c00000,0x000000cc82d00000)]
  0x000002c62fff8230 JavaThread "jar transforms Thread 4" [_thread_blocked, id=9892, stack(0x000000cc83100000,0x000000cc83200000)]
  0x000002c62fff8740 JavaThread "jar transforms Thread 5" [_thread_blocked, id=13492, stack(0x000000cc83200000,0x000000cc83300000)]
  0x000002c6318b7a80 JavaThread "Memory manager" [_thread_blocked, id=23260, stack(0x000000cc83c00000,0x000000cc83d00000)]
  0x000002c6318b7060 JavaThread "ForkJoinPool.commonPool-worker-6" daemon [_thread_blocked, id=17344, stack(0x000000cc84200000,0x000000cc84300000)]
  0x000002c63051cb60 JavaThread "jar transforms Thread 6" [_thread_blocked, id=18708, stack(0x000000cc84700000,0x000000cc84800000)]
  0x000002c63051b210 JavaThread "jar transforms Thread 7" [_thread_blocked, id=5700, stack(0x000000cc84800000,0x000000cc84900000)]
  0x000002c63051f3e0 JavaThread "jar transforms Thread 8" [_thread_blocked, id=15572, stack(0x000000cc84900000,0x000000cc84a00000)]
  0x000002c633ebbb60 JavaThread "Daemon Thread 2" [_thread_blocked, id=16548, stack(0x000000cc81500000,0x000000cc81600000)]
  0x000002c633eb83b0 JavaThread "Handler for socket connection from /127.0.0.1:61431 to /127.0.0.1:53911" [_thread_in_native, id=10412, stack(0x000000cc81600000,0x000000cc81700000)]
  0x000002c633ebd4b0 JavaThread "Cancel handler" [_thread_blocked, id=23304, stack(0x000000cc81700000,0x000000cc81800000)]
  0x000002c633ebe3e0 JavaThread "Daemon worker Thread 2" [_thread_in_Java, id=22324, stack(0x000000cc81800000,0x000000cc81900000)]
  0x000002c62fff4f90 JavaThread "Asynchronous log dispatcher for DefaultDaemonConnection: socket connection from /127.0.0.1:61431 to /127.0.0.1:53911" [_thread_blocked, id=15840, stack(0x000000cc81900000,0x000000cc81a00000)]
  0x000002c62fff59b0 JavaThread "Stdin handler" [_thread_blocked, id=20148, stack(0x000000cc81a00000,0x000000cc81b00000)]
  0x000002c62fff7300 JavaThread "Daemon client event forwarder" [_thread_blocked, id=26616, stack(0x000000cc81b00000,0x000000cc81c00000)]
  0x000002c62fff3b50 JavaThread "Cache worker for file hash cache (C:\New folder\chatbot-app\android\.gradle\8.14.3\fileHashes)" [_thread_blocked, id=6072, stack(0x000000cc82100000,0x000000cc82200000)]
  0x000002c62fff7810 JavaThread "Cache worker for Build Output Cleanup Cache (C:\New folder\chatbot-app\android\.gradle\buildOutputCleanup)" [_thread_blocked, id=23748, stack(0x000000cc82200000,0x000000cc82300000)]
  0x000002c62fff9160 JavaThread "Cache worker for checksums cache (C:\New folder\chatbot-app\android\.gradle\8.14.3\checksums)" [_thread_blocked, id=12404, stack(0x000000cc82b00000,0x000000cc82c00000)]
  0x000002c62fffafc0 JavaThread "Cache worker for cache directory md-supplier (C:\Users\VivekrajThakur\.gradle\caches\8.14.3\md-supplier)" [_thread_blocked, id=19344, stack(0x000000cc82d00000,0x000000cc82e00000)]
  0x000002c62fff7d20 JavaThread "Cache worker for cache directory md-rule (C:\Users\VivekrajThakur\.gradle\caches\8.14.3\md-rule)" [_thread_blocked, id=24944, stack(0x000000cc82e00000,0x000000cc82f00000)]
  0x000002c62fff8c50 JavaThread "Cache worker for Build Output Cleanup Cache (C:\New folder\chatbot-app\node_modules\@react-native\gradle-plugin\.gradle\buildOutputCleanup)" [_thread_blocked, id=12676, stack(0x000000cc82f00000,0x000000cc83000000)]
  0x000002c62fffaab0 JavaThread "Unconstrained build operations" [_thread_blocked, id=11916, stack(0x000000cc83000000,0x000000cc83100000)]
  0x000002c62fff9670 JavaThread "Unconstrained build operations Thread 2" [_thread_blocked, id=11984, stack(0x000000cc83300000,0x000000cc83400000)]
  0x000002c62fffa090 JavaThread "Unconstrained build operations Thread 3" [_thread_blocked, id=9384, stack(0x000000cc83400000,0x000000cc83500000)]
  0x000002c62fff9b80 JavaThread "Unconstrained build operations Thread 4" [_thread_blocked, id=27432, stack(0x000000cc83500000,0x000000cc83600000)]
  0x000002c63051ad00 JavaThread "build event listener" [_thread_blocked, id=31628, stack(0x000000cc83600000,0x000000cc83700000)]
  0x000002c630520820 JavaThread "ForkJoinPool.commonPool-worker-9" daemon [_thread_blocked, id=12080, stack(0x000000cc83800000,0x000000cc83900000)]
  0x000002c63051eed0 JavaThread "ForkJoinPool.commonPool-worker-10" daemon [_thread_blocked, id=22836, stack(0x000000cc83900000,0x000000cc83a00000)]
  0x000002c63051d070 JavaThread "ForkJoinPool.commonPool-worker-11" daemon [_thread_blocked, id=19572, stack(0x000000cc83a00000,0x000000cc83b00000)]
  0x000002c63051d580 JavaThread "ForkJoinPool.commonPool-worker-12" daemon [_thread_blocked, id=23772, stack(0x000000cc83b00000,0x000000cc83c00000)]
  0x000002c630520d30 JavaThread "ForkJoinPool.commonPool-worker-13" daemon [_thread_blocked, id=19592, stack(0x000000cc83d00000,0x000000cc83e00000)]
  0x000002c63051dfa0 JavaThread "included builds" [_thread_blocked, id=4760, stack(0x000000cc83e00000,0x000000cc83f00000)]
  0x000002c630522680 JavaThread "Cache worker for execution history cache (C:\New folder\chatbot-app\node_modules\@react-native\gradle-plugin\.gradle\8.14.3\executionHistory)" [_thread_blocked, id=17044, stack(0x000000cc84000000,0x000000cc84100000)]
  0x000002c6318b4cf0 JavaThread "Unconstrained build operations Thread 5" [_thread_blocked, id=16464, stack(0x000000cc84100000,0x000000cc84200000)]
  0x000002c6318b7f90 JavaThread "Unconstrained build operations Thread 6" [_thread_blocked, id=10476, stack(0x000000cc84300000,0x000000cc84400000)]
  0x000002c6318b6b50 JavaThread "WorkerExecutor Queue" [_thread_blocked, id=14252, stack(0x000000cc84400000,0x000000cc84500000)]
  0x000002c6318b7570 JavaThread "RMI Scheduler(0)" daemon [_thread_blocked, id=9148, stack(0x000000cc84500000,0x000000cc84600000)]
  0x000002c6318b6640 JavaThread "RMI GC Daemon" daemon [_thread_blocked, id=31124, stack(0x000000cc84a00000,0x000000cc84b00000)]
  0x000002c6318b5c20 JavaThread "RMI TCP Accept-0" daemon [_thread_in_native, id=14428, stack(0x000000cc84b00000,0x000000cc84c00000)]
  0x000002c6318b6130 JavaThread "RMI Reaper" [_thread_blocked, id=20564, stack(0x000000cc84c00000,0x000000cc84d00000)]
  0x000002c62f268ec0 JavaThread "RMI TCP Connection(idle)" daemon [_thread_blocked, id=9964, stack(0x000000cc84d00000,0x000000cc84e00000)]
  0x000002c62f2693d0 JavaThread "Unconstrained build operations Thread 7" [_thread_blocked, id=1824, stack(0x000000cc84e00000,0x000000cc84f00000)]
  0x000002c62f26a810 JavaThread "Unconstrained build operations Thread 8" [_thread_blocked, id=26588, stack(0x000000cc84f00000,0x000000cc85000000)]
  0x000002c62f2684a0 JavaThread "RMI TCP Connection(idle)" daemon [_thread_blocked, id=26076, stack(0x000000cc85000000,0x000000cc85100000)]
  0x000002c62fffa5a0 JavaThread "Unconstrained build operations Thread 9" [_thread_blocked, id=29096, stack(0x000000cc85100000,0x000000cc85200000)]
  0x000002c6318b5710 JavaThread "Unconstrained build operations Thread 10" [_thread_blocked, id=14600, stack(0x000000cc85200000,0x000000cc85300000)]
  0x000002c63d6b1510 JavaThread "RMI TCP Connection(idle)" daemon [_thread_blocked, id=18488, stack(0x000000cc85300000,0x000000cc85400000)]
  0x000002c63d6b3880 JavaThread "build event listener" [_thread_blocked, id=21724, stack(0x000000cc85400000,0x000000cc85500000)]
  0x000002c63d6b1000 JavaThread "Problems report writer" [_thread_blocked, id=26956, stack(0x000000cc84600000,0x000000cc84700000)]
  0x000002c63d6b1a20 JavaThread "Exec process Thread 4" [_thread_blocked, id=29912, stack(0x000000cc85500000,0x000000cc85600000)]
  0x000002c63d6b2950 JavaThread "Exec process Thread 5" [_thread_blocked, id=1512, stack(0x000000cc85600000,0x000000cc85700000)]
  0x000002c63d6b00d0 JavaThread "Exec process Thread 6" [_thread_blocked, id=31028, stack(0x000000cc85700000,0x000000cc85800000)]
  0x000002c63d6b6b20 JavaThread "ForkJoinPool.commonPool-worker-14" daemon [_thread_blocked, id=21384, stack(0x000000cc85800000,0x000000cc85900000)]

Other Threads:
  0x000002c67e7f94f0 VMThread "VM Thread" [stack: 0x000000cc80000000,0x000000cc80100000] [id=4188]
  0x000002c66f7472c0 WatcherThread [stack: 0x000000cc80c00000,0x000000cc80d00000] [id=29428]
  0x000002c66f725e10 GCTaskThread "GC Thread#0" [stack: 0x000000ccffb00000,0x000000ccffc00000] [id=20848]
  0x000002c67ecbe3c0 GCTaskThread "GC Thread#1" [stack: 0x000000cc80d00000,0x000000cc80e00000] [id=20720]
  0x000002c67ecbd600 GCTaskThread "GC Thread#2" [stack: 0x000000cc80e00000,0x000000cc80f00000] [id=8896]
  0x000002c67ecbcb00 GCTaskThread "GC Thread#3" [stack: 0x000000cc81000000,0x000000cc81100000] [id=4780]
  0x000002c67ecbd8c0 GCTaskThread "GC Thread#4" [stack: 0x000000cc81100000,0x000000cc81200000] [id=26092]
  0x000002c67ecbe100 GCTaskThread "GC Thread#5" [stack: 0x000000cc81200000,0x000000cc81300000] [id=892]
  0x000002c67ecbcdc0 GCTaskThread "GC Thread#6" [stack: 0x000000cc81f00000,0x000000cc82000000] [id=1788]
  0x000002c67ecbdb80 GCTaskThread "GC Thread#7" [stack: 0x000000cc82000000,0x000000cc82100000] [id=7728]
  0x000002c66f736c70 ConcurrentGCThread "G1 Main Marker" [stack: 0x000000ccffc00000,0x000000ccffd00000] [id=9388]
  0x000002c66f738260 ConcurrentGCThread "G1 Conc#0" [stack: 0x000000ccffd00000,0x000000ccffe00000] [id=17332]
  0x000002c62f50bb80 ConcurrentGCThread "G1 Conc#1" [stack: 0x000000cc82300000,0x000000cc82400000] [id=1812]
  0x000002c67e6b5eb0 ConcurrentGCThread "G1 Refine#0" [stack: 0x000000ccffe00000,0x000000ccfff00000] [id=684]
  0x000002c62ffbe570 ConcurrentGCThread "G1 Refine#1" [stack: 0x000000cc82900000,0x000000cc82a00000] [id=3916]
  0x000002c62ffbe860 ConcurrentGCThread "G1 Refine#2" [stack: 0x000000cc82a00000,0x000000cc82b00000] [id=11392]
  0x000002c63b8a6950 ConcurrentGCThread "G1 Refine#3" [stack: 0x000000cc83700000,0x000000cc83800000] [id=6836]
  0x000002c66f788940 ConcurrentGCThread "G1 Service" [stack: 0x000000ccfff00000,0x000000cd00000000] [id=29928]

Threads with active compile tasks:
C2 CompilerThread0   556689 26842   !   4       org.gradle.api.internal.artifacts.ivyservice.resolveengine.graph.builder.EdgeState::calculateTargetNodes (473 bytes)

VM state: not at safepoint (normal execution)

VM Mutex/Monitor currently owned by a thread: None

Heap address: 0x0000000080000000, size: 2048 MB, Compressed Oops mode: 32-bit

CDS archive(s) mapped at: [0x000002c60f000000-0x000002c60fbd0000-0x000002c60fbd0000), size 12386304, SharedBaseAddress: 0x000002c60f000000, ArchiveRelocationMode: 1.
Compressed class space mapped at: 0x000002c610000000-0x000002c62a000000, reserved size: 436207616
Narrow klass base: 0x000002c60f000000, Narrow klass shift: 0, Narrow klass range: 0x100000000

GC Precious Log:
 CPUs: 8 total, 8 available
 Memory: 7867M
 Large Page Support: Disabled
 NUMA Support: Disabled
 Compressed Oops: Enabled (32-bit)
 Heap Region Size: 1M
 Heap Min Capacity: 8M
 Heap Initial Capacity: 124M
 Heap Max Capacity: 2G
 Pre-touch: Disabled
 Parallel Workers: 8
 Concurrent Workers: 2
 Concurrent Refinement Workers: 8
 Periodic GC: Disabled

Heap:
 garbage-first heap   total 862208K, used 462335K [0x0000000080000000, 0x0000000100000000)
  region size 1024K, 84 young (86016K), 33 survivors (33792K)
 Metaspace       used 140523K, committed 143040K, reserved 557056K
  class space    used 19198K, committed 20352K, reserved 425984K

Heap Regions: E=young(eden), S=young(survivor), O=old, HS=humongous(starts), HC=humongous(continues), CS=collection set, F=free, OA=open archive, CA=closed archive, TAMS=top-at-mark-start (previous, next)
|   0|0x0000000080000000, 0x0000000080100000, 0x0000000080100000|100%|HS|  |TAMS 0x0000000080100000, 0x0000000080000000| Complete 
|   1|0x0000000080100000, 0x0000000080200000, 0x0000000080200000|100%|HC|  |TAMS 0x0000000080200000, 0x0000000080100000| Complete 
|   2|0x0000000080200000, 0x0000000080300000, 0x0000000080300000|100%|HC|  |TAMS 0x0000000080300000, 0x0000000080200000| Complete 
|   3|0x0000000080300000, 0x0000000080400000, 0x0000000080400000|100%| O|  |TAMS 0x0000000080400000, 0x0000000080300000| Untracked 
|   4|0x0000000080400000, 0x0000000080500000, 0x0000000080500000|100%| O|  |TAMS 0x0000000080500000, 0x0000000080400000| Untracked 
|   5|0x0000000080500000, 0x0000000080600000, 0x0000000080600000|100%| O|  |TAMS 0x0000000080600000, 0x0000000080500000| Untracked 
|   6|0x0000000080600000, 0x0000000080700000, 0x0000000080700000|100%| O|  |TAMS 0x0000000080700000, 0x0000000080600000| Untracked 
|   7|0x0000000080700000, 0x0000000080800000, 0x0000000080800000|100%|HS|  |TAMS 0x0000000080800000, 0x0000000080700000| Complete 
|   8|0x0000000080800000, 0x0000000080900000, 0x0000000080900000|100%| O|  |TAMS 0x0000000080900000, 0x0000000080800000| Untracked 
|   9|0x0000000080900000, 0x0000000080a00000, 0x0000000080a00000|100%| O|  |TAMS 0x0000000080a00000, 0x0000000080900000| Untracked 
|  10|0x0000000080a00000, 0x0000000080b00000, 0x0000000080b00000|100%| O|  |TAMS 0x0000000080b00000, 0x0000000080a00000| Untracked 
|  11|0x0000000080b00000, 0x0000000080c00000, 0x0000000080c00000|100%| O|  |TAMS 0x0000000080c00000, 0x0000000080b00000| Untracked 
|  12|0x0000000080c00000, 0x0000000080d00000, 0x0000000080d00000|100%| O|  |TAMS 0x0000000080d00000, 0x0000000080c00000| Untracked 
|  13|0x0000000080d00000, 0x0000000080e00000, 0x0000000080e00000|100%| O|  |TAMS 0x0000000080e00000, 0x0000000080d00000| Untracked 
|  14|0x0000000080e00000, 0x0000000080f00000, 0x0000000080f00000|100%| O|  |TAMS 0x0000000080f00000, 0x0000000080e00000| Untracked 
|  15|0x0000000080f00000, 0x0000000081000000, 0x0000000081000000|100%| O|  |TAMS 0x0000000081000000, 0x0000000080f00000| Untracked 
|  16|0x0000000081000000, 0x0000000081100000, 0x0000000081100000|100%| O|  |TAMS 0x0000000081100000, 0x0000000081000000| Untracked 
|  17|0x0000000081100000, 0x0000000081200000, 0x0000000081200000|100%| O|  |TAMS 0x0000000081200000, 0x0000000081100000| Untracked 
|  18|0x0000000081200000, 0x0000000081300000, 0x0000000081300000|100%| O|  |TAMS 0x0000000081300000, 0x0000000081200000| Untracked 
|  19|0x0000000081300000, 0x0000000081400000, 0x0000000081400000|100%| O|  |TAMS 0x0000000081400000, 0x0000000081300000| Untracked 
|  20|0x0000000081400000, 0x0000000081500000, 0x0000000081500000|100%| O|  |TAMS 0x0000000081500000, 0x0000000081400000| Untracked 
|  21|0x0000000081500000, 0x0000000081600000, 0x0000000081600000|100%| O|  |TAMS 0x0000000081600000, 0x0000000081500000| Untracked 
|  22|0x0000000081600000, 0x0000000081700000, 0x0000000081700000|100%| O|  |TAMS 0x0000000081700000, 0x0000000081600000| Untracked 
|  23|0x0000000081700000, 0x0000000081800000, 0x0000000081800000|100%| O|  |TAMS 0x0000000081800000, 0x0000000081700000| Untracked 
|  24|0x0000000081800000, 0x0000000081900000, 0x0000000081900000|100%| O|  |TAMS 0x0000000081900000, 0x0000000081800000| Untracked 
|  25|0x0000000081900000, 0x0000000081a00000, 0x0000000081a00000|100%| O|  |TAMS 0x0000000081a00000, 0x0000000081900000| Untracked 
|  26|0x0000000081a00000, 0x0000000081b00000, 0x0000000081b00000|100%| O|  |TAMS 0x0000000081b00000, 0x0000000081a00000| Untracked 
|  27|0x0000000081b00000, 0x0000000081c00000, 0x0000000081c00000|100%| O|  |TAMS 0x0000000081c00000, 0x0000000081b00000| Untracked 
|  28|0x0000000081c00000, 0x0000000081d00000, 0x0000000081d00000|100%| O|  |TAMS 0x0000000081d00000, 0x0000000081c00000| Untracked 
|  29|0x0000000081d00000, 0x0000000081e00000, 0x0000000081e00000|100%| O|  |TAMS 0x0000000081e00000, 0x0000000081d00000| Untracked 
|  30|0x0000000081e00000, 0x0000000081f00000, 0x0000000081f00000|100%| O|  |TAMS 0x0000000081f00000, 0x0000000081e00000| Untracked 
|  31|0x0000000081f00000, 0x0000000082000000, 0x0000000082000000|100%| O|  |TAMS 0x0000000082000000, 0x0000000081f00000| Untracked 
|  32|0x0000000082000000, 0x0000000082100000, 0x0000000082100000|100%| O|  |TAMS 0x0000000082100000, 0x0000000082000000| Untracked 
|  33|0x0000000082100000, 0x0000000082200000, 0x0000000082200000|100%| O|  |TAMS 0x0000000082200000, 0x0000000082100000| Untracked 
|  34|0x0000000082200000, 0x0000000082300000, 0x0000000082300000|100%| O|  |TAMS 0x0000000082300000, 0x0000000082200000| Untracked 
|  35|0x0000000082300000, 0x0000000082400000, 0x0000000082400000|100%| O|  |TAMS 0x0000000082400000, 0x0000000082300000| Untracked 
|  36|0x0000000082400000, 0x0000000082500000, 0x0000000082500000|100%| O|  |TAMS 0x0000000082500000, 0x0000000082400000| Untracked 
|  37|0x0000000082500000, 0x0000000082600000, 0x0000000082600000|100%| O|  |TAMS 0x0000000082600000, 0x0000000082500000| Untracked 
|  38|0x0000000082600000, 0x0000000082700000, 0x0000000082700000|100%| O|  |TAMS 0x0000000082700000, 0x0000000082600000| Untracked 
|  39|0x0000000082700000, 0x0000000082800000, 0x0000000082800000|100%| O|  |TAMS 0x0000000082800000, 0x0000000082700000| Untracked 
|  40|0x0000000082800000, 0x0000000082900000, 0x0000000082900000|100%| O|  |TAMS 0x0000000082800000, 0x0000000082800000| Untracked 
|  41|0x0000000082900000, 0x0000000082a00000, 0x0000000082a00000|100%|HS|  |TAMS 0x0000000082a00000, 0x0000000082900000| Complete 
|  42|0x0000000082a00000, 0x0000000082b00000, 0x0000000082b00000|100%|HC|  |TAMS 0x0000000082b00000, 0x0000000082a00000| Complete 
|  43|0x0000000082b00000, 0x0000000082c00000, 0x0000000082c00000|100%|HC|  |TAMS 0x0000000082c00000, 0x0000000082b00000| Complete 
|  44|0x0000000082c00000, 0x0000000082d00000, 0x0000000082d00000|100%| O|  |TAMS 0x0000000082d00000, 0x0000000082c00000| Untracked 
|  45|0x0000000082d00000, 0x0000000082e00000, 0x0000000082e00000|100%| O|  |TAMS 0x0000000082e00000, 0x0000000082d00000| Untracked 
|  46|0x0000000082e00000, 0x0000000082f00000, 0x0000000082f00000|100%| O|  |TAMS 0x0000000082f00000, 0x0000000082e00000| Untracked 
|  47|0x0000000082f00000, 0x0000000083000000, 0x0000000083000000|100%| O|  |TAMS 0x0000000083000000, 0x0000000082f00000| Untracked 
|  48|0x0000000083000000, 0x0000000083100000, 0x0000000083100000|100%| O|  |TAMS 0x0000000083100000, 0x0000000083000000| Untracked 
|  49|0x0000000083100000, 0x0000000083200000, 0x0000000083200000|100%| O|  |TAMS 0x0000000083100000, 0x0000000083100000| Untracked 
|  50|0x0000000083200000, 0x0000000083300000, 0x0000000083300000|100%| O|  |TAMS 0x0000000083300000, 0x0000000083200000| Untracked 
|  51|0x0000000083300000, 0x0000000083400000, 0x0000000083400000|100%| O|  |TAMS 0x0000000083400000, 0x0000000083300000| Untracked 
|  52|0x0000000083400000, 0x0000000083500000, 0x0000000083500000|100%| O|  |TAMS 0x0000000083500000, 0x0000000083400000| Untracked 
|  53|0x0000000083500000, 0x0000000083600000, 0x0000000083600000|100%| O|  |TAMS 0x0000000083500000, 0x0000000083500000| Untracked 
|  54|0x0000000083600000, 0x0000000083700000, 0x0000000083700000|100%|HS|  |TAMS 0x0000000083700000, 0x0000000083600000| Complete 
|  55|0x0000000083700000, 0x0000000083800000, 0x0000000083800000|100%|HC|  |TAMS 0x0000000083800000, 0x0000000083700000| Complete 
|  56|0x0000000083800000, 0x0000000083900000, 0x0000000083900000|100%|HC|  |TAMS 0x0000000083900000, 0x0000000083800000| Complete 
|  57|0x0000000083900000, 0x0000000083a00000, 0x0000000083a00000|100%| O|  |TAMS 0x0000000083a00000, 0x0000000083900000| Untracked 
|  58|0x0000000083a00000, 0x0000000083b00000, 0x0000000083b00000|100%| O|  |TAMS 0x0000000083b00000, 0x0000000083a00000| Untracked 
|  59|0x0000000083b00000, 0x0000000083c00000, 0x0000000083c00000|100%| O|  |TAMS 0x0000000083c00000, 0x0000000083b00000| Untracked 
|  60|0x0000000083c00000, 0x0000000083d00000, 0x0000000083d00000|100%| O|  |TAMS 0x0000000083d00000, 0x0000000083c00000| Untracked 
|  61|0x0000000083d00000, 0x0000000083e00000, 0x0000000083e00000|100%| O|  |TAMS 0x0000000083e00000, 0x0000000083d00000| Untracked 
|  62|0x0000000083e00000, 0x0000000083f00000, 0x0000000083f00000|100%| O|  |TAMS 0x0000000083f00000, 0x0000000083e00000| Untracked 
|  63|0x0000000083f00000, 0x0000000084000000, 0x0000000084000000|100%| O|  |TAMS 0x0000000083f00000, 0x0000000083f00000| Untracked 
|  64|0x0000000084000000, 0x0000000084100000, 0x0000000084100000|100%| O|  |TAMS 0x0000000084100000, 0x0000000084000000| Untracked 
|  65|0x0000000084100000, 0x0000000084200000, 0x0000000084200000|100%| O|  |TAMS 0x0000000084200000, 0x0000000084100000| Untracked 
|  66|0x0000000084200000, 0x0000000084300000, 0x0000000084300000|100%| O|  |TAMS 0x0000000084300000, 0x0000000084200000| Untracked 
|  67|0x0000000084300000, 0x0000000084400000, 0x0000000084400000|100%| O|  |TAMS 0x0000000084400000, 0x0000000084300000| Untracked 
|  68|0x0000000084400000, 0x0000000084500000, 0x0000000084500000|100%| O|  |TAMS 0x0000000084500000, 0x0000000084400000| Untracked 
|  69|0x0000000084500000, 0x0000000084600000, 0x0000000084600000|100%| O|  |TAMS 0x0000000084500000, 0x0000000084500000| Untracked 
|  70|0x0000000084600000, 0x0000000084700000, 0x0000000084700000|100%| O|  |TAMS 0x0000000084600000, 0x0000000084600000| Untracked 
|  71|0x0000000084700000, 0x0000000084800000, 0x0000000084800000|100%| O|  |TAMS 0x0000000084700000, 0x0000000084700000| Untracked 
|  72|0x0000000084800000, 0x0000000084900000, 0x0000000084900000|100%| O|  |TAMS 0x0000000084800000, 0x0000000084800000| Untracked 
|  73|0x0000000084900000, 0x0000000084a00000, 0x0000000084a00000|100%| O|  |TAMS 0x0000000084900000, 0x0000000084900000| Untracked 
|  74|0x0000000084a00000, 0x0000000084b00000, 0x0000000084b00000|100%| O|  |TAMS 0x0000000084b00000, 0x0000000084a00000| Untracked 
|  75|0x0000000084b00000, 0x0000000084c00000, 0x0000000084c00000|100%| O|  |TAMS 0x0000000084b00000, 0x0000000084b00000| Untracked 
|  76|0x0000000084c00000, 0x0000000084d00000, 0x0000000084d00000|100%| O|  |TAMS 0x0000000084c00000, 0x0000000084c00000| Untracked 
|  77|0x0000000084d00000, 0x0000000084e00000, 0x0000000084e00000|100%| O|  |TAMS 0x0000000084d00000, 0x0000000084d00000| Untracked 
|  78|0x0000000084e00000, 0x0000000084f00000, 0x0000000084f00000|100%| O|  |TAMS 0x0000000084e00000, 0x0000000084e00000| Untracked 
|  79|0x0000000084f00000, 0x0000000085000000, 0x0000000085000000|100%| O|  |TAMS 0x0000000084f00000, 0x0000000084f00000| Untracked 
|  80|0x0000000085000000, 0x0000000085100000, 0x0000000085100000|100%| O|  |TAMS 0x0000000085100000, 0x0000000085000000| Untracked 
|  81|0x0000000085100000, 0x0000000085200000, 0x0000000085200000|100%|HS|  |TAMS 0x0000000085200000, 0x0000000085100000| Complete 
|  82|0x0000000085200000, 0x0000000085300000, 0x0000000085300000|100%|HS|  |TAMS 0x0000000085300000, 0x0000000085200000| Complete 
|  83|0x0000000085300000, 0x0000000085400000, 0x0000000085400000|100%|HS|  |TAMS 0x0000000085400000, 0x0000000085300000| Complete 
|  84|0x0000000085400000, 0x0000000085500000, 0x0000000085500000|100%|HS|  |TAMS 0x0000000085500000, 0x0000000085400000| Complete 
|  85|0x0000000085500000, 0x0000000085600000, 0x0000000085600000|100%| O|  |TAMS 0x0000000085600000, 0x0000000085500000| Untracked 
|  86|0x0000000085600000, 0x0000000085700000, 0x0000000085700000|100%|HS|  |TAMS 0x0000000085700000, 0x0000000085600000| Complete 
|  87|0x0000000085700000, 0x0000000085800000, 0x0000000085800000|100%|HS|  |TAMS 0x0000000085800000, 0x0000000085700000| Complete 
|  88|0x0000000085800000, 0x0000000085900000, 0x0000000085900000|100%|HS|  |TAMS 0x0000000085900000, 0x0000000085800000| Complete 
|  89|0x0000000085900000, 0x0000000085a00000, 0x0000000085a00000|100%|HC|  |TAMS 0x0000000085a00000, 0x0000000085900000| Complete 
|  90|0x0000000085a00000, 0x0000000085b00000, 0x0000000085b00000|100%|HC|  |TAMS 0x0000000085b00000, 0x0000000085a00000| Complete 
|  91|0x0000000085b00000, 0x0000000085c00000, 0x0000000085c00000|100%|HS|  |TAMS 0x0000000085c00000, 0x0000000085b00000| Complete 
|  92|0x0000000085c00000, 0x0000000085d00000, 0x0000000085d00000|100%| O|  |TAMS 0x0000000085d00000, 0x0000000085c00000| Untracked 
|  93|0x0000000085d00000, 0x0000000085e00000, 0x0000000085e00000|100%| O|  |TAMS 0x0000000085e00000, 0x0000000085d00000| Untracked 
|  94|0x0000000085e00000, 0x0000000085f00000, 0x0000000085f00000|100%| O|  |TAMS 0x0000000085f00000, 0x0000000085e00000| Untracked 
|  95|0x0000000085f00000, 0x0000000086000000, 0x0000000086000000|100%| O|  |TAMS 0x0000000086000000, 0x0000000085f00000| Untracked 
|  96|0x0000000086000000, 0x0000000086100000, 0x0000000086100000|100%| O|  |TAMS 0x0000000086100000, 0x0000000086000000| Untracked 
|  97|0x0000000086100000, 0x0000000086200000, 0x0000000086200000|100%| O|  |TAMS 0x0000000086200000, 0x0000000086100000| Untracked 
|  98|0x0000000086200000, 0x0000000086300000, 0x0000000086300000|100%| O|  |TAMS 0x0000000086300000, 0x0000000086200000| Untracked 
|  99|0x0000000086300000, 0x0000000086400000, 0x0000000086400000|100%|HS|  |TAMS 0x0000000086400000, 0x0000000086300000| Complete 
| 100|0x0000000086400000, 0x0000000086500000, 0x0000000086500000|100%|HC|  |TAMS 0x0000000086500000, 0x0000000086400000| Complete 
| 101|0x0000000086500000, 0x0000000086600000, 0x0000000086600000|100%| O|  |TAMS 0x0000000086600000, 0x0000000086500000| Untracked 
| 102|0x0000000086600000, 0x0000000086700000, 0x0000000086700000|100%| O|  |TAMS 0x0000000086700000, 0x0000000086600000| Untracked 
| 103|0x0000000086700000, 0x0000000086800000, 0x0000000086800000|100%| O|  |TAMS 0x0000000086800000, 0x0000000086700000| Untracked 
| 104|0x0000000086800000, 0x0000000086900000, 0x0000000086900000|100%| O|  |TAMS 0x0000000086900000, 0x0000000086800000| Untracked 
| 105|0x0000000086900000, 0x0000000086a00000, 0x0000000086a00000|100%| O|  |TAMS 0x0000000086a00000, 0x0000000086900000| Untracked 
| 106|0x0000000086a00000, 0x0000000086b00000, 0x0000000086b00000|100%| O|  |TAMS 0x0000000086b00000, 0x0000000086a00000| Untracked 
| 107|0x0000000086b00000, 0x0000000086c00000, 0x0000000086c00000|100%| O|  |TAMS 0x0000000086c00000, 0x0000000086b00000| Untracked 
| 108|0x0000000086c00000, 0x0000000086d00000, 0x0000000086d00000|100%| O|  |TAMS 0x0000000086d00000, 0x0000000086c00000| Untracked 
| 109|0x0000000086d00000, 0x0000000086e00000, 0x0000000086e00000|100%| O|  |TAMS 0x0000000086e00000, 0x0000000086d00000| Untracked 
| 110|0x0000000086e00000, 0x0000000086f00000, 0x0000000086f00000|100%| O|  |TAMS 0x0000000086f00000, 0x0000000086e00000| Untracked 
| 111|0x0000000086f00000, 0x0000000087000000, 0x0000000087000000|100%| O|  |TAMS 0x0000000087000000, 0x0000000086f00000| Untracked 
| 112|0x0000000087000000, 0x00000000870ffff8, 0x0000000087100000| 99%| O|  |TAMS 0x00000000870ffff8, 0x0000000087000000| Untracked 
| 113|0x0000000087100000, 0x0000000087200000, 0x0000000087200000|100%| O|  |TAMS 0x0000000087200000, 0x0000000087100000| Untracked 
| 114|0x0000000087200000, 0x0000000087300000, 0x0000000087300000|100%| O|  |TAMS 0x0000000087300000, 0x0000000087200000| Untracked 
| 115|0x0000000087300000, 0x0000000087400000, 0x0000000087400000|100%| O|  |TAMS 0x0000000087400000, 0x0000000087300000| Untracked 
| 116|0x0000000087400000, 0x0000000087500000, 0x0000000087500000|100%| O|  |TAMS 0x0000000087500000, 0x0000000087400000| Untracked 
| 117|0x0000000087500000, 0x0000000087600000, 0x0000000087600000|100%| O|  |TAMS 0x0000000087600000, 0x0000000087500000| Untracked 
| 118|0x0000000087600000, 0x0000000087700000, 0x0000000087700000|100%| O|  |TAMS 0x0000000087700000, 0x0000000087600000| Untracked 
| 119|0x0000000087700000, 0x0000000087800000, 0x0000000087800000|100%| O|  |TAMS 0x0000000087800000, 0x0000000087700000| Untracked 
| 120|0x0000000087800000, 0x0000000087900000, 0x0000000087900000|100%| O|  |TAMS 0x0000000087900000, 0x0000000087800000| Untracked 
| 121|0x0000000087900000, 0x0000000087a00000, 0x0000000087a00000|100%| O|  |TAMS 0x0000000087a00000, 0x0000000087900000| Untracked 
| 122|0x0000000087a00000, 0x0000000087b00000, 0x0000000087b00000|100%| O|  |TAMS 0x0000000087b00000, 0x0000000087a00000| Untracked 
| 123|0x0000000087b00000, 0x0000000087c00000, 0x0000000087c00000|100%| O|  |TAMS 0x0000000087c00000, 0x0000000087b00000| Untracked 
| 124|0x0000000087c00000, 0x0000000087d00000, 0x0000000087d00000|100%| O|  |TAMS 0x0000000087d00000, 0x0000000087c00000| Untracked 
| 125|0x0000000087d00000, 0x0000000087e00000, 0x0000000087e00000|100%| O|  |TAMS 0x0000000087d00000, 0x0000000087d00000| Untracked 
| 126|0x0000000087e00000, 0x0000000087f00000, 0x0000000087f00000|100%| O|  |TAMS 0x0000000087f00000, 0x0000000087e00000| Untracked 
| 127|0x0000000087f00000, 0x0000000088000000, 0x0000000088000000|100%| O|  |TAMS 0x0000000088000000, 0x0000000087f00000| Untracked 
| 128|0x0000000088000000, 0x0000000088100000, 0x0000000088100000|100%| O|  |TAMS 0x0000000088100000, 0x0000000088000000| Untracked 
| 129|0x0000000088100000, 0x0000000088200000, 0x0000000088200000|100%| O|  |TAMS 0x0000000088200000, 0x0000000088100000| Untracked 
| 130|0x0000000088200000, 0x0000000088300000, 0x0000000088300000|100%| O|  |TAMS 0x0000000088300000, 0x0000000088200000| Untracked 
| 131|0x0000000088300000, 0x0000000088400000, 0x0000000088400000|100%| O|  |TAMS 0x0000000088300000, 0x0000000088300000| Untracked 
| 132|0x0000000088400000, 0x0000000088500000, 0x0000000088500000|100%| O|  |TAMS 0x0000000088500000, 0x0000000088400000| Untracked 
| 133|0x0000000088500000, 0x0000000088600000, 0x0000000088600000|100%| O|  |TAMS 0x0000000088600000, 0x0000000088500000| Untracked 
| 134|0x0000000088600000, 0x0000000088700000, 0x0000000088700000|100%| O|  |TAMS 0x0000000088700000, 0x0000000088600000| Untracked 
| 135|0x0000000088700000, 0x0000000088800000, 0x0000000088800000|100%| O|  |TAMS 0x0000000088700000, 0x0000000088700000| Untracked 
| 136|0x0000000088800000, 0x0000000088900000, 0x0000000088900000|100%| O|  |TAMS 0x0000000088800000, 0x0000000088800000| Untracked 
| 137|0x0000000088900000, 0x0000000088a00000, 0x0000000088a00000|100%| O|  |TAMS 0x0000000088900000, 0x0000000088900000| Untracked 
| 138|0x0000000088a00000, 0x0000000088b00000, 0x0000000088b00000|100%| O|  |TAMS 0x0000000088b00000, 0x0000000088a00000| Untracked 
| 139|0x0000000088b00000, 0x0000000088c00000, 0x0000000088c00000|100%| O|  |TAMS 0x0000000088c00000, 0x0000000088b00000| Untracked 
| 140|0x0000000088c00000, 0x0000000088d00000, 0x0000000088d00000|100%| O|  |TAMS 0x0000000088c00000, 0x0000000088c00000| Untracked 
| 141|0x0000000088d00000, 0x0000000088e00000, 0x0000000088e00000|100%| O|  |TAMS 0x0000000088d00000, 0x0000000088d00000| Untracked 
| 142|0x0000000088e00000, 0x0000000088f00000, 0x0000000088f00000|100%| O|  |TAMS 0x0000000088e00000, 0x0000000088e00000| Untracked 
| 143|0x0000000088f00000, 0x0000000089000000, 0x0000000089000000|100%| O|  |TAMS 0x0000000088f00000, 0x0000000088f00000| Untracked 
| 144|0x0000000089000000, 0x0000000089100000, 0x0000000089100000|100%|HS|  |TAMS 0x0000000089100000, 0x0000000089000000| Complete 
| 145|0x0000000089100000, 0x0000000089200000, 0x0000000089200000|100%|HS|  |TAMS 0x0000000089200000, 0x0000000089100000| Complete 
| 146|0x0000000089200000, 0x0000000089300000, 0x0000000089300000|100%| O|  |TAMS 0x0000000089300000, 0x0000000089200000| Untracked 
| 147|0x0000000089300000, 0x0000000089400000, 0x0000000089400000|100%| O|  |TAMS 0x0000000089400000, 0x0000000089300000| Untracked 
| 148|0x0000000089400000, 0x0000000089500000, 0x0000000089500000|100%| O|  |TAMS 0x0000000089400000, 0x0000000089400000| Untracked 
| 149|0x0000000089500000, 0x0000000089600000, 0x0000000089600000|100%| O|  |TAMS 0x0000000089500000, 0x0000000089500000| Untracked 
| 150|0x0000000089600000, 0x0000000089700000, 0x0000000089700000|100%| O|  |TAMS 0x0000000089600000, 0x0000000089600000| Untracked 
| 151|0x0000000089700000, 0x0000000089800000, 0x0000000089800000|100%| O|  |TAMS 0x0000000089700000, 0x0000000089700000| Untracked 
| 152|0x0000000089800000, 0x0000000089900000, 0x0000000089900000|100%| O|  |TAMS 0x0000000089900000, 0x0000000089800000| Untracked 
| 153|0x0000000089900000, 0x0000000089a00000, 0x0000000089a00000|100%| O|  |TAMS 0x0000000089a00000, 0x0000000089900000| Untracked 
| 154|0x0000000089a00000, 0x0000000089b00000, 0x0000000089b00000|100%| O|  |TAMS 0x0000000089b00000, 0x0000000089a00000| Untracked 
| 155|0x0000000089b00000, 0x0000000089c00000, 0x0000000089c00000|100%| O|  |TAMS 0x0000000089c00000, 0x0000000089b00000| Untracked 
| 156|0x0000000089c00000, 0x0000000089d00000, 0x0000000089d00000|100%| O|  |TAMS 0x0000000089d00000, 0x0000000089c00000| Untracked 
| 157|0x0000000089d00000, 0x0000000089e00000, 0x0000000089e00000|100%| O|  |TAMS 0x0000000089e00000, 0x0000000089d00000| Untracked 
| 158|0x0000000089e00000, 0x0000000089f00000, 0x0000000089f00000|100%| O|  |TAMS 0x0000000089e00000, 0x0000000089e00000| Untracked 
| 159|0x0000000089f00000, 0x000000008a000000, 0x000000008a000000|100%| O|  |TAMS 0x0000000089f00000, 0x0000000089f00000| Untracked 
| 160|0x000000008a000000, 0x000000008a100000, 0x000000008a100000|100%| O|  |TAMS 0x000000008a000000, 0x000000008a000000| Untracked 
| 161|0x000000008a100000, 0x000000008a200000, 0x000000008a200000|100%| O|  |TAMS 0x000000008a100000, 0x000000008a100000| Untracked 
| 162|0x000000008a200000, 0x000000008a300000, 0x000000008a300000|100%| O|  |TAMS 0x000000008a200000, 0x000000008a200000| Untracked 
| 163|0x000000008a300000, 0x000000008a400000, 0x000000008a400000|100%| O|  |TAMS 0x000000008a300000, 0x000000008a300000| Untracked 
| 164|0x000000008a400000, 0x000000008a500000, 0x000000008a500000|100%| O|  |TAMS 0x000000008a400000, 0x000000008a400000| Untracked 
| 165|0x000000008a500000, 0x000000008a600000, 0x000000008a600000|100%| O|  |TAMS 0x000000008a500000, 0x000000008a500000| Untracked 
| 166|0x000000008a600000, 0x000000008a700000, 0x000000008a700000|100%| O|  |TAMS 0x000000008a600000, 0x000000008a600000| Untracked 
| 167|0x000000008a700000, 0x000000008a800000, 0x000000008a800000|100%| O|  |TAMS 0x000000008a700000, 0x000000008a700000| Untracked 
| 168|0x000000008a800000, 0x000000008a900000, 0x000000008a900000|100%| O|  |TAMS 0x000000008a800000, 0x000000008a800000| Untracked 
| 169|0x000000008a900000, 0x000000008aa00000, 0x000000008aa00000|100%| O|  |TAMS 0x000000008a900000, 0x000000008a900000| Untracked 
| 170|0x000000008aa00000, 0x000000008ab00000, 0x000000008ab00000|100%| O|  |TAMS 0x000000008aa00000, 0x000000008aa00000| Untracked 
| 171|0x000000008ab00000, 0x000000008ac00000, 0x000000008ac00000|100%| O|  |TAMS 0x000000008ac00000, 0x000000008ab00000| Untracked 
| 172|0x000000008ac00000, 0x000000008ad00000, 0x000000008ad00000|100%| O|  |TAMS 0x000000008ac00000, 0x000000008ac00000| Untracked 
| 173|0x000000008ad00000, 0x000000008ae00000, 0x000000008ae00000|100%| O|  |TAMS 0x000000008ad00000, 0x000000008ad00000| Untracked 
| 174|0x000000008ae00000, 0x000000008af00000, 0x000000008af00000|100%| O|  |TAMS 0x000000008ae00000, 0x000000008ae00000| Untracked 
| 175|0x000000008af00000, 0x000000008b000000, 0x000000008b000000|100%| O|  |TAMS 0x000000008af00000, 0x000000008af00000| Untracked 
| 176|0x000000008b000000, 0x000000008b100000, 0x000000008b100000|100%| O|  |TAMS 0x000000008b000000, 0x000000008b000000| Untracked 
| 177|0x000000008b100000, 0x000000008b200000, 0x000000008b200000|100%| O|  |TAMS 0x000000008b200000, 0x000000008b100000| Untracked 
| 178|0x000000008b200000, 0x000000008b300000, 0x000000008b300000|100%| O|  |TAMS 0x000000008b200000, 0x000000008b200000| Untracked 
| 179|0x000000008b300000, 0x000000008b400000, 0x000000008b400000|100%| O|  |TAMS 0x000000008b300000, 0x000000008b300000| Untracked 
| 180|0x000000008b400000, 0x000000008b500000, 0x000000008b500000|100%| O|  |TAMS 0x000000008b500000, 0x000000008b400000| Untracked 
| 181|0x000000008b500000, 0x000000008b600000, 0x000000008b600000|100%| O|  |TAMS 0x000000008b600000, 0x000000008b500000| Untracked 
| 182|0x000000008b600000, 0x000000008b700000, 0x000000008b700000|100%| O|  |TAMS 0x000000008b600000, 0x000000008b600000| Untracked 
| 183|0x000000008b700000, 0x000000008b800000, 0x000000008b800000|100%| O|  |TAMS 0x000000008b700000, 0x000000008b700000| Untracked 
| 184|0x000000008b800000, 0x000000008b900000, 0x000000008b900000|100%| O|  |TAMS 0x000000008b800000, 0x000000008b800000| Untracked 
| 185|0x000000008b900000, 0x000000008ba00000, 0x000000008ba00000|100%| O|  |TAMS 0x000000008b900000, 0x000000008b900000| Untracked 
| 186|0x000000008ba00000, 0x000000008bb00000, 0x000000008bb00000|100%| O|  |TAMS 0x000000008ba00000, 0x000000008ba00000| Untracked 
| 187|0x000000008bb00000, 0x000000008bc00000, 0x000000008bc00000|100%| O|  |TAMS 0x000000008bc00000, 0x000000008bb00000| Untracked 
| 188|0x000000008bc00000, 0x000000008bd00000, 0x000000008bd00000|100%| O|  |TAMS 0x000000008bd00000, 0x000000008bc00000| Untracked 
| 189|0x000000008bd00000, 0x000000008be00000, 0x000000008be00000|100%| O|  |TAMS 0x000000008bd00000, 0x000000008bd00000| Untracked 
| 190|0x000000008be00000, 0x000000008bf00000, 0x000000008bf00000|100%| O|  |TAMS 0x000000008be00000, 0x000000008be00000| Untracked 
| 191|0x000000008bf00000, 0x000000008c000000, 0x000000008c000000|100%|HS|  |TAMS 0x000000008c000000, 0x000000008bf00000| Complete 
| 192|0x000000008c000000, 0x000000008c100000, 0x000000008c100000|100%|HS|  |TAMS 0x000000008c100000, 0x000000008c000000| Complete 
| 193|0x000000008c100000, 0x000000008c200000, 0x000000008c200000|100%|HS|  |TAMS 0x000000008c200000, 0x000000008c100000| Complete 
| 194|0x000000008c200000, 0x000000008c300000, 0x000000008c300000|100%| O|  |TAMS 0x000000008c300000, 0x000000008c200000| Untracked 
| 195|0x000000008c300000, 0x000000008c400000, 0x000000008c400000|100%| O|  |TAMS 0x000000008c300000, 0x000000008c300000| Untracked 
| 196|0x000000008c400000, 0x000000008c500000, 0x000000008c500000|100%| O|  |TAMS 0x000000008c400000, 0x000000008c400000| Untracked 
| 197|0x000000008c500000, 0x000000008c600000, 0x000000008c600000|100%| O|  |TAMS 0x000000008c500000, 0x000000008c500000| Untracked 
| 198|0x000000008c600000, 0x000000008c700000, 0x000000008c700000|100%| O|  |TAMS 0x000000008c700000, 0x000000008c600000| Untracked 
| 199|0x000000008c700000, 0x000000008c800000, 0x000000008c800000|100%| O|  |TAMS 0x000000008c800000, 0x000000008c700000| Untracked 
| 200|0x000000008c800000, 0x000000008c900000, 0x000000008c900000|100%| O|  |TAMS 0x000000008c800000, 0x000000008c800000| Untracked 
| 201|0x000000008c900000, 0x000000008ca00000, 0x000000008ca00000|100%| O|  |TAMS 0x000000008c900000, 0x000000008c900000| Untracked 
| 202|0x000000008ca00000, 0x000000008cb00000, 0x000000008cb00000|100%| O|  |TAMS 0x000000008ca00000, 0x000000008ca00000| Untracked 
| 203|0x000000008cb00000, 0x000000008cc00000, 0x000000008cc00000|100%| O|  |TAMS 0x000000008cb00000, 0x000000008cb00000| Untracked 
| 204|0x000000008cc00000, 0x000000008cd00000, 0x000000008cd00000|100%| O|  |TAMS 0x000000008cc00000, 0x000000008cc00000| Untracked 
| 205|0x000000008cd00000, 0x000000008ce00000, 0x000000008ce00000|100%| O|  |TAMS 0x000000008cd00000, 0x000000008cd00000| Untracked 
| 206|0x000000008ce00000, 0x000000008cf00000, 0x000000008cf00000|100%| O|  |TAMS 0x000000008ce00000, 0x000000008ce00000| Untracked 
| 207|0x000000008cf00000, 0x000000008d000000, 0x000000008d000000|100%| O|  |TAMS 0x000000008cf00000, 0x000000008cf00000| Untracked 
| 208|0x000000008d000000, 0x000000008d100000, 0x000000008d100000|100%| O|  |TAMS 0x000000008d000000, 0x000000008d000000| Untracked 
| 209|0x000000008d100000, 0x000000008d200000, 0x000000008d200000|100%| O|  |TAMS 0x000000008d100000, 0x000000008d100000| Untracked 
| 210|0x000000008d200000, 0x000000008d300000, 0x000000008d300000|100%| O|  |TAMS 0x000000008d200000, 0x000000008d200000| Untracked 
| 211|0x000000008d300000, 0x000000008d400000, 0x000000008d400000|100%| O|  |TAMS 0x000000008d300000, 0x000000008d300000| Untracked 
| 212|0x000000008d400000, 0x000000008d500000, 0x000000008d500000|100%| O|  |TAMS 0x000000008d400000, 0x000000008d400000| Untracked 
| 213|0x000000008d500000, 0x000000008d600000, 0x000000008d600000|100%| O|  |TAMS 0x000000008d500000, 0x000000008d500000| Untracked 
| 214|0x000000008d600000, 0x000000008d700000, 0x000000008d700000|100%| O|  |TAMS 0x000000008d600000, 0x000000008d600000| Untracked 
| 215|0x000000008d700000, 0x000000008d800000, 0x000000008d800000|100%| O|  |TAMS 0x000000008d700000, 0x000000008d700000| Untracked 
| 216|0x000000008d800000, 0x000000008d900000, 0x000000008d900000|100%| O|  |TAMS 0x000000008d800000, 0x000000008d800000| Untracked 
| 217|0x000000008d900000, 0x000000008da00000, 0x000000008da00000|100%| O|  |TAMS 0x000000008d900000, 0x000000008d900000| Untracked 
| 218|0x000000008da00000, 0x000000008da80000, 0x000000008db00000| 50%| O|  |TAMS 0x000000008da00000, 0x000000008da00000| Untracked 
| 219|0x000000008db00000, 0x000000008db00000, 0x000000008dc00000|  0%| F|  |TAMS 0x000000008db00000, 0x000000008db00000| Untracked 
| 220|0x000000008dc00000, 0x000000008dc00000, 0x000000008dd00000|  0%| F|  |TAMS 0x000000008dc00000, 0x000000008dc00000| Untracked 
| 221|0x000000008dd00000, 0x000000008dd00000, 0x000000008de00000|  0%| F|  |TAMS 0x000000008dd00000, 0x000000008dd00000| Untracked 
| 222|0x000000008de00000, 0x000000008df00000, 0x000000008df00000|100%|HS|  |TAMS 0x000000008df00000, 0x000000008de00000| Complete 
| 223|0x000000008df00000, 0x000000008e000000, 0x000000008e000000|100%|HS|  |TAMS 0x000000008e000000, 0x000000008df00000| Complete 
| 224|0x000000008e000000, 0x000000008e100000, 0x000000008e100000|100%|HS|  |TAMS 0x000000008e100000, 0x000000008e000000| Complete 
| 225|0x000000008e100000, 0x000000008e200000, 0x000000008e200000|100%|HC|  |TAMS 0x000000008e200000, 0x000000008e100000| Complete 
| 226|0x000000008e200000, 0x000000008e200000, 0x000000008e300000|  0%| F|  |TAMS 0x000000008e200000, 0x000000008e200000| Untracked 
| 227|0x000000008e300000, 0x000000008e300000, 0x000000008e400000|  0%| F|  |TAMS 0x000000008e300000, 0x000000008e300000| Untracked 
| 228|0x000000008e400000, 0x000000008e500000, 0x000000008e500000|100%| O|  |TAMS 0x000000008e400000, 0x000000008e400000| Untracked 
| 229|0x000000008e500000, 0x000000008e600000, 0x000000008e600000|100%| O|  |TAMS 0x000000008e600000, 0x000000008e500000| Untracked 
| 230|0x000000008e600000, 0x000000008e700000, 0x000000008e700000|100%| O|  |TAMS 0x000000008e700000, 0x000000008e600000| Untracked 
| 231|0x000000008e700000, 0x000000008e800000, 0x000000008e800000|100%| O|  |TAMS 0x000000008e800000, 0x000000008e700000| Untracked 
| 232|0x000000008e800000, 0x000000008e900000, 0x000000008e900000|100%| O|  |TAMS 0x000000008e900000, 0x000000008e800000| Untracked 
| 233|0x000000008e900000, 0x000000008e900000, 0x000000008ea00000|  0%| F|  |TAMS 0x000000008e900000, 0x000000008e900000| Untracked 
| 234|0x000000008ea00000, 0x000000008eb00000, 0x000000008eb00000|100%| O|  |TAMS 0x000000008eb00000, 0x000000008ea00000| Untracked 
| 235|0x000000008eb00000, 0x000000008ec00000, 0x000000008ec00000|100%| O|  |TAMS 0x000000008ec00000, 0x000000008eb00000| Untracked 
| 236|0x000000008ec00000, 0x000000008ed00000, 0x000000008ed00000|100%| O|  |TAMS 0x000000008ed00000, 0x000000008ec00000| Untracked 
| 237|0x000000008ed00000, 0x000000008ed00000, 0x000000008ee00000|  0%| F|  |TAMS 0x000000008ed00000, 0x000000008ed00000| Untracked 
| 238|0x000000008ee00000, 0x000000008ee00000, 0x000000008ef00000|  0%| F|  |TAMS 0x000000008ee00000, 0x000000008ee00000| Untracked 
| 239|0x000000008ef00000, 0x000000008f000000, 0x000000008f000000|100%| O|  |TAMS 0x000000008ef00000, 0x000000008ef00000| Untracked 
| 240|0x000000008f000000, 0x000000008f100000, 0x000000008f100000|100%|HS|  |TAMS 0x000000008f100000, 0x000000008f000000| Complete 
| 241|0x000000008f100000, 0x000000008f200000, 0x000000008f200000|100%|HS|  |TAMS 0x000000008f200000, 0x000000008f100000| Complete 
| 242|0x000000008f200000, 0x000000008f200000, 0x000000008f300000|  0%| F|  |TAMS 0x000000008f200000, 0x000000008f200000| Untracked 
| 243|0x000000008f300000, 0x000000008f400000, 0x000000008f400000|100%| O|  |TAMS 0x000000008f300000, 0x000000008f300000| Untracked 
| 244|0x000000008f400000, 0x000000008f500000, 0x000000008f500000|100%| O|  |TAMS 0x000000008f400000, 0x000000008f400000| Untracked 
| 245|0x000000008f500000, 0x000000008f600000, 0x000000008f600000|100%| O|  |TAMS 0x000000008f500000, 0x000000008f500000| Untracked 
| 246|0x000000008f600000, 0x000000008f700000, 0x000000008f700000|100%| O|  |TAMS 0x000000008f700000, 0x000000008f600000| Untracked 
| 247|0x000000008f700000, 0x000000008f700000, 0x000000008f800000|  0%| F|  |TAMS 0x000000008f700000, 0x000000008f700000| Untracked 
| 248|0x000000008f800000, 0x000000008f900000, 0x000000008f900000|100%| O|  |TAMS 0x000000008f900000, 0x000000008f800000| Untracked 
| 249|0x000000008f900000, 0x000000008fa00000, 0x000000008fa00000|100%| O|  |TAMS 0x000000008fa00000, 0x000000008f900000| Untracked 
| 250|0x000000008fa00000, 0x000000008fb00000, 0x000000008fb00000|100%| O|  |TAMS 0x000000008fb00000, 0x000000008fa00000| Untracked 
| 251|0x000000008fb00000, 0x000000008fc00000, 0x000000008fc00000|100%| O|  |TAMS 0x000000008fc00000, 0x000000008fb00000| Untracked 
| 252|0x000000008fc00000, 0x000000008fc00000, 0x000000008fd00000|  0%| F|  |TAMS 0x000000008fc00000, 0x000000008fc00000| Untracked 
| 253|0x000000008fd00000, 0x000000008fd00000, 0x000000008fe00000|  0%| F|  |TAMS 0x000000008fd00000, 0x000000008fd00000| Untracked 
| 254|0x000000008fe00000, 0x000000008ff00000, 0x000000008ff00000|100%| O|  |TAMS 0x000000008fe00000, 0x000000008fe00000| Untracked 
| 255|0x000000008ff00000, 0x0000000090000000, 0x0000000090000000|100%|HS|  |TAMS 0x0000000090000000, 0x000000008ff00000| Complete 
| 256|0x0000000090000000, 0x0000000090100000, 0x0000000090100000|100%|HS|  |TAMS 0x0000000090100000, 0x0000000090000000| Complete 
| 257|0x0000000090100000, 0x0000000090200000, 0x0000000090200000|100%|HS|  |TAMS 0x0000000090200000, 0x0000000090100000| Complete 
| 258|0x0000000090200000, 0x0000000090300000, 0x0000000090300000|100%| O|  |TAMS 0x0000000090300000, 0x0000000090200000| Untracked 
| 259|0x0000000090300000, 0x0000000090400000, 0x0000000090400000|100%| O|  |TAMS 0x0000000090300000, 0x0000000090300000| Untracked 
| 260|0x0000000090400000, 0x0000000090500000, 0x0000000090500000|100%| O|  |TAMS 0x0000000090400000, 0x0000000090400000| Untracked 
| 261|0x0000000090500000, 0x0000000090500000, 0x0000000090600000|  0%| F|  |TAMS 0x0000000090500000, 0x0000000090500000| Untracked 
| 262|0x0000000090600000, 0x0000000090600000, 0x0000000090700000|  0%| F|  |TAMS 0x0000000090600000, 0x0000000090600000| Untracked 
| 263|0x0000000090700000, 0x0000000090800000, 0x0000000090800000|100%| O|  |TAMS 0x0000000090800000, 0x0000000090700000| Untracked 
| 264|0x0000000090800000, 0x0000000090900000, 0x0000000090900000|100%| O|  |TAMS 0x0000000090900000, 0x0000000090800000| Untracked 
| 265|0x0000000090900000, 0x0000000090a00000, 0x0000000090a00000|100%| O|  |TAMS 0x0000000090a00000, 0x0000000090900000| Untracked 
| 266|0x0000000090a00000, 0x0000000090b00000, 0x0000000090b00000|100%| O|  |TAMS 0x0000000090b00000, 0x0000000090a00000| Untracked 
| 267|0x0000000090b00000, 0x0000000090c00000, 0x0000000090c00000|100%| O|  |TAMS 0x0000000090c00000, 0x0000000090b00000| Untracked 
| 268|0x0000000090c00000, 0x0000000090c00000, 0x0000000090d00000|  0%| F|  |TAMS 0x0000000090c00000, 0x0000000090c00000| Untracked 
| 269|0x0000000090d00000, 0x0000000090d00000, 0x0000000090e00000|  0%| F|  |TAMS 0x0000000090d00000, 0x0000000090d00000| Untracked 
| 270|0x0000000090e00000, 0x0000000090f00000, 0x0000000090f00000|100%| O|  |TAMS 0x0000000090e00000, 0x0000000090e00000| Untracked 
| 271|0x0000000090f00000, 0x0000000090f00000, 0x0000000091000000|  0%| F|  |TAMS 0x0000000090f00000, 0x0000000090f00000| Untracked 
| 272|0x0000000091000000, 0x0000000091000000, 0x0000000091100000|  0%| F|  |TAMS 0x0000000091000000, 0x0000000091000000| Untracked 
| 273|0x0000000091100000, 0x0000000091200000, 0x0000000091200000|100%| O|  |TAMS 0x0000000091100000, 0x0000000091100000| Untracked 
| 274|0x0000000091200000, 0x0000000091200000, 0x0000000091300000|  0%| F|  |TAMS 0x0000000091200000, 0x0000000091200000| Untracked 
| 275|0x0000000091300000, 0x0000000091300000, 0x0000000091400000|  0%| F|  |TAMS 0x0000000091300000, 0x0000000091300000| Untracked 
| 276|0x0000000091400000, 0x0000000091400000, 0x0000000091500000|  0%| F|  |TAMS 0x0000000091400000, 0x0000000091400000| Untracked 
| 277|0x0000000091500000, 0x0000000091600000, 0x0000000091600000|100%| O|  |TAMS 0x0000000091500000, 0x0000000091500000| Untracked 
| 278|0x0000000091600000, 0x0000000091700000, 0x0000000091700000|100%| O|  |TAMS 0x0000000091600000, 0x0000000091600000| Untracked 
| 279|0x0000000091700000, 0x0000000091800000, 0x0000000091800000|100%| O|  |TAMS 0x0000000091800000, 0x0000000091700000| Untracked 
| 280|0x0000000091800000, 0x0000000091900000, 0x0000000091900000|100%|HS|  |TAMS 0x0000000091900000, 0x0000000091800000| Complete 
| 281|0x0000000091900000, 0x0000000091a00000, 0x0000000091a00000|100%|HS|  |TAMS 0x0000000091a00000, 0x0000000091900000| Complete 
| 282|0x0000000091a00000, 0x0000000091b00000, 0x0000000091b00000|100%| O|  |TAMS 0x0000000091a00000, 0x0000000091a00000| Untracked 
| 283|0x0000000091b00000, 0x0000000091b00000, 0x0000000091c00000|  0%| F|  |TAMS 0x0000000091b00000, 0x0000000091b00000| Untracked 
| 284|0x0000000091c00000, 0x0000000091c00000, 0x0000000091d00000|  0%| F|  |TAMS 0x0000000091c00000, 0x0000000091c00000| Untracked 
| 285|0x0000000091d00000, 0x0000000091d00000, 0x0000000091e00000|  0%| F|  |TAMS 0x0000000091d00000, 0x0000000091d00000| Untracked 
| 286|0x0000000091e00000, 0x0000000091e00000, 0x0000000091f00000|  0%| F|  |TAMS 0x0000000091e00000, 0x0000000091e00000| Untracked 
| 287|0x0000000091f00000, 0x0000000091f00000, 0x0000000092000000|  0%| F|  |TAMS 0x0000000091f00000, 0x0000000091f00000| Untracked 
| 288|0x0000000092000000, 0x0000000092000000, 0x0000000092100000|  0%| F|  |TAMS 0x0000000092000000, 0x0000000092000000| Untracked 
| 289|0x0000000092100000, 0x0000000092200000, 0x0000000092200000|100%| O|  |TAMS 0x0000000092200000, 0x0000000092100000| Untracked 
| 290|0x0000000092200000, 0x0000000092300000, 0x0000000092300000|100%| O|  |TAMS 0x0000000092300000, 0x0000000092200000| Untracked 
| 291|0x0000000092300000, 0x0000000092300000, 0x0000000092400000|  0%| F|  |TAMS 0x0000000092300000, 0x0000000092300000| Untracked 
| 292|0x0000000092400000, 0x0000000092400000, 0x0000000092500000|  0%| F|  |TAMS 0x0000000092400000, 0x0000000092400000| Untracked 
| 293|0x0000000092500000, 0x0000000092600000, 0x0000000092600000|100%| O|  |TAMS 0x0000000092600000, 0x0000000092500000| Untracked 
| 294|0x0000000092600000, 0x0000000092700000, 0x0000000092700000|100%| O|  |TAMS 0x0000000092700000, 0x0000000092600000| Untracked 
| 295|0x0000000092700000, 0x0000000092800000, 0x0000000092800000|100%| O|  |TAMS 0x0000000092800000, 0x0000000092700000| Untracked 
| 296|0x0000000092800000, 0x0000000092900000, 0x0000000092900000|100%| O|  |TAMS 0x0000000092900000, 0x0000000092800000| Untracked 
| 297|0x0000000092900000, 0x0000000092a00000, 0x0000000092a00000|100%|HS|  |TAMS 0x0000000092a00000, 0x0000000092900000| Complete 
| 298|0x0000000092a00000, 0x0000000092b00000, 0x0000000092b00000|100%|HS|  |TAMS 0x0000000092b00000, 0x0000000092a00000| Complete 
| 299|0x0000000092b00000, 0x0000000092c00000, 0x0000000092c00000|100%|HS|  |TAMS 0x0000000092c00000, 0x0000000092b00000| Complete 
| 300|0x0000000092c00000, 0x0000000092d00000, 0x0000000092d00000|100%|HS|  |TAMS 0x0000000092d00000, 0x0000000092c00000| Complete 
| 301|0x0000000092d00000, 0x0000000092e00000, 0x0000000092e00000|100%| O|  |TAMS 0x0000000092e00000, 0x0000000092d00000| Untracked 
| 302|0x0000000092e00000, 0x0000000092e00000, 0x0000000092f00000|  0%| F|  |TAMS 0x0000000092e00000, 0x0000000092e00000| Untracked 
| 303|0x0000000092f00000, 0x0000000093000000, 0x0000000093000000|100%| O|  |TAMS 0x0000000093000000, 0x0000000092f00000| Untracked 
| 304|0x0000000093000000, 0x0000000093000000, 0x0000000093100000|  0%| F|  |TAMS 0x0000000093000000, 0x0000000093000000| Untracked 
| 305|0x0000000093100000, 0x0000000093100000, 0x0000000093200000|  0%| F|  |TAMS 0x0000000093100000, 0x0000000093100000| Untracked 
| 306|0x0000000093200000, 0x0000000093200000, 0x0000000093300000|  0%| F|  |TAMS 0x0000000093200000, 0x0000000093200000| Untracked 
| 307|0x0000000093300000, 0x0000000093300000, 0x0000000093400000|  0%| F|  |TAMS 0x0000000093300000, 0x0000000093300000| Untracked 
| 308|0x0000000093400000, 0x0000000093500000, 0x0000000093500000|100%| O|  |TAMS 0x0000000093500000, 0x0000000093400000| Untracked 
| 309|0x0000000093500000, 0x0000000093500000, 0x0000000093600000|  0%| F|  |TAMS 0x0000000093500000, 0x0000000093500000| Untracked 
| 310|0x0000000093600000, 0x0000000093600000, 0x0000000093700000|  0%| F|  |TAMS 0x0000000093600000, 0x0000000093600000| Untracked 
| 311|0x0000000093700000, 0x0000000093700000, 0x0000000093800000|  0%| F|  |TAMS 0x0000000093700000, 0x0000000093700000| Untracked 
| 312|0x0000000093800000, 0x0000000093800000, 0x0000000093900000|  0%| F|  |TAMS 0x0000000093800000, 0x0000000093800000| Untracked 
| 313|0x0000000093900000, 0x0000000093900000, 0x0000000093a00000|  0%| F|  |TAMS 0x0000000093900000, 0x0000000093900000| Untracked 
| 314|0x0000000093a00000, 0x0000000093a00000, 0x0000000093b00000|  0%| F|  |TAMS 0x0000000093a00000, 0x0000000093a00000| Untracked 
| 315|0x0000000093b00000, 0x0000000093b00000, 0x0000000093c00000|  0%| F|  |TAMS 0x0000000093b00000, 0x0000000093b00000| Untracked 
| 316|0x0000000093c00000, 0x0000000093c00000, 0x0000000093d00000|  0%| F|  |TAMS 0x0000000093c00000, 0x0000000093c00000| Untracked 
| 317|0x0000000093d00000, 0x0000000093d00000, 0x0000000093e00000|  0%| F|  |TAMS 0x0000000093d00000, 0x0000000093d00000| Untracked 
| 318|0x0000000093e00000, 0x0000000093f00000, 0x0000000093f00000|100%| O|  |TAMS 0x0000000093f00000, 0x0000000093e00000| Untracked 
| 319|0x0000000093f00000, 0x0000000093f00000, 0x0000000094000000|  0%| F|  |TAMS 0x0000000093f00000, 0x0000000093f00000| Untracked 
| 320|0x0000000094000000, 0x0000000094000000, 0x0000000094100000|  0%| F|  |TAMS 0x0000000094000000, 0x0000000094000000| Untracked 
| 321|0x0000000094100000, 0x0000000094100000, 0x0000000094200000|  0%| F|  |TAMS 0x0000000094100000, 0x0000000094100000| Untracked 
| 322|0x0000000094200000, 0x0000000094200000, 0x0000000094300000|  0%| F|  |TAMS 0x0000000094200000, 0x0000000094200000| Untracked 
| 323|0x0000000094300000, 0x0000000094300000, 0x0000000094400000|  0%| F|  |TAMS 0x0000000094300000, 0x0000000094300000| Untracked 
| 324|0x0000000094400000, 0x0000000094400000, 0x0000000094500000|  0%| F|  |TAMS 0x0000000094400000, 0x0000000094400000| Untracked 
| 325|0x0000000094500000, 0x0000000094500000, 0x0000000094600000|  0%| F|  |TAMS 0x0000000094500000, 0x0000000094500000| Untracked 
| 326|0x0000000094600000, 0x0000000094600000, 0x0000000094700000|  0%| F|  |TAMS 0x0000000094600000, 0x0000000094600000| Untracked 
| 327|0x0000000094700000, 0x0000000094800000, 0x0000000094800000|100%|HS|  |TAMS 0x0000000094800000, 0x0000000094700000| Complete 
| 328|0x0000000094800000, 0x0000000094800000, 0x0000000094900000|  0%| F|  |TAMS 0x0000000094800000, 0x0000000094800000| Untracked 
| 329|0x0000000094900000, 0x0000000094900000, 0x0000000094a00000|  0%| F|  |TAMS 0x0000000094900000, 0x0000000094900000| Untracked 
| 330|0x0000000094a00000, 0x0000000094b00000, 0x0000000094b00000|100%| O|  |TAMS 0x0000000094b00000, 0x0000000094a00000| Untracked 
| 331|0x0000000094b00000, 0x0000000094c00000, 0x0000000094c00000|100%| O|  |TAMS 0x0000000094c00000, 0x0000000094b00000| Untracked 
| 332|0x0000000094c00000, 0x0000000094d00000, 0x0000000094d00000|100%| O|  |TAMS 0x0000000094d00000, 0x0000000094c00000| Untracked 
| 333|0x0000000094d00000, 0x0000000094e00000, 0x0000000094e00000|100%| O|  |TAMS 0x0000000094e00000, 0x0000000094d00000| Untracked 
| 334|0x0000000094e00000, 0x0000000094f00000, 0x0000000094f00000|100%| O|  |TAMS 0x0000000094f00000, 0x0000000094e00000| Untracked 
| 335|0x0000000094f00000, 0x0000000095000000, 0x0000000095000000|100%| O|  |TAMS 0x0000000095000000, 0x0000000094f00000| Untracked 
| 336|0x0000000095000000, 0x0000000095100000, 0x0000000095100000|100%| O|  |TAMS 0x0000000095100000, 0x0000000095000000| Untracked 
| 337|0x0000000095100000, 0x0000000095200000, 0x0000000095200000|100%| O|  |TAMS 0x0000000095200000, 0x0000000095100000| Untracked 
| 338|0x0000000095200000, 0x0000000095200000, 0x0000000095300000|  0%| F|  |TAMS 0x0000000095200000, 0x0000000095200000| Untracked 
| 339|0x0000000095300000, 0x0000000095300000, 0x0000000095400000|  0%| F|  |TAMS 0x0000000095300000, 0x0000000095300000| Untracked 
| 340|0x0000000095400000, 0x0000000095400000, 0x0000000095500000|  0%| F|  |TAMS 0x0000000095400000, 0x0000000095400000| Untracked 
| 341|0x0000000095500000, 0x0000000095500000, 0x0000000095600000|  0%| F|  |TAMS 0x0000000095500000, 0x0000000095500000| Untracked 
| 342|0x0000000095600000, 0x0000000095600000, 0x0000000095700000|  0%| F|  |TAMS 0x0000000095600000, 0x0000000095600000| Untracked 
| 343|0x0000000095700000, 0x0000000095700000, 0x0000000095800000|  0%| F|  |TAMS 0x0000000095700000, 0x0000000095700000| Untracked 
| 344|0x0000000095800000, 0x0000000095800000, 0x0000000095900000|  0%| F|  |TAMS 0x0000000095800000, 0x0000000095800000| Untracked 
| 345|0x0000000095900000, 0x0000000095900000, 0x0000000095a00000|  0%| F|  |TAMS 0x0000000095900000, 0x0000000095900000| Untracked 
| 346|0x0000000095a00000, 0x0000000095a00000, 0x0000000095b00000|  0%| F|  |TAMS 0x0000000095a00000, 0x0000000095a00000| Untracked 
| 347|0x0000000095b00000, 0x0000000095b00000, 0x0000000095c00000|  0%| F|  |TAMS 0x0000000095b00000, 0x0000000095b00000| Untracked 
| 348|0x0000000095c00000, 0x0000000095c00000, 0x0000000095d00000|  0%| F|  |TAMS 0x0000000095c00000, 0x0000000095c00000| Untracked 
| 349|0x0000000095d00000, 0x0000000095d00000, 0x0000000095e00000|  0%| F|  |TAMS 0x0000000095d00000, 0x0000000095d00000| Untracked 
| 350|0x0000000095e00000, 0x0000000095e00000, 0x0000000095f00000|  0%| F|  |TAMS 0x0000000095e00000, 0x0000000095e00000| Untracked 
| 351|0x0000000095f00000, 0x0000000095f00000, 0x0000000096000000|  0%| F|  |TAMS 0x0000000095f00000, 0x0000000095f00000| Untracked 
| 352|0x0000000096000000, 0x0000000096000000, 0x0000000096100000|  0%| F|  |TAMS 0x0000000096000000, 0x0000000096000000| Untracked 
| 353|0x0000000096100000, 0x0000000096100000, 0x0000000096200000|  0%| F|  |TAMS 0x0000000096100000, 0x0000000096100000| Untracked 
| 354|0x0000000096200000, 0x0000000096300000, 0x0000000096300000|100%| O|  |TAMS 0x0000000096200000, 0x0000000096200000| Untracked 
| 355|0x0000000096300000, 0x0000000096400000, 0x0000000096400000|100%| O|  |TAMS 0x0000000096400000, 0x0000000096300000| Untracked 
| 356|0x0000000096400000, 0x0000000096400000, 0x0000000096500000|  0%| F|  |TAMS 0x0000000096400000, 0x0000000096400000| Untracked 
| 357|0x0000000096500000, 0x0000000096500000, 0x0000000096600000|  0%| F|  |TAMS 0x0000000096500000, 0x0000000096500000| Untracked 
| 358|0x0000000096600000, 0x0000000096600000, 0x0000000096700000|  0%| F|  |TAMS 0x0000000096600000, 0x0000000096600000| Untracked 
| 359|0x0000000096700000, 0x0000000096700000, 0x0000000096800000|  0%| F|  |TAMS 0x0000000096700000, 0x0000000096700000| Untracked 
| 360|0x0000000096800000, 0x0000000096800000, 0x0000000096900000|  0%| F|  |TAMS 0x0000000096800000, 0x0000000096800000| Untracked 
| 361|0x0000000096900000, 0x0000000096900000, 0x0000000096a00000|  0%| F|  |TAMS 0x0000000096900000, 0x0000000096900000| Untracked 
| 362|0x0000000096a00000, 0x0000000096a00000, 0x0000000096b00000|  0%| F|  |TAMS 0x0000000096a00000, 0x0000000096a00000| Untracked 
| 363|0x0000000096b00000, 0x0000000096b00000, 0x0000000096c00000|  0%| F|  |TAMS 0x0000000096b00000, 0x0000000096b00000| Untracked 
| 364|0x0000000096c00000, 0x0000000096d00000, 0x0000000096d00000|100%| O|  |TAMS 0x0000000096c00000, 0x0000000096c00000| Untracked 
| 365|0x0000000096d00000, 0x0000000096d00000, 0x0000000096e00000|  0%| F|  |TAMS 0x0000000096d00000, 0x0000000096d00000| Untracked 
| 366|0x0000000096e00000, 0x0000000096e00000, 0x0000000096f00000|  0%| F|  |TAMS 0x0000000096e00000, 0x0000000096e00000| Untracked 
| 367|0x0000000096f00000, 0x0000000096f00000, 0x0000000097000000|  0%| F|  |TAMS 0x0000000096f00000, 0x0000000096f00000| Untracked 
| 368|0x0000000097000000, 0x0000000097100000, 0x0000000097100000|100%| O|  |TAMS 0x0000000097000000, 0x0000000097000000| Untracked 
| 369|0x0000000097100000, 0x0000000097100000, 0x0000000097200000|  0%| F|  |TAMS 0x0000000097100000, 0x0000000097100000| Untracked 
| 370|0x0000000097200000, 0x0000000097200000, 0x0000000097300000|  0%| F|  |TAMS 0x0000000097200000, 0x0000000097200000| Untracked 
| 371|0x0000000097300000, 0x0000000097400000, 0x0000000097400000|100%| O|  |TAMS 0x0000000097300000, 0x0000000097300000| Untracked 
| 372|0x0000000097400000, 0x0000000097400000, 0x0000000097500000|  0%| F|  |TAMS 0x0000000097400000, 0x0000000097400000| Untracked 
| 373|0x0000000097500000, 0x0000000097500000, 0x0000000097600000|  0%| F|  |TAMS 0x0000000097500000, 0x0000000097500000| Untracked 
| 374|0x0000000097600000, 0x0000000097600000, 0x0000000097700000|  0%| F|  |TAMS 0x0000000097600000, 0x0000000097600000| Untracked 
| 375|0x0000000097700000, 0x0000000097700000, 0x0000000097800000|  0%| F|  |TAMS 0x0000000097700000, 0x0000000097700000| Untracked 
| 376|0x0000000097800000, 0x0000000097800000, 0x0000000097900000|  0%| F|  |TAMS 0x0000000097800000, 0x0000000097800000| Untracked 
| 377|0x0000000097900000, 0x0000000097900000, 0x0000000097a00000|  0%| F|  |TAMS 0x0000000097900000, 0x0000000097900000| Untracked 
| 378|0x0000000097a00000, 0x0000000097a00000, 0x0000000097b00000|  0%| F|  |TAMS 0x0000000097a00000, 0x0000000097a00000| Untracked 
| 379|0x0000000097b00000, 0x0000000097b00000, 0x0000000097c00000|  0%| F|  |TAMS 0x0000000097b00000, 0x0000000097b00000| Untracked 
| 380|0x0000000097c00000, 0x0000000097c00000, 0x0000000097d00000|  0%| F|  |TAMS 0x0000000097c00000, 0x0000000097c00000| Untracked 
| 381|0x0000000097d00000, 0x0000000097d00000, 0x0000000097e00000|  0%| F|  |TAMS 0x0000000097d00000, 0x0000000097d00000| Untracked 
| 382|0x0000000097e00000, 0x0000000097e00000, 0x0000000097f00000|  0%| F|  |TAMS 0x0000000097e00000, 0x0000000097e00000| Untracked 
| 383|0x0000000097f00000, 0x0000000097f00000, 0x0000000098000000|  0%| F|  |TAMS 0x0000000097f00000, 0x0000000097f00000| Untracked 
| 384|0x0000000098000000, 0x0000000098000000, 0x0000000098100000|  0%| F|  |TAMS 0x0000000098000000, 0x0000000098000000| Untracked 
| 385|0x0000000098100000, 0x0000000098100000, 0x0000000098200000|  0%| F|  |TAMS 0x0000000098100000, 0x0000000098100000| Untracked 
| 386|0x0000000098200000, 0x0000000098200000, 0x0000000098300000|  0%| F|  |TAMS 0x0000000098200000, 0x0000000098200000| Untracked 
| 387|0x0000000098300000, 0x0000000098300000, 0x0000000098400000|  0%| F|  |TAMS 0x0000000098300000, 0x0000000098300000| Untracked 
| 388|0x0000000098400000, 0x0000000098400000, 0x0000000098500000|  0%| F|  |TAMS 0x0000000098400000, 0x0000000098400000| Untracked 
| 389|0x0000000098500000, 0x0000000098500000, 0x0000000098600000|  0%| F|  |TAMS 0x0000000098500000, 0x0000000098500000| Untracked 
| 390|0x0000000098600000, 0x0000000098600000, 0x0000000098700000|  0%| F|  |TAMS 0x0000000098600000, 0x0000000098600000| Untracked 
| 391|0x0000000098700000, 0x0000000098700000, 0x0000000098800000|  0%| F|  |TAMS 0x0000000098700000, 0x0000000098700000| Untracked 
| 392|0x0000000098800000, 0x0000000098800000, 0x0000000098900000|  0%| F|  |TAMS 0x0000000098800000, 0x0000000098800000| Untracked 
| 393|0x0000000098900000, 0x0000000098900000, 0x0000000098a00000|  0%| F|  |TAMS 0x0000000098900000, 0x0000000098900000| Untracked 
| 394|0x0000000098a00000, 0x0000000098a00000, 0x0000000098b00000|  0%| F|  |TAMS 0x0000000098a00000, 0x0000000098a00000| Untracked 
| 395|0x0000000098b00000, 0x0000000098b00000, 0x0000000098c00000|  0%| F|  |TAMS 0x0000000098b00000, 0x0000000098b00000| Untracked 
| 396|0x0000000098c00000, 0x0000000098c00000, 0x0000000098d00000|  0%| F|  |TAMS 0x0000000098c00000, 0x0000000098c00000| Untracked 
| 397|0x0000000098d00000, 0x0000000098d00000, 0x0000000098e00000|  0%| F|  |TAMS 0x0000000098d00000, 0x0000000098d00000| Untracked 
| 398|0x0000000098e00000, 0x0000000098e00000, 0x0000000098f00000|  0%| F|  |TAMS 0x0000000098e00000, 0x0000000098e00000| Untracked 
| 399|0x0000000098f00000, 0x0000000098f00000, 0x0000000099000000|  0%| F|  |TAMS 0x0000000098f00000, 0x0000000098f00000| Untracked 
| 400|0x0000000099000000, 0x0000000099000000, 0x0000000099100000|  0%| F|  |TAMS 0x0000000099000000, 0x0000000099000000| Untracked 
| 401|0x0000000099100000, 0x0000000099200000, 0x0000000099200000|100%| O|  |TAMS 0x0000000099200000, 0x0000000099100000| Untracked 
| 402|0x0000000099200000, 0x0000000099200000, 0x0000000099300000|  0%| F|  |TAMS 0x0000000099200000, 0x0000000099200000| Untracked 
| 403|0x0000000099300000, 0x0000000099300000, 0x0000000099400000|  0%| F|  |TAMS 0x0000000099300000, 0x0000000099300000| Untracked 
| 404|0x0000000099400000, 0x0000000099400000, 0x0000000099500000|  0%| F|  |TAMS 0x0000000099400000, 0x0000000099400000| Untracked 
| 405|0x0000000099500000, 0x0000000099600000, 0x0000000099600000|100%| O|  |TAMS 0x0000000099600000, 0x0000000099500000| Untracked 
| 406|0x0000000099600000, 0x0000000099700000, 0x0000000099700000|100%| O|  |TAMS 0x0000000099700000, 0x0000000099600000| Untracked 
| 407|0x0000000099700000, 0x0000000099800000, 0x0000000099800000|100%| O|  |TAMS 0x0000000099800000, 0x0000000099700000| Untracked 
| 408|0x0000000099800000, 0x0000000099900000, 0x0000000099900000|100%| O|  |TAMS 0x0000000099900000, 0x0000000099800000| Untracked 
| 409|0x0000000099900000, 0x0000000099900000, 0x0000000099a00000|  0%| F|  |TAMS 0x0000000099900000, 0x0000000099900000| Untracked 
| 410|0x0000000099a00000, 0x0000000099b00000, 0x0000000099b00000|100%| O|  |TAMS 0x0000000099b00000, 0x0000000099a00000| Untracked 
| 411|0x0000000099b00000, 0x0000000099b00000, 0x0000000099c00000|  0%| F|  |TAMS 0x0000000099b00000, 0x0000000099b00000| Untracked 
| 412|0x0000000099c00000, 0x0000000099d00000, 0x0000000099d00000|100%| O|  |TAMS 0x0000000099d00000, 0x0000000099c00000| Untracked 
| 413|0x0000000099d00000, 0x0000000099e00000, 0x0000000099e00000|100%| O|  |TAMS 0x0000000099e00000, 0x0000000099d00000| Untracked 
| 414|0x0000000099e00000, 0x0000000099f00000, 0x0000000099f00000|100%| O|  |TAMS 0x0000000099f00000, 0x0000000099e00000| Untracked 
| 415|0x0000000099f00000, 0x000000009a000000, 0x000000009a000000|100%| O|  |TAMS 0x000000009a000000, 0x0000000099f00000| Untracked 
| 416|0x000000009a000000, 0x000000009a000000, 0x000000009a100000|  0%| F|  |TAMS 0x000000009a000000, 0x000000009a000000| Untracked 
| 417|0x000000009a100000, 0x000000009a100000, 0x000000009a200000|  0%| F|  |TAMS 0x000000009a100000, 0x000000009a100000| Untracked 
| 418|0x000000009a200000, 0x000000009a200000, 0x000000009a300000|  0%| F|  |TAMS 0x000000009a200000, 0x000000009a200000| Untracked 
| 419|0x000000009a300000, 0x000000009a300000, 0x000000009a400000|  0%| F|  |TAMS 0x000000009a300000, 0x000000009a300000| Untracked 
| 420|0x000000009a400000, 0x000000009a400000, 0x000000009a500000|  0%| F|  |TAMS 0x000000009a400000, 0x000000009a400000| Untracked 
| 421|0x000000009a500000, 0x000000009a500000, 0x000000009a600000|  0%| F|  |TAMS 0x000000009a500000, 0x000000009a500000| Untracked 
| 422|0x000000009a600000, 0x000000009a600000, 0x000000009a700000|  0%| F|  |TAMS 0x000000009a600000, 0x000000009a600000| Untracked 
| 423|0x000000009a700000, 0x000000009a700000, 0x000000009a800000|  0%| F|  |TAMS 0x000000009a700000, 0x000000009a700000| Untracked 
| 424|0x000000009a800000, 0x000000009a800000, 0x000000009a900000|  0%| F|  |TAMS 0x000000009a800000, 0x000000009a800000| Untracked 
| 425|0x000000009a900000, 0x000000009a900000, 0x000000009aa00000|  0%| F|  |TAMS 0x000000009a900000, 0x000000009a900000| Untracked 
| 426|0x000000009aa00000, 0x000000009aa00000, 0x000000009ab00000|  0%| F|  |TAMS 0x000000009aa00000, 0x000000009aa00000| Untracked 
| 427|0x000000009ab00000, 0x000000009ab00000, 0x000000009ac00000|  0%| F|  |TAMS 0x000000009ab00000, 0x000000009ab00000| Untracked 
| 428|0x000000009ac00000, 0x000000009ac00000, 0x000000009ad00000|  0%| F|  |TAMS 0x000000009ac00000, 0x000000009ac00000| Untracked 
| 429|0x000000009ad00000, 0x000000009ad00000, 0x000000009ae00000|  0%| F|  |TAMS 0x000000009ad00000, 0x000000009ad00000| Untracked 
| 430|0x000000009ae00000, 0x000000009ae00000, 0x000000009af00000|  0%| F|  |TAMS 0x000000009ae00000, 0x000000009ae00000| Untracked 
| 431|0x000000009af00000, 0x000000009af00000, 0x000000009b000000|  0%| F|  |TAMS 0x000000009af00000, 0x000000009af00000| Untracked 
| 432|0x000000009b000000, 0x000000009b000000, 0x000000009b100000|  0%| F|  |TAMS 0x000000009b000000, 0x000000009b000000| Untracked 
| 433|0x000000009b100000, 0x000000009b100000, 0x000000009b200000|  0%| F|  |TAMS 0x000000009b100000, 0x000000009b100000| Untracked 
| 434|0x000000009b200000, 0x000000009b200000, 0x000000009b300000|  0%| F|  |TAMS 0x000000009b200000, 0x000000009b200000| Untracked 
| 435|0x000000009b300000, 0x000000009b300000, 0x000000009b400000|  0%| F|  |TAMS 0x000000009b300000, 0x000000009b300000| Untracked 
| 436|0x000000009b400000, 0x000000009b400000, 0x000000009b500000|  0%| F|  |TAMS 0x000000009b400000, 0x000000009b400000| Untracked 
| 437|0x000000009b500000, 0x000000009b500000, 0x000000009b600000|  0%| F|  |TAMS 0x000000009b500000, 0x000000009b500000| Untracked 
| 438|0x000000009b600000, 0x000000009b600000, 0x000000009b700000|  0%| F|  |TAMS 0x000000009b600000, 0x000000009b600000| Untracked 
| 439|0x000000009b700000, 0x000000009b700000, 0x000000009b800000|  0%| F|  |TAMS 0x000000009b700000, 0x000000009b700000| Untracked 
| 440|0x000000009b800000, 0x000000009b800000, 0x000000009b900000|  0%| F|  |TAMS 0x000000009b800000, 0x000000009b800000| Untracked 
| 441|0x000000009b900000, 0x000000009b900000, 0x000000009ba00000|  0%| F|  |TAMS 0x000000009b900000, 0x000000009b900000| Untracked 
| 442|0x000000009ba00000, 0x000000009ba00000, 0x000000009bb00000|  0%| F|  |TAMS 0x000000009ba00000, 0x000000009ba00000| Untracked 
| 443|0x000000009bb00000, 0x000000009bb00000, 0x000000009bc00000|  0%| F|  |TAMS 0x000000009bb00000, 0x000000009bb00000| Untracked 
| 444|0x000000009bc00000, 0x000000009bc00000, 0x000000009bd00000|  0%| F|  |TAMS 0x000000009bc00000, 0x000000009bc00000| Untracked 
| 445|0x000000009bd00000, 0x000000009bd00000, 0x000000009be00000|  0%| F|  |TAMS 0x000000009bd00000, 0x000000009bd00000| Untracked 
| 446|0x000000009be00000, 0x000000009be00000, 0x000000009bf00000|  0%| F|  |TAMS 0x000000009be00000, 0x000000009be00000| Untracked 
| 447|0x000000009bf00000, 0x000000009c000000, 0x000000009c000000|100%| O|  |TAMS 0x000000009c000000, 0x000000009bf00000| Untracked 
| 448|0x000000009c000000, 0x000000009c100000, 0x000000009c100000|100%| O|  |TAMS 0x000000009c100000, 0x000000009c000000| Untracked 
| 449|0x000000009c100000, 0x000000009c200000, 0x000000009c200000|100%| O|  |TAMS 0x000000009c200000, 0x000000009c100000| Untracked 
| 450|0x000000009c200000, 0x000000009c300000, 0x000000009c300000|100%| O|  |TAMS 0x000000009c300000, 0x000000009c200000| Untracked 
| 451|0x000000009c300000, 0x000000009c400000, 0x000000009c400000|100%| O|  |TAMS 0x000000009c400000, 0x000000009c300000| Untracked 
| 452|0x000000009c400000, 0x000000009c500000, 0x000000009c500000|100%| O|  |TAMS 0x000000009c500000, 0x000000009c400000| Untracked 
| 453|0x000000009c500000, 0x000000009c600000, 0x000000009c600000|100%| O|  |TAMS 0x000000009c600000, 0x000000009c500000| Untracked 
| 454|0x000000009c600000, 0x000000009c700000, 0x000000009c700000|100%| O|  |TAMS 0x000000009c700000, 0x000000009c600000| Untracked 
| 455|0x000000009c700000, 0x000000009c800000, 0x000000009c800000|100%|HS|  |TAMS 0x000000009c800000, 0x000000009c700000| Complete 
| 456|0x000000009c800000, 0x000000009c900000, 0x000000009c900000|100%|HC|  |TAMS 0x000000009c900000, 0x000000009c800000| Complete 
| 457|0x000000009c900000, 0x000000009ca00000, 0x000000009ca00000|100%|HC|  |TAMS 0x000000009ca00000, 0x000000009c900000| Complete 
| 458|0x000000009ca00000, 0x000000009cb00000, 0x000000009cb00000|100%| O|  |TAMS 0x000000009cb00000, 0x000000009ca00000| Untracked 
| 459|0x000000009cb00000, 0x000000009cc00000, 0x000000009cc00000|100%| O|  |TAMS 0x000000009cc00000, 0x000000009cb00000| Untracked 
| 460|0x000000009cc00000, 0x000000009cd00000, 0x000000009cd00000|100%| O|  |TAMS 0x000000009cd00000, 0x000000009cc00000| Untracked 
| 461|0x000000009cd00000, 0x000000009ce00000, 0x000000009ce00000|100%| O|  |TAMS 0x000000009ce00000, 0x000000009cd00000| Untracked 
| 462|0x000000009ce00000, 0x000000009cf00000, 0x000000009cf00000|100%| O|  |TAMS 0x000000009cf00000, 0x000000009ce00000| Untracked 
| 463|0x000000009cf00000, 0x000000009d000000, 0x000000009d000000|100%| O|  |TAMS 0x000000009d000000, 0x000000009cf00000| Untracked 
| 464|0x000000009d000000, 0x000000009d000000, 0x000000009d100000|  0%| F|  |TAMS 0x000000009d000000, 0x000000009d000000| Untracked 
| 465|0x000000009d100000, 0x000000009d200000, 0x000000009d200000|100%| O|  |TAMS 0x000000009d200000, 0x000000009d100000| Untracked 
| 466|0x000000009d200000, 0x000000009d300000, 0x000000009d300000|100%| O|  |TAMS 0x000000009d300000, 0x000000009d200000| Untracked 
| 467|0x000000009d300000, 0x000000009d400000, 0x000000009d400000|100%| O|  |TAMS 0x000000009d400000, 0x000000009d300000| Untracked 
| 468|0x000000009d400000, 0x000000009d500000, 0x000000009d500000|100%| O|  |TAMS 0x000000009d500000, 0x000000009d400000| Untracked 
| 469|0x000000009d500000, 0x000000009d600000, 0x000000009d600000|100%| O|  |TAMS 0x000000009d600000, 0x000000009d500000| Untracked 
| 470|0x000000009d600000, 0x000000009d700000, 0x000000009d700000|100%| O|  |TAMS 0x000000009d700000, 0x000000009d600000| Untracked 
| 471|0x000000009d700000, 0x000000009d700000, 0x000000009d800000|  0%| F|  |TAMS 0x000000009d700000, 0x000000009d700000| Untracked 
| 472|0x000000009d800000, 0x000000009d900000, 0x000000009d900000|100%| O|  |TAMS 0x000000009d900000, 0x000000009d800000| Untracked 
| 473|0x000000009d900000, 0x000000009da00000, 0x000000009da00000|100%| O|  |TAMS 0x000000009da00000, 0x000000009d900000| Untracked 
| 474|0x000000009da00000, 0x000000009db00000, 0x000000009db00000|100%| O|  |TAMS 0x000000009db00000, 0x000000009da00000| Untracked 
| 475|0x000000009db00000, 0x000000009dc00000, 0x000000009dc00000|100%| O|  |TAMS 0x000000009dc00000, 0x000000009db00000| Untracked 
| 476|0x000000009dc00000, 0x000000009dd00000, 0x000000009dd00000|100%| O|  |TAMS 0x000000009dd00000, 0x000000009dc00000| Untracked 
| 477|0x000000009dd00000, 0x000000009de00000, 0x000000009de00000|100%| O|  |TAMS 0x000000009de00000, 0x000000009dd00000| Untracked 
| 478|0x000000009de00000, 0x000000009df00000, 0x000000009df00000|100%| O|  |TAMS 0x000000009df00000, 0x000000009de00000| Untracked 
| 479|0x000000009df00000, 0x000000009e000000, 0x000000009e000000|100%| O|  |TAMS 0x000000009e000000, 0x000000009df00000| Untracked 
| 480|0x000000009e000000, 0x000000009e100000, 0x000000009e100000|100%| O|  |TAMS 0x000000009e100000, 0x000000009e000000| Untracked 
| 481|0x000000009e100000, 0x000000009e200000, 0x000000009e200000|100%| O|  |TAMS 0x000000009e200000, 0x000000009e100000| Untracked 
| 482|0x000000009e200000, 0x000000009e300000, 0x000000009e300000|100%| O|  |TAMS 0x000000009e300000, 0x000000009e200000| Untracked 
| 483|0x000000009e300000, 0x000000009e400000, 0x000000009e400000|100%| O|  |TAMS 0x000000009e400000, 0x000000009e300000| Untracked 
| 484|0x000000009e400000, 0x000000009e500000, 0x000000009e500000|100%| O|  |TAMS 0x000000009e500000, 0x000000009e400000| Untracked 
| 485|0x000000009e500000, 0x000000009e600000, 0x000000009e600000|100%| O|  |TAMS 0x000000009e600000, 0x000000009e500000| Untracked 
| 486|0x000000009e600000, 0x000000009e700000, 0x000000009e700000|100%| O|  |TAMS 0x000000009e700000, 0x000000009e600000| Untracked 
| 487|0x000000009e700000, 0x000000009e800000, 0x000000009e800000|100%| O|  |TAMS 0x000000009e800000, 0x000000009e700000| Untracked 
| 488|0x000000009e800000, 0x000000009e900000, 0x000000009e900000|100%| O|  |TAMS 0x000000009e900000, 0x000000009e800000| Untracked 
| 489|0x000000009e900000, 0x000000009ea00000, 0x000000009ea00000|100%| O|  |TAMS 0x000000009ea00000, 0x000000009e900000| Untracked 
| 490|0x000000009ea00000, 0x000000009eb00000, 0x000000009eb00000|100%| O|  |TAMS 0x000000009eb00000, 0x000000009ea00000| Untracked 
| 491|0x000000009eb00000, 0x000000009ec00000, 0x000000009ec00000|100%| O|  |TAMS 0x000000009ec00000, 0x000000009eb00000| Untracked 
| 492|0x000000009ec00000, 0x000000009ed00000, 0x000000009ed00000|100%| O|  |TAMS 0x000000009ed00000, 0x000000009ec00000| Untracked 
| 493|0x000000009ed00000, 0x000000009ee00000, 0x000000009ee00000|100%| O|  |TAMS 0x000000009ee00000, 0x000000009ed00000| Untracked 
| 494|0x000000009ee00000, 0x000000009ef00000, 0x000000009ef00000|100%| O|  |TAMS 0x000000009ef00000, 0x000000009ee00000| Untracked 
| 495|0x000000009ef00000, 0x000000009f000000, 0x000000009f000000|100%| O|  |TAMS 0x000000009f000000, 0x000000009ef00000| Untracked 
| 496|0x000000009f000000, 0x000000009f100000, 0x000000009f100000|100%| O|  |TAMS 0x000000009f100000, 0x000000009f000000| Untracked 
| 497|0x000000009f100000, 0x000000009f200000, 0x000000009f200000|100%| O|  |TAMS 0x000000009f200000, 0x000000009f100000| Untracked 
| 498|0x000000009f200000, 0x000000009f300000, 0x000000009f300000|100%| O|  |TAMS 0x000000009f300000, 0x000000009f200000| Untracked 
| 499|0x000000009f300000, 0x000000009f400000, 0x000000009f400000|100%| O|  |TAMS 0x000000009f400000, 0x000000009f300000| Untracked 
| 500|0x000000009f400000, 0x000000009f500000, 0x000000009f500000|100%| O|  |TAMS 0x000000009f500000, 0x000000009f400000| Untracked 
| 501|0x000000009f500000, 0x000000009f500000, 0x000000009f600000|  0%| F|  |TAMS 0x000000009f500000, 0x000000009f500000| Untracked 
| 502|0x000000009f600000, 0x000000009f700000, 0x000000009f700000|100%| O|  |TAMS 0x000000009f700000, 0x000000009f600000| Untracked 
| 503|0x000000009f700000, 0x000000009f800000, 0x000000009f800000|100%| O|  |TAMS 0x000000009f800000, 0x000000009f700000| Untracked 
| 504|0x000000009f800000, 0x000000009f900000, 0x000000009f900000|100%| O|  |TAMS 0x000000009f900000, 0x000000009f800000| Untracked 
| 505|0x000000009f900000, 0x000000009fa00000, 0x000000009fa00000|100%| O|  |TAMS 0x000000009fa00000, 0x000000009f900000| Untracked 
| 506|0x000000009fa00000, 0x000000009fb00000, 0x000000009fb00000|100%| O|  |TAMS 0x000000009fb00000, 0x000000009fa00000| Untracked 
| 507|0x000000009fb00000, 0x000000009fc00000, 0x000000009fc00000|100%| O|  |TAMS 0x000000009fc00000, 0x000000009fb00000| Untracked 
| 508|0x000000009fc00000, 0x000000009fd00000, 0x000000009fd00000|100%| O|  |TAMS 0x000000009fd00000, 0x000000009fc00000| Untracked 
| 509|0x000000009fd00000, 0x000000009fe00000, 0x000000009fe00000|100%| O|  |TAMS 0x000000009fe00000, 0x000000009fd00000| Untracked 
| 510|0x000000009fe00000, 0x000000009ff00000, 0x000000009ff00000|100%| O|  |TAMS 0x000000009ff00000, 0x000000009fe00000| Untracked 
| 511|0x000000009ff00000, 0x00000000a0000000, 0x00000000a0000000|100%| O|  |TAMS 0x00000000a0000000, 0x000000009ff00000| Untracked 
| 512|0x00000000a0000000, 0x00000000a0100000, 0x00000000a0100000|100%| O|  |TAMS 0x00000000a0100000, 0x00000000a0000000| Untracked 
| 513|0x00000000a0100000, 0x00000000a0200000, 0x00000000a0200000|100%| O|  |TAMS 0x00000000a017be00, 0x00000000a0100000| Untracked 
| 514|0x00000000a0200000, 0x00000000a0300000, 0x00000000a0300000|100%| O|  |TAMS 0x00000000a0200000, 0x00000000a0200000| Untracked 
| 515|0x00000000a0300000, 0x00000000a0400000, 0x00000000a0400000|100%| O|  |TAMS 0x00000000a0300000, 0x00000000a0300000| Untracked 
| 516|0x00000000a0400000, 0x00000000a0500000, 0x00000000a0500000|100%| O|  |TAMS 0x00000000a0400000, 0x00000000a0400000| Untracked 
| 517|0x00000000a0500000, 0x00000000a0600000, 0x00000000a0600000|100%| O|  |TAMS 0x00000000a0500000, 0x00000000a0500000| Untracked 
| 518|0x00000000a0600000, 0x00000000a0700000, 0x00000000a0700000|100%| O|  |TAMS 0x00000000a0600000, 0x00000000a0600000| Untracked 
| 519|0x00000000a0700000, 0x00000000a0700000, 0x00000000a0800000|  0%| F|  |TAMS 0x00000000a0700000, 0x00000000a0700000| Untracked 
| 520|0x00000000a0800000, 0x00000000a0800000, 0x00000000a0900000|  0%| F|  |TAMS 0x00000000a0800000, 0x00000000a0800000| Untracked 
| 521|0x00000000a0900000, 0x00000000a0900000, 0x00000000a0a00000|  0%| F|  |TAMS 0x00000000a0900000, 0x00000000a0900000| Untracked 
| 522|0x00000000a0a00000, 0x00000000a0a00000, 0x00000000a0b00000|  0%| F|  |TAMS 0x00000000a0a00000, 0x00000000a0a00000| Untracked 
| 523|0x00000000a0b00000, 0x00000000a0b00000, 0x00000000a0c00000|  0%| F|  |TAMS 0x00000000a0b00000, 0x00000000a0b00000| Untracked 
| 524|0x00000000a0c00000, 0x00000000a0c00000, 0x00000000a0d00000|  0%| F|  |TAMS 0x00000000a0c00000, 0x00000000a0c00000| Untracked 
| 525|0x00000000a0d00000, 0x00000000a0d00000, 0x00000000a0e00000|  0%| F|  |TAMS 0x00000000a0d00000, 0x00000000a0d00000| Untracked 
| 526|0x00000000a0e00000, 0x00000000a0e00000, 0x00000000a0f00000|  0%| F|  |TAMS 0x00000000a0e00000, 0x00000000a0e00000| Untracked 
| 527|0x00000000a0f00000, 0x00000000a0f00000, 0x00000000a1000000|  0%| F|  |TAMS 0x00000000a0f00000, 0x00000000a0f00000| Untracked 
| 528|0x00000000a1000000, 0x00000000a1000000, 0x00000000a1100000|  0%| F|  |TAMS 0x00000000a1000000, 0x00000000a1000000| Untracked 
| 529|0x00000000a1100000, 0x00000000a1100000, 0x00000000a1200000|  0%| F|  |TAMS 0x00000000a1100000, 0x00000000a1100000| Untracked 
| 530|0x00000000a1200000, 0x00000000a1200000, 0x00000000a1300000|  0%| F|  |TAMS 0x00000000a1200000, 0x00000000a1200000| Untracked 
| 531|0x00000000a1300000, 0x00000000a1300000, 0x00000000a1400000|  0%| F|  |TAMS 0x00000000a1300000, 0x00000000a1300000| Untracked 
| 532|0x00000000a1400000, 0x00000000a1400000, 0x00000000a1500000|  0%| F|  |TAMS 0x00000000a1400000, 0x00000000a1400000| Untracked 
| 533|0x00000000a1500000, 0x00000000a1500000, 0x00000000a1600000|  0%| F|  |TAMS 0x00000000a1500000, 0x00000000a1500000| Untracked 
| 534|0x00000000a1600000, 0x00000000a1600000, 0x00000000a1700000|  0%| F|  |TAMS 0x00000000a1600000, 0x00000000a1600000| Untracked 
| 535|0x00000000a1700000, 0x00000000a1700000, 0x00000000a1800000|  0%| F|  |TAMS 0x00000000a1700000, 0x00000000a1700000| Untracked 
| 536|0x00000000a1800000, 0x00000000a1800000, 0x00000000a1900000|  0%| F|  |TAMS 0x00000000a1800000, 0x00000000a1800000| Untracked 
| 537|0x00000000a1900000, 0x00000000a1900000, 0x00000000a1a00000|  0%| F|  |TAMS 0x00000000a1900000, 0x00000000a1900000| Untracked 
| 538|0x00000000a1a00000, 0x00000000a1a00000, 0x00000000a1b00000|  0%| F|  |TAMS 0x00000000a1a00000, 0x00000000a1a00000| Untracked 
| 539|0x00000000a1b00000, 0x00000000a1b00000, 0x00000000a1c00000|  0%| F|  |TAMS 0x00000000a1b00000, 0x00000000a1b00000| Untracked 
| 540|0x00000000a1c00000, 0x00000000a1c00000, 0x00000000a1d00000|  0%| F|  |TAMS 0x00000000a1c00000, 0x00000000a1c00000| Untracked 
| 541|0x00000000a1d00000, 0x00000000a1d00000, 0x00000000a1e00000|  0%| F|  |TAMS 0x00000000a1d00000, 0x00000000a1d00000| Untracked 
| 542|0x00000000a1e00000, 0x00000000a1e00000, 0x00000000a1f00000|  0%| F|  |TAMS 0x00000000a1e00000, 0x00000000a1e00000| Untracked 
| 543|0x00000000a1f00000, 0x00000000a1f00000, 0x00000000a2000000|  0%| F|  |TAMS 0x00000000a1f00000, 0x00000000a1f00000| Untracked 
| 544|0x00000000a2000000, 0x00000000a2000000, 0x00000000a2100000|  0%| F|  |TAMS 0x00000000a2000000, 0x00000000a2000000| Untracked 
| 545|0x00000000a2100000, 0x00000000a2100000, 0x00000000a2200000|  0%| F|  |TAMS 0x00000000a2100000, 0x00000000a2100000| Untracked 
| 546|0x00000000a2200000, 0x00000000a2200000, 0x00000000a2300000|  0%| F|  |TAMS 0x00000000a2200000, 0x00000000a2200000| Untracked 
| 547|0x00000000a2300000, 0x00000000a2300000, 0x00000000a2400000|  0%| F|  |TAMS 0x00000000a2300000, 0x00000000a2300000| Untracked 
| 548|0x00000000a2400000, 0x00000000a2400000, 0x00000000a2500000|  0%| F|  |TAMS 0x00000000a2400000, 0x00000000a2400000| Untracked 
| 549|0x00000000a2500000, 0x00000000a2500000, 0x00000000a2600000|  0%| F|  |TAMS 0x00000000a2500000, 0x00000000a2500000| Untracked 
| 550|0x00000000a2600000, 0x00000000a2600000, 0x00000000a2700000|  0%| F|  |TAMS 0x00000000a2600000, 0x00000000a2600000| Untracked 
| 551|0x00000000a2700000, 0x00000000a2800000, 0x00000000a2800000|100%| S|CS|TAMS 0x00000000a2700000, 0x00000000a2700000| Complete 
| 552|0x00000000a2800000, 0x00000000a2900000, 0x00000000a2900000|100%| S|CS|TAMS 0x00000000a2800000, 0x00000000a2800000| Complete 
| 553|0x00000000a2900000, 0x00000000a2a00000, 0x00000000a2a00000|100%| S|CS|TAMS 0x00000000a2900000, 0x00000000a2900000| Complete 
| 554|0x00000000a2a00000, 0x00000000a2b00000, 0x00000000a2b00000|100%| S|CS|TAMS 0x00000000a2a00000, 0x00000000a2a00000| Complete 
| 555|0x00000000a2b00000, 0x00000000a2c00000, 0x00000000a2c00000|100%| S|CS|TAMS 0x00000000a2b00000, 0x00000000a2b00000| Complete 
| 556|0x00000000a2c00000, 0x00000000a2d00000, 0x00000000a2d00000|100%| S|CS|TAMS 0x00000000a2c00000, 0x00000000a2c00000| Complete 
| 557|0x00000000a2d00000, 0x00000000a2e00000, 0x00000000a2e00000|100%| S|CS|TAMS 0x00000000a2d00000, 0x00000000a2d00000| Complete 
| 558|0x00000000a2e00000, 0x00000000a2f00000, 0x00000000a2f00000|100%| S|CS|TAMS 0x00000000a2e00000, 0x00000000a2e00000| Complete 
| 559|0x00000000a2f00000, 0x00000000a3000000, 0x00000000a3000000|100%| S|CS|TAMS 0x00000000a2f00000, 0x00000000a2f00000| Complete 
| 560|0x00000000a3000000, 0x00000000a3100000, 0x00000000a3100000|100%| S|CS|TAMS 0x00000000a3000000, 0x00000000a3000000| Complete 
| 561|0x00000000a3100000, 0x00000000a3200000, 0x00000000a3200000|100%| S|CS|TAMS 0x00000000a3100000, 0x00000000a3100000| Complete 
| 562|0x00000000a3200000, 0x00000000a3300000, 0x00000000a3300000|100%| S|CS|TAMS 0x00000000a3200000, 0x00000000a3200000| Complete 
| 563|0x00000000a3300000, 0x00000000a3400000, 0x00000000a3400000|100%| S|CS|TAMS 0x00000000a3300000, 0x00000000a3300000| Complete 
| 564|0x00000000a3400000, 0x00000000a3500000, 0x00000000a3500000|100%| S|CS|TAMS 0x00000000a3400000, 0x00000000a3400000| Complete 
| 565|0x00000000a3500000, 0x00000000a3600000, 0x00000000a3600000|100%| S|CS|TAMS 0x00000000a3500000, 0x00000000a3500000| Complete 
| 566|0x00000000a3600000, 0x00000000a3700000, 0x00000000a3700000|100%| S|CS|TAMS 0x00000000a3600000, 0x00000000a3600000| Complete 
| 567|0x00000000a3700000, 0x00000000a3800000, 0x00000000a3800000|100%| S|CS|TAMS 0x00000000a3700000, 0x00000000a3700000| Complete 
| 568|0x00000000a3800000, 0x00000000a3900000, 0x00000000a3900000|100%| S|CS|TAMS 0x00000000a3800000, 0x00000000a3800000| Complete 
| 569|0x00000000a3900000, 0x00000000a3a00000, 0x00000000a3a00000|100%| S|CS|TAMS 0x00000000a3900000, 0x00000000a3900000| Complete 
| 570|0x00000000a3a00000, 0x00000000a3b00000, 0x00000000a3b00000|100%| S|CS|TAMS 0x00000000a3a00000, 0x00000000a3a00000| Complete 
| 571|0x00000000a3b00000, 0x00000000a3c00000, 0x00000000a3c00000|100%| S|CS|TAMS 0x00000000a3b00000, 0x00000000a3b00000| Complete 
| 572|0x00000000a3c00000, 0x00000000a3d00000, 0x00000000a3d00000|100%| S|CS|TAMS 0x00000000a3c00000, 0x00000000a3c00000| Complete 
| 573|0x00000000a3d00000, 0x00000000a3e00000, 0x00000000a3e00000|100%| S|CS|TAMS 0x00000000a3d00000, 0x00000000a3d00000| Complete 
| 574|0x00000000a3e00000, 0x00000000a3f00000, 0x00000000a3f00000|100%| S|CS|TAMS 0x00000000a3e00000, 0x00000000a3e00000| Complete 
| 575|0x00000000a3f00000, 0x00000000a4000000, 0x00000000a4000000|100%| S|CS|TAMS 0x00000000a3f00000, 0x00000000a3f00000| Complete 
| 576|0x00000000a4000000, 0x00000000a4100000, 0x00000000a4100000|100%| S|CS|TAMS 0x00000000a4000000, 0x00000000a4000000| Complete 
| 577|0x00000000a4100000, 0x00000000a4200000, 0x00000000a4200000|100%| S|CS|TAMS 0x00000000a4100000, 0x00000000a4100000| Complete 
| 578|0x00000000a4200000, 0x00000000a4300000, 0x00000000a4300000|100%| S|CS|TAMS 0x00000000a4200000, 0x00000000a4200000| Complete 
| 579|0x00000000a4300000, 0x00000000a4400000, 0x00000000a4400000|100%| S|CS|TAMS 0x00000000a4300000, 0x00000000a4300000| Complete 
| 580|0x00000000a4400000, 0x00000000a4500000, 0x00000000a4500000|100%| S|CS|TAMS 0x00000000a4400000, 0x00000000a4400000| Complete 
| 581|0x00000000a4500000, 0x00000000a4600000, 0x00000000a4600000|100%| S|CS|TAMS 0x00000000a4500000, 0x00000000a4500000| Complete 
| 582|0x00000000a4600000, 0x00000000a4700000, 0x00000000a4700000|100%| S|CS|TAMS 0x00000000a4600000, 0x00000000a4600000| Complete 
| 583|0x00000000a4700000, 0x00000000a4800000, 0x00000000a4800000|100%| S|CS|TAMS 0x00000000a4700000, 0x00000000a4700000| Complete 
| 584|0x00000000a4800000, 0x00000000a4800000, 0x00000000a4900000|  0%| F|  |TAMS 0x00000000a4800000, 0x00000000a4800000| Untracked 
| 585|0x00000000a4900000, 0x00000000a4900000, 0x00000000a4a00000|  0%| F|  |TAMS 0x00000000a4900000, 0x00000000a4900000| Untracked 
| 586|0x00000000a4a00000, 0x00000000a4a00000, 0x00000000a4b00000|  0%| F|  |TAMS 0x00000000a4a00000, 0x00000000a4a00000| Untracked 
| 587|0x00000000a4b00000, 0x00000000a4b00000, 0x00000000a4c00000|  0%| F|  |TAMS 0x00000000a4b00000, 0x00000000a4b00000| Untracked 
| 588|0x00000000a4c00000, 0x00000000a4c00000, 0x00000000a4d00000|  0%| F|  |TAMS 0x00000000a4c00000, 0x00000000a4c00000| Untracked 
| 589|0x00000000a4d00000, 0x00000000a4d00000, 0x00000000a4e00000|  0%| F|  |TAMS 0x00000000a4d00000, 0x00000000a4d00000| Untracked 
| 590|0x00000000a4e00000, 0x00000000a4e00000, 0x00000000a4f00000|  0%| F|  |TAMS 0x00000000a4e00000, 0x00000000a4e00000| Untracked 
| 591|0x00000000a4f00000, 0x00000000a4f00000, 0x00000000a5000000|  0%| F|  |TAMS 0x00000000a4f00000, 0x00000000a4f00000| Untracked 
| 592|0x00000000a5000000, 0x00000000a5000000, 0x00000000a5100000|  0%| F|  |TAMS 0x00000000a5000000, 0x00000000a5000000| Untracked 
| 593|0x00000000a5100000, 0x00000000a5100000, 0x00000000a5200000|  0%| F|  |TAMS 0x00000000a5100000, 0x00000000a5100000| Untracked 
| 594|0x00000000a5200000, 0x00000000a5200000, 0x00000000a5300000|  0%| F|  |TAMS 0x00000000a5200000, 0x00000000a5200000| Untracked 
| 595|0x00000000a5300000, 0x00000000a5300000, 0x00000000a5400000|  0%| F|  |TAMS 0x00000000a5300000, 0x00000000a5300000| Untracked 
| 596|0x00000000a5400000, 0x00000000a5400000, 0x00000000a5500000|  0%| F|  |TAMS 0x00000000a5400000, 0x00000000a5400000| Untracked 
| 597|0x00000000a5500000, 0x00000000a5500000, 0x00000000a5600000|  0%| F|  |TAMS 0x00000000a5500000, 0x00000000a5500000| Untracked 
| 598|0x00000000a5600000, 0x00000000a5600000, 0x00000000a5700000|  0%| F|  |TAMS 0x00000000a5600000, 0x00000000a5600000| Untracked 
| 599|0x00000000a5700000, 0x00000000a5700000, 0x00000000a5800000|  0%| F|  |TAMS 0x00000000a5700000, 0x00000000a5700000| Untracked 
| 600|0x00000000a5800000, 0x00000000a5800000, 0x00000000a5900000|  0%| F|  |TAMS 0x00000000a5800000, 0x00000000a5800000| Untracked 
| 601|0x00000000a5900000, 0x00000000a5900000, 0x00000000a5a00000|  0%| F|  |TAMS 0x00000000a5900000, 0x00000000a5900000| Untracked 
| 602|0x00000000a5a00000, 0x00000000a5a00000, 0x00000000a5b00000|  0%| F|  |TAMS 0x00000000a5a00000, 0x00000000a5a00000| Untracked 
| 603|0x00000000a5b00000, 0x00000000a5b00000, 0x00000000a5c00000|  0%| F|  |TAMS 0x00000000a5b00000, 0x00000000a5b00000| Untracked 
| 604|0x00000000a5c00000, 0x00000000a5c00000, 0x00000000a5d00000|  0%| F|  |TAMS 0x00000000a5c00000, 0x00000000a5c00000| Untracked 
| 605|0x00000000a5d00000, 0x00000000a5d00000, 0x00000000a5e00000|  0%| F|  |TAMS 0x00000000a5d00000, 0x00000000a5d00000| Untracked 
| 606|0x00000000a5e00000, 0x00000000a5e00000, 0x00000000a5f00000|  0%| F|  |TAMS 0x00000000a5e00000, 0x00000000a5e00000| Untracked 
| 607|0x00000000a5f00000, 0x00000000a5f00000, 0x00000000a6000000|  0%| F|  |TAMS 0x00000000a5f00000, 0x00000000a5f00000| Untracked 
| 608|0x00000000a6000000, 0x00000000a6000000, 0x00000000a6100000|  0%| F|  |TAMS 0x00000000a6000000, 0x00000000a6000000| Untracked 
| 609|0x00000000a6100000, 0x00000000a6100000, 0x00000000a6200000|  0%| F|  |TAMS 0x00000000a6100000, 0x00000000a6100000| Untracked 
| 610|0x00000000a6200000, 0x00000000a6200000, 0x00000000a6300000|  0%| F|  |TAMS 0x00000000a6200000, 0x00000000a6200000| Untracked 
| 611|0x00000000a6300000, 0x00000000a6300000, 0x00000000a6400000|  0%| F|  |TAMS 0x00000000a6300000, 0x00000000a6300000| Untracked 
| 612|0x00000000a6400000, 0x00000000a6400000, 0x00000000a6500000|  0%| F|  |TAMS 0x00000000a6400000, 0x00000000a6400000| Untracked 
| 613|0x00000000a6500000, 0x00000000a6500000, 0x00000000a6600000|  0%| F|  |TAMS 0x00000000a6500000, 0x00000000a6500000| Untracked 
| 614|0x00000000a6600000, 0x00000000a6600000, 0x00000000a6700000|  0%| F|  |TAMS 0x00000000a6600000, 0x00000000a6600000| Untracked 
| 615|0x00000000a6700000, 0x00000000a6700000, 0x00000000a6800000|  0%| F|  |TAMS 0x00000000a6700000, 0x00000000a6700000| Untracked 
| 616|0x00000000a6800000, 0x00000000a6800000, 0x00000000a6900000|  0%| F|  |TAMS 0x00000000a6800000, 0x00000000a6800000| Untracked 
| 617|0x00000000a6900000, 0x00000000a6900000, 0x00000000a6a00000|  0%| F|  |TAMS 0x00000000a6900000, 0x00000000a6900000| Untracked 
| 618|0x00000000a6a00000, 0x00000000a6a00000, 0x00000000a6b00000|  0%| F|  |TAMS 0x00000000a6a00000, 0x00000000a6a00000| Untracked 
| 619|0x00000000a6b00000, 0x00000000a6b00000, 0x00000000a6c00000|  0%| F|  |TAMS 0x00000000a6b00000, 0x00000000a6b00000| Untracked 
| 620|0x00000000a6c00000, 0x00000000a6c00000, 0x00000000a6d00000|  0%| F|  |TAMS 0x00000000a6c00000, 0x00000000a6c00000| Untracked 
| 621|0x00000000a6d00000, 0x00000000a6d00000, 0x00000000a6e00000|  0%| F|  |TAMS 0x00000000a6d00000, 0x00000000a6d00000| Untracked 
| 622|0x00000000a6e00000, 0x00000000a6e00000, 0x00000000a6f00000|  0%| F|  |TAMS 0x00000000a6e00000, 0x00000000a6e00000| Untracked 
| 623|0x00000000a6f00000, 0x00000000a6f00000, 0x00000000a7000000|  0%| F|  |TAMS 0x00000000a6f00000, 0x00000000a6f00000| Untracked 
| 624|0x00000000a7000000, 0x00000000a7000000, 0x00000000a7100000|  0%| F|  |TAMS 0x00000000a7000000, 0x00000000a7000000| Untracked 
| 625|0x00000000a7100000, 0x00000000a7100000, 0x00000000a7200000|  0%| F|  |TAMS 0x00000000a7100000, 0x00000000a7100000| Untracked 
| 626|0x00000000a7200000, 0x00000000a7200000, 0x00000000a7300000|  0%| F|  |TAMS 0x00000000a7200000, 0x00000000a7200000| Untracked 
| 627|0x00000000a7300000, 0x00000000a7300000, 0x00000000a7400000|  0%| F|  |TAMS 0x00000000a7300000, 0x00000000a7300000| Untracked 
| 628|0x00000000a7400000, 0x00000000a7400000, 0x00000000a7500000|  0%| F|  |TAMS 0x00000000a7400000, 0x00000000a7400000| Untracked 
| 629|0x00000000a7500000, 0x00000000a7500000, 0x00000000a7600000|  0%| F|  |TAMS 0x00000000a7500000, 0x00000000a7500000| Untracked 
| 630|0x00000000a7600000, 0x00000000a7600000, 0x00000000a7700000|  0%| F|  |TAMS 0x00000000a7600000, 0x00000000a7600000| Untracked 
| 631|0x00000000a7700000, 0x00000000a7700000, 0x00000000a7800000|  0%| F|  |TAMS 0x00000000a7700000, 0x00000000a7700000| Untracked 
| 632|0x00000000a7800000, 0x00000000a7800000, 0x00000000a7900000|  0%| F|  |TAMS 0x00000000a7800000, 0x00000000a7800000| Untracked 
| 633|0x00000000a7900000, 0x00000000a7900000, 0x00000000a7a00000|  0%| F|  |TAMS 0x00000000a7900000, 0x00000000a7900000| Untracked 
| 634|0x00000000a7a00000, 0x00000000a7a00000, 0x00000000a7b00000|  0%| F|  |TAMS 0x00000000a7a00000, 0x00000000a7a00000| Untracked 
| 635|0x00000000a7b00000, 0x00000000a7b00000, 0x00000000a7c00000|  0%| F|  |TAMS 0x00000000a7b00000, 0x00000000a7b00000| Untracked 
| 636|0x00000000a7c00000, 0x00000000a7c00000, 0x00000000a7d00000|  0%| F|  |TAMS 0x00000000a7c00000, 0x00000000a7c00000| Untracked 
| 637|0x00000000a7d00000, 0x00000000a7d00000, 0x00000000a7e00000|  0%| F|  |TAMS 0x00000000a7d00000, 0x00000000a7d00000| Untracked 
| 638|0x00000000a7e00000, 0x00000000a7e00000, 0x00000000a7f00000|  0%| F|  |TAMS 0x00000000a7e00000, 0x00000000a7e00000| Untracked 
| 639|0x00000000a7f00000, 0x00000000a7f00000, 0x00000000a8000000|  0%| F|  |TAMS 0x00000000a7f00000, 0x00000000a7f00000| Untracked 
| 640|0x00000000a8000000, 0x00000000a8000000, 0x00000000a8100000|  0%| F|  |TAMS 0x00000000a8000000, 0x00000000a8000000| Untracked 
| 641|0x00000000a8100000, 0x00000000a8100000, 0x00000000a8200000|  0%| F|  |TAMS 0x00000000a8100000, 0x00000000a8100000| Untracked 
| 642|0x00000000a8200000, 0x00000000a8200000, 0x00000000a8300000|  0%| F|  |TAMS 0x00000000a8200000, 0x00000000a8200000| Untracked 
| 643|0x00000000a8300000, 0x00000000a8300000, 0x00000000a8400000|  0%| F|  |TAMS 0x00000000a8300000, 0x00000000a8300000| Untracked 
| 644|0x00000000a8400000, 0x00000000a8400000, 0x00000000a8500000|  0%| F|  |TAMS 0x00000000a8400000, 0x00000000a8400000| Untracked 
| 645|0x00000000a8500000, 0x00000000a8500000, 0x00000000a8600000|  0%| F|  |TAMS 0x00000000a8500000, 0x00000000a8500000| Untracked 
| 646|0x00000000a8600000, 0x00000000a8600000, 0x00000000a8700000|  0%| F|  |TAMS 0x00000000a8600000, 0x00000000a8600000| Untracked 
| 647|0x00000000a8700000, 0x00000000a8700000, 0x00000000a8800000|  0%| F|  |TAMS 0x00000000a8700000, 0x00000000a8700000| Untracked 
| 648|0x00000000a8800000, 0x00000000a8800000, 0x00000000a8900000|  0%| F|  |TAMS 0x00000000a8800000, 0x00000000a8800000| Untracked 
| 649|0x00000000a8900000, 0x00000000a8900000, 0x00000000a8a00000|  0%| F|  |TAMS 0x00000000a8900000, 0x00000000a8900000| Untracked 
| 650|0x00000000a8a00000, 0x00000000a8a00000, 0x00000000a8b00000|  0%| F|  |TAMS 0x00000000a8a00000, 0x00000000a8a00000| Untracked 
| 651|0x00000000a8b00000, 0x00000000a8b00000, 0x00000000a8c00000|  0%| F|  |TAMS 0x00000000a8b00000, 0x00000000a8b00000| Untracked 
| 652|0x00000000a8c00000, 0x00000000a8c00000, 0x00000000a8d00000|  0%| F|  |TAMS 0x00000000a8c00000, 0x00000000a8c00000| Untracked 
| 653|0x00000000a8d00000, 0x00000000a8d00000, 0x00000000a8e00000|  0%| F|  |TAMS 0x00000000a8d00000, 0x00000000a8d00000| Untracked 
| 654|0x00000000a8e00000, 0x00000000a8e00000, 0x00000000a8f00000|  0%| F|  |TAMS 0x00000000a8e00000, 0x00000000a8e00000| Untracked 
| 655|0x00000000a8f00000, 0x00000000a8f00000, 0x00000000a9000000|  0%| F|  |TAMS 0x00000000a8f00000, 0x00000000a8f00000| Untracked 
| 656|0x00000000a9000000, 0x00000000a9000000, 0x00000000a9100000|  0%| F|  |TAMS 0x00000000a9000000, 0x00000000a9000000| Untracked 
| 657|0x00000000a9100000, 0x00000000a9100000, 0x00000000a9200000|  0%| F|  |TAMS 0x00000000a9100000, 0x00000000a9100000| Untracked 
| 658|0x00000000a9200000, 0x00000000a9200000, 0x00000000a9300000|  0%| F|  |TAMS 0x00000000a9200000, 0x00000000a9200000| Untracked 
| 659|0x00000000a9300000, 0x00000000a9300000, 0x00000000a9400000|  0%| F|  |TAMS 0x00000000a9300000, 0x00000000a9300000| Untracked 
| 660|0x00000000a9400000, 0x00000000a9400000, 0x00000000a9500000|  0%| F|  |TAMS 0x00000000a9400000, 0x00000000a9400000| Untracked 
| 661|0x00000000a9500000, 0x00000000a9500000, 0x00000000a9600000|  0%| F|  |TAMS 0x00000000a9500000, 0x00000000a9500000| Untracked 
| 662|0x00000000a9600000, 0x00000000a9600000, 0x00000000a9700000|  0%| F|  |TAMS 0x00000000a9600000, 0x00000000a9600000| Untracked 
| 663|0x00000000a9700000, 0x00000000a9700000, 0x00000000a9800000|  0%| F|  |TAMS 0x00000000a9700000, 0x00000000a9700000| Untracked 
| 664|0x00000000a9800000, 0x00000000a9800000, 0x00000000a9900000|  0%| F|  |TAMS 0x00000000a9800000, 0x00000000a9800000| Untracked 
| 665|0x00000000a9900000, 0x00000000a9900000, 0x00000000a9a00000|  0%| F|  |TAMS 0x00000000a9900000, 0x00000000a9900000| Untracked 
| 666|0x00000000a9a00000, 0x00000000a9a00000, 0x00000000a9b00000|  0%| F|  |TAMS 0x00000000a9a00000, 0x00000000a9a00000| Untracked 
| 667|0x00000000a9b00000, 0x00000000a9b00000, 0x00000000a9c00000|  0%| F|  |TAMS 0x00000000a9b00000, 0x00000000a9b00000| Untracked 
| 668|0x00000000a9c00000, 0x00000000a9c00000, 0x00000000a9d00000|  0%| F|  |TAMS 0x00000000a9c00000, 0x00000000a9c00000| Untracked 
| 669|0x00000000a9d00000, 0x00000000a9d00000, 0x00000000a9e00000|  0%| F|  |TAMS 0x00000000a9d00000, 0x00000000a9d00000| Untracked 
| 670|0x00000000a9e00000, 0x00000000a9e00000, 0x00000000a9f00000|  0%| F|  |TAMS 0x00000000a9e00000, 0x00000000a9e00000| Untracked 
| 671|0x00000000a9f00000, 0x00000000a9f00000, 0x00000000aa000000|  0%| F|  |TAMS 0x00000000a9f00000, 0x00000000a9f00000| Untracked 
| 672|0x00000000aa000000, 0x00000000aa000000, 0x00000000aa100000|  0%| F|  |TAMS 0x00000000aa000000, 0x00000000aa000000| Untracked 
| 673|0x00000000aa100000, 0x00000000aa100000, 0x00000000aa200000|  0%| F|  |TAMS 0x00000000aa100000, 0x00000000aa100000| Untracked 
| 674|0x00000000aa200000, 0x00000000aa200000, 0x00000000aa300000|  0%| F|  |TAMS 0x00000000aa200000, 0x00000000aa200000| Untracked 
| 675|0x00000000aa300000, 0x00000000aa300000, 0x00000000aa400000|  0%| F|  |TAMS 0x00000000aa300000, 0x00000000aa300000| Untracked 
| 676|0x00000000aa400000, 0x00000000aa400000, 0x00000000aa500000|  0%| F|  |TAMS 0x00000000aa400000, 0x00000000aa400000| Untracked 
| 677|0x00000000aa500000, 0x00000000aa500000, 0x00000000aa600000|  0%| F|  |TAMS 0x00000000aa500000, 0x00000000aa500000| Untracked 
| 678|0x00000000aa600000, 0x00000000aa600000, 0x00000000aa700000|  0%| F|  |TAMS 0x00000000aa600000, 0x00000000aa600000| Untracked 
| 679|0x00000000aa700000, 0x00000000aa700000, 0x00000000aa800000|  0%| F|  |TAMS 0x00000000aa700000, 0x00000000aa700000| Untracked 
| 680|0x00000000aa800000, 0x00000000aa800000, 0x00000000aa900000|  0%| F|  |TAMS 0x00000000aa800000, 0x00000000aa800000| Untracked 
| 681|0x00000000aa900000, 0x00000000aa900000, 0x00000000aaa00000|  0%| F|  |TAMS 0x00000000aa900000, 0x00000000aa900000| Untracked 
| 682|0x00000000aaa00000, 0x00000000aaa00000, 0x00000000aab00000|  0%| F|  |TAMS 0x00000000aaa00000, 0x00000000aaa00000| Untracked 
| 683|0x00000000aab00000, 0x00000000aab00000, 0x00000000aac00000|  0%| F|  |TAMS 0x00000000aab00000, 0x00000000aab00000| Untracked 
| 684|0x00000000aac00000, 0x00000000aac00000, 0x00000000aad00000|  0%| F|  |TAMS 0x00000000aac00000, 0x00000000aac00000| Untracked 
| 685|0x00000000aad00000, 0x00000000aad00000, 0x00000000aae00000|  0%| F|  |TAMS 0x00000000aad00000, 0x00000000aad00000| Untracked 
| 686|0x00000000aae00000, 0x00000000aae00000, 0x00000000aaf00000|  0%| F|  |TAMS 0x00000000aae00000, 0x00000000aae00000| Untracked 
| 687|0x00000000aaf00000, 0x00000000aaf00000, 0x00000000ab000000|  0%| F|  |TAMS 0x00000000aaf00000, 0x00000000aaf00000| Untracked 
| 688|0x00000000ab000000, 0x00000000ab000000, 0x00000000ab100000|  0%| F|  |TAMS 0x00000000ab000000, 0x00000000ab000000| Untracked 
| 689|0x00000000ab100000, 0x00000000ab100000, 0x00000000ab200000|  0%| F|  |TAMS 0x00000000ab100000, 0x00000000ab100000| Untracked 
| 690|0x00000000ab200000, 0x00000000ab200000, 0x00000000ab300000|  0%| F|  |TAMS 0x00000000ab200000, 0x00000000ab200000| Untracked 
| 691|0x00000000ab300000, 0x00000000ab300000, 0x00000000ab400000|  0%| F|  |TAMS 0x00000000ab300000, 0x00000000ab300000| Untracked 
| 692|0x00000000ab400000, 0x00000000ab400000, 0x00000000ab500000|  0%| F|  |TAMS 0x00000000ab400000, 0x00000000ab400000| Untracked 
| 693|0x00000000ab500000, 0x00000000ab500000, 0x00000000ab600000|  0%| F|  |TAMS 0x00000000ab500000, 0x00000000ab500000| Untracked 
| 694|0x00000000ab600000, 0x00000000ab600000, 0x00000000ab700000|  0%| F|  |TAMS 0x00000000ab600000, 0x00000000ab600000| Untracked 
| 695|0x00000000ab700000, 0x00000000ab700000, 0x00000000ab800000|  0%| F|  |TAMS 0x00000000ab700000, 0x00000000ab700000| Untracked 
| 696|0x00000000ab800000, 0x00000000ab800000, 0x00000000ab900000|  0%| F|  |TAMS 0x00000000ab800000, 0x00000000ab800000| Untracked 
| 697|0x00000000ab900000, 0x00000000ab900000, 0x00000000aba00000|  0%| F|  |TAMS 0x00000000ab900000, 0x00000000ab900000| Untracked 
| 698|0x00000000aba00000, 0x00000000aba00000, 0x00000000abb00000|  0%| F|  |TAMS 0x00000000aba00000, 0x00000000aba00000| Untracked 
| 699|0x00000000abb00000, 0x00000000abb00000, 0x00000000abc00000|  0%| F|  |TAMS 0x00000000abb00000, 0x00000000abb00000| Untracked 
| 700|0x00000000abc00000, 0x00000000abc00000, 0x00000000abd00000|  0%| F|  |TAMS 0x00000000abc00000, 0x00000000abc00000| Untracked 
| 701|0x00000000abd00000, 0x00000000abd00000, 0x00000000abe00000|  0%| F|  |TAMS 0x00000000abd00000, 0x00000000abd00000| Untracked 
| 702|0x00000000abe00000, 0x00000000abe00000, 0x00000000abf00000|  0%| F|  |TAMS 0x00000000abe00000, 0x00000000abe00000| Untracked 
| 703|0x00000000abf00000, 0x00000000abf00000, 0x00000000ac000000|  0%| F|  |TAMS 0x00000000abf00000, 0x00000000abf00000| Untracked 
| 704|0x00000000ac000000, 0x00000000ac000000, 0x00000000ac100000|  0%| F|  |TAMS 0x00000000ac000000, 0x00000000ac000000| Untracked 
| 705|0x00000000ac100000, 0x00000000ac100000, 0x00000000ac200000|  0%| F|  |TAMS 0x00000000ac100000, 0x00000000ac100000| Untracked 
| 706|0x00000000ac200000, 0x00000000ac200000, 0x00000000ac300000|  0%| F|  |TAMS 0x00000000ac200000, 0x00000000ac200000| Untracked 
| 707|0x00000000ac300000, 0x00000000ac300000, 0x00000000ac400000|  0%| F|  |TAMS 0x00000000ac300000, 0x00000000ac300000| Untracked 
| 708|0x00000000ac400000, 0x00000000ac400000, 0x00000000ac500000|  0%| F|  |TAMS 0x00000000ac400000, 0x00000000ac400000| Untracked 
| 709|0x00000000ac500000, 0x00000000ac500000, 0x00000000ac600000|  0%| F|  |TAMS 0x00000000ac500000, 0x00000000ac500000| Untracked 
| 710|0x00000000ac600000, 0x00000000ac600000, 0x00000000ac700000|  0%| F|  |TAMS 0x00000000ac600000, 0x00000000ac600000| Untracked 
| 711|0x00000000ac700000, 0x00000000ac700000, 0x00000000ac800000|  0%| F|  |TAMS 0x00000000ac700000, 0x00000000ac700000| Untracked 
| 712|0x00000000ac800000, 0x00000000ac800000, 0x00000000ac900000|  0%| F|  |TAMS 0x00000000ac800000, 0x00000000ac800000| Untracked 
| 713|0x00000000ac900000, 0x00000000ac900000, 0x00000000aca00000|  0%| F|  |TAMS 0x00000000ac900000, 0x00000000ac900000| Untracked 
| 714|0x00000000aca00000, 0x00000000aca00000, 0x00000000acb00000|  0%| F|  |TAMS 0x00000000aca00000, 0x00000000aca00000| Untracked 
| 715|0x00000000acb00000, 0x00000000acb00000, 0x00000000acc00000|  0%| F|  |TAMS 0x00000000acb00000, 0x00000000acb00000| Untracked 
| 716|0x00000000acc00000, 0x00000000acc00000, 0x00000000acd00000|  0%| F|  |TAMS 0x00000000acc00000, 0x00000000acc00000| Untracked 
| 717|0x00000000acd00000, 0x00000000acd00000, 0x00000000ace00000|  0%| F|  |TAMS 0x00000000acd00000, 0x00000000acd00000| Untracked 
| 718|0x00000000ace00000, 0x00000000ace00000, 0x00000000acf00000|  0%| F|  |TAMS 0x00000000ace00000, 0x00000000ace00000| Untracked 
| 719|0x00000000acf00000, 0x00000000acf00000, 0x00000000ad000000|  0%| F|  |TAMS 0x00000000acf00000, 0x00000000acf00000| Untracked 
| 720|0x00000000ad000000, 0x00000000ad000000, 0x00000000ad100000|  0%| F|  |TAMS 0x00000000ad000000, 0x00000000ad000000| Untracked 
| 721|0x00000000ad100000, 0x00000000ad100000, 0x00000000ad200000|  0%| F|  |TAMS 0x00000000ad100000, 0x00000000ad100000| Untracked 
| 722|0x00000000ad200000, 0x00000000ad200000, 0x00000000ad300000|  0%| F|  |TAMS 0x00000000ad200000, 0x00000000ad200000| Untracked 
| 723|0x00000000ad300000, 0x00000000ad300000, 0x00000000ad400000|  0%| F|  |TAMS 0x00000000ad300000, 0x00000000ad300000| Untracked 
| 724|0x00000000ad400000, 0x00000000ad400000, 0x00000000ad500000|  0%| F|  |TAMS 0x00000000ad400000, 0x00000000ad400000| Untracked 
| 725|0x00000000ad500000, 0x00000000ad500000, 0x00000000ad600000|  0%| F|  |TAMS 0x00000000ad500000, 0x00000000ad500000| Untracked 
| 726|0x00000000ad600000, 0x00000000ad600000, 0x00000000ad700000|  0%| F|  |TAMS 0x00000000ad600000, 0x00000000ad600000| Untracked 
| 727|0x00000000ad700000, 0x00000000ad700000, 0x00000000ad800000|  0%| F|  |TAMS 0x00000000ad700000, 0x00000000ad700000| Untracked 
| 728|0x00000000ad800000, 0x00000000ad800000, 0x00000000ad900000|  0%| F|  |TAMS 0x00000000ad800000, 0x00000000ad800000| Untracked 
| 729|0x00000000ad900000, 0x00000000ad900000, 0x00000000ada00000|  0%| F|  |TAMS 0x00000000ad900000, 0x00000000ad900000| Untracked 
| 730|0x00000000ada00000, 0x00000000ada00000, 0x00000000adb00000|  0%| F|  |TAMS 0x00000000ada00000, 0x00000000ada00000| Untracked 
| 731|0x00000000adb00000, 0x00000000adb00000, 0x00000000adc00000|  0%| F|  |TAMS 0x00000000adb00000, 0x00000000adb00000| Untracked 
| 732|0x00000000adc00000, 0x00000000adc00000, 0x00000000add00000|  0%| F|  |TAMS 0x00000000adc00000, 0x00000000adc00000| Untracked 
| 733|0x00000000add00000, 0x00000000add00000, 0x00000000ade00000|  0%| F|  |TAMS 0x00000000add00000, 0x00000000add00000| Untracked 
| 734|0x00000000ade00000, 0x00000000ade00000, 0x00000000adf00000|  0%| F|  |TAMS 0x00000000ade00000, 0x00000000ade00000| Untracked 
| 735|0x00000000adf00000, 0x00000000adf00000, 0x00000000ae000000|  0%| F|  |TAMS 0x00000000adf00000, 0x00000000adf00000| Untracked 
| 736|0x00000000ae000000, 0x00000000ae000000, 0x00000000ae100000|  0%| F|  |TAMS 0x00000000ae000000, 0x00000000ae000000| Untracked 
| 737|0x00000000ae100000, 0x00000000ae100000, 0x00000000ae200000|  0%| F|  |TAMS 0x00000000ae100000, 0x00000000ae100000| Untracked 
| 738|0x00000000ae200000, 0x00000000ae200000, 0x00000000ae300000|  0%| F|  |TAMS 0x00000000ae200000, 0x00000000ae200000| Untracked 
| 739|0x00000000ae300000, 0x00000000ae300000, 0x00000000ae400000|  0%| F|  |TAMS 0x00000000ae300000, 0x00000000ae300000| Untracked 
| 740|0x00000000ae400000, 0x00000000ae400000, 0x00000000ae500000|  0%| F|  |TAMS 0x00000000ae400000, 0x00000000ae400000| Untracked 
| 741|0x00000000ae500000, 0x00000000ae500000, 0x00000000ae600000|  0%| F|  |TAMS 0x00000000ae500000, 0x00000000ae500000| Untracked 
| 742|0x00000000ae600000, 0x00000000ae600000, 0x00000000ae700000|  0%| F|  |TAMS 0x00000000ae600000, 0x00000000ae600000| Untracked 
| 743|0x00000000ae700000, 0x00000000ae700000, 0x00000000ae800000|  0%| F|  |TAMS 0x00000000ae700000, 0x00000000ae700000| Untracked 
| 744|0x00000000ae800000, 0x00000000ae800000, 0x00000000ae900000|  0%| F|  |TAMS 0x00000000ae800000, 0x00000000ae800000| Untracked 
| 745|0x00000000ae900000, 0x00000000ae900000, 0x00000000aea00000|  0%| F|  |TAMS 0x00000000ae900000, 0x00000000ae900000| Untracked 
| 746|0x00000000aea00000, 0x00000000aea00000, 0x00000000aeb00000|  0%| F|  |TAMS 0x00000000aea00000, 0x00000000aea00000| Untracked 
| 747|0x00000000aeb00000, 0x00000000aeb00000, 0x00000000aec00000|  0%| F|  |TAMS 0x00000000aeb00000, 0x00000000aeb00000| Untracked 
| 748|0x00000000aec00000, 0x00000000aec00000, 0x00000000aed00000|  0%| F|  |TAMS 0x00000000aec00000, 0x00000000aec00000| Untracked 
| 749|0x00000000aed00000, 0x00000000aed00000, 0x00000000aee00000|  0%| F|  |TAMS 0x00000000aed00000, 0x00000000aed00000| Untracked 
| 750|0x00000000aee00000, 0x00000000aee00000, 0x00000000aef00000|  0%| F|  |TAMS 0x00000000aee00000, 0x00000000aee00000| Untracked 
| 751|0x00000000aef00000, 0x00000000aef00000, 0x00000000af000000|  0%| F|  |TAMS 0x00000000aef00000, 0x00000000aef00000| Untracked 
| 752|0x00000000af000000, 0x00000000af000000, 0x00000000af100000|  0%| F|  |TAMS 0x00000000af000000, 0x00000000af000000| Untracked 
| 753|0x00000000af100000, 0x00000000af100000, 0x00000000af200000|  0%| F|  |TAMS 0x00000000af100000, 0x00000000af100000| Untracked 
| 754|0x00000000af200000, 0x00000000af200000, 0x00000000af300000|  0%| F|  |TAMS 0x00000000af200000, 0x00000000af200000| Untracked 
| 755|0x00000000af300000, 0x00000000af300000, 0x00000000af400000|  0%| F|  |TAMS 0x00000000af300000, 0x00000000af300000| Untracked 
| 756|0x00000000af400000, 0x00000000af400000, 0x00000000af500000|  0%| F|  |TAMS 0x00000000af400000, 0x00000000af400000| Untracked 
| 757|0x00000000af500000, 0x00000000af500000, 0x00000000af600000|  0%| F|  |TAMS 0x00000000af500000, 0x00000000af500000| Untracked 
| 758|0x00000000af600000, 0x00000000af600000, 0x00000000af700000|  0%| F|  |TAMS 0x00000000af600000, 0x00000000af600000| Untracked 
| 759|0x00000000af700000, 0x00000000af700000, 0x00000000af800000|  0%| F|  |TAMS 0x00000000af700000, 0x00000000af700000| Untracked 
| 760|0x00000000af800000, 0x00000000af800000, 0x00000000af900000|  0%| F|  |TAMS 0x00000000af800000, 0x00000000af800000| Untracked 
| 761|0x00000000af900000, 0x00000000af900000, 0x00000000afa00000|  0%| F|  |TAMS 0x00000000af900000, 0x00000000af900000| Untracked 
| 762|0x00000000afa00000, 0x00000000afa00000, 0x00000000afb00000|  0%| F|  |TAMS 0x00000000afa00000, 0x00000000afa00000| Untracked 
| 763|0x00000000afb00000, 0x00000000afb00000, 0x00000000afc00000|  0%| F|  |TAMS 0x00000000afb00000, 0x00000000afb00000| Untracked 
| 764|0x00000000afc00000, 0x00000000afc00000, 0x00000000afd00000|  0%| F|  |TAMS 0x00000000afc00000, 0x00000000afc00000| Untracked 
| 765|0x00000000afd00000, 0x00000000afd00000, 0x00000000afe00000|  0%| F|  |TAMS 0x00000000afd00000, 0x00000000afd00000| Untracked 
| 766|0x00000000afe00000, 0x00000000afe00000, 0x00000000aff00000|  0%| F|  |TAMS 0x00000000afe00000, 0x00000000afe00000| Untracked 
| 767|0x00000000aff00000, 0x00000000aff00000, 0x00000000b0000000|  0%| F|  |TAMS 0x00000000aff00000, 0x00000000aff00000| Untracked 
| 768|0x00000000b0000000, 0x00000000b0000000, 0x00000000b0100000|  0%| F|  |TAMS 0x00000000b0000000, 0x00000000b0000000| Untracked 
| 769|0x00000000b0100000, 0x00000000b0100000, 0x00000000b0200000|  0%| F|  |TAMS 0x00000000b0100000, 0x00000000b0100000| Untracked 
| 770|0x00000000b0200000, 0x00000000b0200000, 0x00000000b0300000|  0%| F|  |TAMS 0x00000000b0200000, 0x00000000b0200000| Untracked 
| 771|0x00000000b0300000, 0x00000000b0300000, 0x00000000b0400000|  0%| F|  |TAMS 0x00000000b0300000, 0x00000000b0300000| Untracked 
| 772|0x00000000b0400000, 0x00000000b0400000, 0x00000000b0500000|  0%| F|  |TAMS 0x00000000b0400000, 0x00000000b0400000| Untracked 
| 773|0x00000000b0500000, 0x00000000b0500000, 0x00000000b0600000|  0%| F|  |TAMS 0x00000000b0500000, 0x00000000b0500000| Untracked 
| 774|0x00000000b0600000, 0x00000000b0600000, 0x00000000b0700000|  0%| F|  |TAMS 0x00000000b0600000, 0x00000000b0600000| Untracked 
| 775|0x00000000b0700000, 0x00000000b0700000, 0x00000000b0800000|  0%| F|  |TAMS 0x00000000b0700000, 0x00000000b0700000| Untracked 
| 776|0x00000000b0800000, 0x00000000b0800000, 0x00000000b0900000|  0%| F|  |TAMS 0x00000000b0800000, 0x00000000b0800000| Untracked 
| 777|0x00000000b0900000, 0x00000000b0900000, 0x00000000b0a00000|  0%| F|  |TAMS 0x00000000b0900000, 0x00000000b0900000| Untracked 
| 778|0x00000000b0a00000, 0x00000000b0a00000, 0x00000000b0b00000|  0%| F|  |TAMS 0x00000000b0a00000, 0x00000000b0a00000| Untracked 
| 779|0x00000000b0b00000, 0x00000000b0b00000, 0x00000000b0c00000|  0%| F|  |TAMS 0x00000000b0b00000, 0x00000000b0b00000| Untracked 
| 780|0x00000000b0c00000, 0x00000000b0c00000, 0x00000000b0d00000|  0%| F|  |TAMS 0x00000000b0c00000, 0x00000000b0c00000| Untracked 
| 781|0x00000000b0d00000, 0x00000000b0d00000, 0x00000000b0e00000|  0%| F|  |TAMS 0x00000000b0d00000, 0x00000000b0d00000| Untracked 
| 782|0x00000000b0e00000, 0x00000000b0e00000, 0x00000000b0f00000|  0%| F|  |TAMS 0x00000000b0e00000, 0x00000000b0e00000| Untracked 
| 783|0x00000000b0f00000, 0x00000000b0f00000, 0x00000000b1000000|  0%| F|  |TAMS 0x00000000b0f00000, 0x00000000b0f00000| Untracked 
| 784|0x00000000b1000000, 0x00000000b1000000, 0x00000000b1100000|  0%| F|  |TAMS 0x00000000b1000000, 0x00000000b1000000| Untracked 
| 785|0x00000000b1100000, 0x00000000b1100000, 0x00000000b1200000|  0%| F|  |TAMS 0x00000000b1100000, 0x00000000b1100000| Untracked 
| 786|0x00000000b1200000, 0x00000000b1200000, 0x00000000b1300000|  0%| F|  |TAMS 0x00000000b1200000, 0x00000000b1200000| Untracked 
| 787|0x00000000b1300000, 0x00000000b1300000, 0x00000000b1400000|  0%| F|  |TAMS 0x00000000b1300000, 0x00000000b1300000| Untracked 
| 788|0x00000000b1400000, 0x00000000b1400000, 0x00000000b1500000|  0%| F|  |TAMS 0x00000000b1400000, 0x00000000b1400000| Untracked 
| 789|0x00000000b1500000, 0x00000000b1500000, 0x00000000b1600000|  0%| F|  |TAMS 0x00000000b1500000, 0x00000000b1500000| Untracked 
| 790|0x00000000b1600000, 0x00000000b1680800, 0x00000000b1700000| 50%| E|  |TAMS 0x00000000b1600000, 0x00000000b1600000| Complete 
| 791|0x00000000b1700000, 0x00000000b1800000, 0x00000000b1800000|100%| E|CS|TAMS 0x00000000b1700000, 0x00000000b1700000| Complete 
| 792|0x00000000b1800000, 0x00000000b1900000, 0x00000000b1900000|100%| E|CS|TAMS 0x00000000b1800000, 0x00000000b1800000| Complete 
| 793|0x00000000b1900000, 0x00000000b1a00000, 0x00000000b1a00000|100%| E|CS|TAMS 0x00000000b1900000, 0x00000000b1900000| Complete 
| 794|0x00000000b1a00000, 0x00000000b1b00000, 0x00000000b1b00000|100%| E|CS|TAMS 0x00000000b1a00000, 0x00000000b1a00000| Complete 
| 795|0x00000000b1b00000, 0x00000000b1c00000, 0x00000000b1c00000|100%| E|CS|TAMS 0x00000000b1b00000, 0x00000000b1b00000| Complete 
| 796|0x00000000b1c00000, 0x00000000b1d00000, 0x00000000b1d00000|100%| E|CS|TAMS 0x00000000b1c00000, 0x00000000b1c00000| Complete 
| 797|0x00000000b1d00000, 0x00000000b1e00000, 0x00000000b1e00000|100%| E|CS|TAMS 0x00000000b1d00000, 0x00000000b1d00000| Complete 
| 798|0x00000000b1e00000, 0x00000000b1f00000, 0x00000000b1f00000|100%| E|CS|TAMS 0x00000000b1e00000, 0x00000000b1e00000| Complete 
| 799|0x00000000b1f00000, 0x00000000b2000000, 0x00000000b2000000|100%| E|CS|TAMS 0x00000000b1f00000, 0x00000000b1f00000| Complete 
| 800|0x00000000b2000000, 0x00000000b2100000, 0x00000000b2100000|100%| E|CS|TAMS 0x00000000b2000000, 0x00000000b2000000| Complete 
| 801|0x00000000b2100000, 0x00000000b2200000, 0x00000000b2200000|100%| E|CS|TAMS 0x00000000b2100000, 0x00000000b2100000| Complete 
| 802|0x00000000b2200000, 0x00000000b2300000, 0x00000000b2300000|100%| E|CS|TAMS 0x00000000b2200000, 0x00000000b2200000| Complete 
| 803|0x00000000b2300000, 0x00000000b2400000, 0x00000000b2400000|100%| E|CS|TAMS 0x00000000b2300000, 0x00000000b2300000| Complete 
| 804|0x00000000b2400000, 0x00000000b2500000, 0x00000000b2500000|100%| E|CS|TAMS 0x00000000b2400000, 0x00000000b2400000| Complete 
| 805|0x00000000b2500000, 0x00000000b2600000, 0x00000000b2600000|100%| E|CS|TAMS 0x00000000b2500000, 0x00000000b2500000| Complete 
| 806|0x00000000b2600000, 0x00000000b2700000, 0x00000000b2700000|100%| E|CS|TAMS 0x00000000b2600000, 0x00000000b2600000| Complete 
| 807|0x00000000b2700000, 0x00000000b2800000, 0x00000000b2800000|100%| E|CS|TAMS 0x00000000b2700000, 0x00000000b2700000| Complete 
| 808|0x00000000b2800000, 0x00000000b2900000, 0x00000000b2900000|100%| E|CS|TAMS 0x00000000b2800000, 0x00000000b2800000| Complete 
| 809|0x00000000b2900000, 0x00000000b2a00000, 0x00000000b2a00000|100%| E|CS|TAMS 0x00000000b2900000, 0x00000000b2900000| Complete 
| 810|0x00000000b2a00000, 0x00000000b2b00000, 0x00000000b2b00000|100%| E|CS|TAMS 0x00000000b2a00000, 0x00000000b2a00000| Complete 
| 811|0x00000000b2b00000, 0x00000000b2c00000, 0x00000000b2c00000|100%| E|CS|TAMS 0x00000000b2b00000, 0x00000000b2b00000| Complete 
| 812|0x00000000b2c00000, 0x00000000b2d00000, 0x00000000b2d00000|100%| E|CS|TAMS 0x00000000b2c00000, 0x00000000b2c00000| Complete 
| 813|0x00000000b2d00000, 0x00000000b2e00000, 0x00000000b2e00000|100%| E|CS|TAMS 0x00000000b2d00000, 0x00000000b2d00000| Complete 
| 814|0x00000000b2e00000, 0x00000000b2f00000, 0x00000000b2f00000|100%| E|CS|TAMS 0x00000000b2e00000, 0x00000000b2e00000| Complete 
| 815|0x00000000b2f00000, 0x00000000b3000000, 0x00000000b3000000|100%| E|CS|TAMS 0x00000000b2f00000, 0x00000000b2f00000| Complete 
| 816|0x00000000b3000000, 0x00000000b3100000, 0x00000000b3100000|100%| E|CS|TAMS 0x00000000b3000000, 0x00000000b3000000| Complete 
| 817|0x00000000b3100000, 0x00000000b3200000, 0x00000000b3200000|100%| E|CS|TAMS 0x00000000b3100000, 0x00000000b3100000| Complete 
| 818|0x00000000b3200000, 0x00000000b3300000, 0x00000000b3300000|100%| E|CS|TAMS 0x00000000b3200000, 0x00000000b3200000| Complete 
| 819|0x00000000b3300000, 0x00000000b3400000, 0x00000000b3400000|100%| E|CS|TAMS 0x00000000b3300000, 0x00000000b3300000| Complete 
| 820|0x00000000b3400000, 0x00000000b3500000, 0x00000000b3500000|100%| E|CS|TAMS 0x00000000b3400000, 0x00000000b3400000| Complete 
| 821|0x00000000b3500000, 0x00000000b3600000, 0x00000000b3600000|100%| E|CS|TAMS 0x00000000b3500000, 0x00000000b3500000| Complete 
| 822|0x00000000b3600000, 0x00000000b3700000, 0x00000000b3700000|100%| E|CS|TAMS 0x00000000b3600000, 0x00000000b3600000| Complete 
| 823|0x00000000b3700000, 0x00000000b3800000, 0x00000000b3800000|100%| E|CS|TAMS 0x00000000b3700000, 0x00000000b3700000| Complete 
| 824|0x00000000b3800000, 0x00000000b3900000, 0x00000000b3900000|100%| E|CS|TAMS 0x00000000b3800000, 0x00000000b3800000| Complete 
| 825|0x00000000b3900000, 0x00000000b3a00000, 0x00000000b3a00000|100%| E|CS|TAMS 0x00000000b3900000, 0x00000000b3900000| Complete 
| 826|0x00000000b3a00000, 0x00000000b3b00000, 0x00000000b3b00000|100%| E|CS|TAMS 0x00000000b3a00000, 0x00000000b3a00000| Complete 
| 827|0x00000000b3b00000, 0x00000000b3c00000, 0x00000000b3c00000|100%| E|CS|TAMS 0x00000000b3b00000, 0x00000000b3b00000| Complete 
| 828|0x00000000b3c00000, 0x00000000b3d00000, 0x00000000b3d00000|100%| E|CS|TAMS 0x00000000b3c00000, 0x00000000b3c00000| Complete 
| 829|0x00000000b3d00000, 0x00000000b3e00000, 0x00000000b3e00000|100%| E|CS|TAMS 0x00000000b3d00000, 0x00000000b3d00000| Complete 
| 830|0x00000000b3e00000, 0x00000000b3f00000, 0x00000000b3f00000|100%| E|CS|TAMS 0x00000000b3e00000, 0x00000000b3e00000| Complete 
| 831|0x00000000b3f00000, 0x00000000b4000000, 0x00000000b4000000|100%| E|CS|TAMS 0x00000000b3f00000, 0x00000000b3f00000| Complete 
| 832|0x00000000b4000000, 0x00000000b4100000, 0x00000000b4100000|100%| E|CS|TAMS 0x00000000b4000000, 0x00000000b4000000| Complete 
| 833|0x00000000b4100000, 0x00000000b4200000, 0x00000000b4200000|100%| E|CS|TAMS 0x00000000b4100000, 0x00000000b4100000| Complete 
| 834|0x00000000b4200000, 0x00000000b4300000, 0x00000000b4300000|100%| E|CS|TAMS 0x00000000b4200000, 0x00000000b4200000| Complete 
| 835|0x00000000b4300000, 0x00000000b4400000, 0x00000000b4400000|100%| E|CS|TAMS 0x00000000b4300000, 0x00000000b4300000| Complete 
| 836|0x00000000b4400000, 0x00000000b4500000, 0x00000000b4500000|100%| E|CS|TAMS 0x00000000b4400000, 0x00000000b4400000| Complete 
| 837|0x00000000b4500000, 0x00000000b4600000, 0x00000000b4600000|100%| E|CS|TAMS 0x00000000b4500000, 0x00000000b4500000| Complete 
| 838|0x00000000b4600000, 0x00000000b4700000, 0x00000000b4700000|100%| E|CS|TAMS 0x00000000b4600000, 0x00000000b4600000| Complete 
| 839|0x00000000b4700000, 0x00000000b4800000, 0x00000000b4800000|100%| E|CS|TAMS 0x00000000b4700000, 0x00000000b4700000| Complete 
| 840|0x00000000b4800000, 0x00000000b4900000, 0x00000000b4900000|100%| E|CS|TAMS 0x00000000b4800000, 0x00000000b4800000| Complete 
| 841|0x00000000b4900000, 0x00000000b4a00000, 0x00000000b4a00000|100%| E|CS|TAMS 0x00000000b4900000, 0x00000000b4900000| Complete 

Card table byte_map: [0x000002c6776b0000,0x000002c677ab0000] _byte_map_base: 0x000002c6772b0000

Marking Bits (Prev, Next): (CMBitMap*) 0x000002c66f726380, (CMBitMap*) 0x000002c66f726340
 Prev Bits: [0x000002c679eb0000, 0x000002c67beb0000)
 Next Bits: [0x000002c677eb0000, 0x000002c679eb0000)

Polling page: 0x000002c66d560000

Metaspace:

Usage:
  Non-class:    118.48 MB used.
      Class:     18.75 MB used.
       Both:    137.23 MB used.

Virtual space:
  Non-class space:      128.00 MB reserved,     119.81 MB ( 94%) committed,  2 nodes.
      Class space:      416.00 MB reserved,      19.88 MB (  5%) committed,  1 nodes.
             Both:      544.00 MB reserved,     139.69 MB ( 26%) committed. 

Chunk freelists:
   Non-Class:  7.92 MB
       Class:  12.08 MB
        Both:  20.00 MB

MaxMetaspaceSize: 512.00 MB
CompressedClassSpaceSize: 416.00 MB
Initial GC threshold: 21.00 MB
Current GC threshold: 224.38 MB
CDS: on
MetaspaceReclaimPolicy: balanced
 - commit_granule_bytes: 65536.
 - commit_granule_words: 8192.
 - virtual_space_node_default_size: 8388608.
 - enlarge_chunks_in_place: 1.
 - new_chunks_are_fully_committed: 0.
 - uncommit_free_chunks: 1.
 - use_allocation_guard: 0.
 - handle_deallocations: 1.


Internal statistics:

num_allocs_failed_limit: 6.
num_arena_births: 3394.
num_arena_deaths: 0.
num_vsnodes_births: 3.
num_vsnodes_deaths: 0.
num_space_committed: 2235.
num_space_uncommitted: 0.
num_chunks_returned_to_freelist: 6.
num_chunks_taken_from_freelist: 10642.
num_chunk_merges: 6.
num_chunk_splits: 6403.
num_chunks_enlarged: 3451.
num_inconsistent_stats: 0.

CodeHeap 'non-profiled nmethods': size=120000Kb used=18346Kb max_used=18346Kb free=101653Kb
 bounds [0x000002c607ad0000, 0x000002c608cc0000, 0x000002c60f000000]
CodeHeap 'profiled nmethods': size=120000Kb used=42287Kb max_used=42446Kb free=77712Kb
 bounds [0x000002c600000000, 0x000002c6029b0000, 0x000002c607530000]
CodeHeap 'non-nmethods': size=5760Kb used=2505Kb max_used=2560Kb free=3254Kb
 bounds [0x000002c607530000, 0x000002c6077c0000, 0x000002c607ad0000]
 total_blobs=22261 nmethods=21202 adapters=970
 compilation: enabled
              stopped_count=0, restarted_count=0
 full_count=0

Compilation events (20 events):
Event: 555.947 Thread 0x000002c67e81e740 26858       3       it.unimi.dsi.fastutil.longs.AbstractLong2ObjectMap::<init> (5 bytes)
Event: 555.947 Thread 0x000002c67e81e740 nmethod 26858 0x000002c60155ae10 code [0x000002c60155afc0, 0x000002c60155b178]
Event: 556.052 Thread 0x000002c67e81e740 26861       3       com.google.common.reflect.TypeToken::someRawTypeIsSubclassOf (42 bytes)
Event: 556.054 Thread 0x000002c67e81e740 nmethod 26861 0x000002c60155a410 code [0x000002c60155a620, 0x000002c60155ac08]
Event: 556.102 Thread 0x000002c67e81e740 26862       3       org.gradle.internal.Actions::composite (47 bytes)
Event: 556.104 Thread 0x000002c67e81e740 nmethod 26862 0x000002c60184f690 code [0x000002c60184f8a0, 0x000002c60184fef8]
Event: 556.104 Thread 0x000002c67e81e740 26863       3       org.gradle.api.internal.artifacts.ivyservice.resolveengine.graph.conflicts.LastCandidateCapabilityResolver::<init> (5 bytes)
Event: 556.104 Thread 0x000002c67e81e740 nmethod 26863 0x000002c601771110 code [0x000002c6017712a0, 0x000002c6017713f8]
Event: 556.260 Thread 0x000002c67e81e740 26864       3       org.gradle.api.internal.artifacts.ivyservice.resolveengine.excludes.ModuleExclusions::excludeAny (11 bytes)
Event: 556.260 Thread 0x000002c67e81e740 nmethod 26864 0x000002c601559d90 code [0x000002c601559f40, 0x000002c60155a108]
Event: 556.342 Thread 0x000002c67e81e740 26867       3       org.gradle.util.internal.DefaultGradleVersion::getBaseVersion (24 bytes)
Event: 556.345 Thread 0x000002c67e81e740 nmethod 26867 0x000002c60184f210 code [0x000002c60184f3c0, 0x000002c60184f5a8]
Event: 556.349 Thread 0x000002c67e81e740 26868       3       com.android.build.api.variant.BuildConfigField::<init> (32 bytes)
Event: 556.350 Thread 0x000002c67e81e740 nmethod 26868 0x000002c600d4ad90 code [0x000002c600d4b020, 0x000002c600d4bc18]
Event: 556.367 Thread 0x000002c67e81e740 26869       3       org.gradle.api.internal.artifacts.ivyservice.moduleconverter.dependencies.AbstractDependencyMetadataConverter::convertArtifacts (95 bytes)
Event: 556.372 Thread 0x000002c67e81e740 nmethod 26869 0x000002c60139d910 code [0x000002c60139dbe0, 0x000002c60139ece8]
Event: 556.377 Thread 0x000002c67e81e740 26870       3       org.gradle.api.internal.artifacts.DefaultModuleVersionSelector::newSelector (10 bytes)
Event: 556.378 Thread 0x000002c67e81e740 nmethod 26870 0x000002c600d4a810 code [0x000002c600d4a9c0, 0x000002c600d4ac78]
Event: 556.378 Thread 0x000002c67e81e740 26871       3       org.gradle.api.internal.artifacts.DefaultModuleVersionSelector::<init> (15 bytes)
Event: 556.379 Thread 0x000002c67e81e740 nmethod 26871 0x000002c60184ed90 code [0x000002c60184ef40, 0x000002c60184f158]

GC Heap History (20 events):
Event: 515.774 GC heap before
{Heap before GC invocations=136 (full 0):
 garbage-first heap   total 588800K, used 531618K [0x0000000080000000, 0x0000000100000000)
  region size 1024K, 28 young (28672K), 4 survivors (4096K)
 Metaspace       used 135226K, committed 137600K, reserved 557056K
  class space    used 18532K, committed 19648K, reserved 425984K
}
Event: 515.790 GC heap after
{Heap after GC invocations=137 (full 0):
 garbage-first heap   total 588800K, used 513384K [0x0000000080000000, 0x0000000100000000)
  region size 1024K, 4 young (4096K), 4 survivors (4096K)
 Metaspace       used 135226K, committed 137600K, reserved 557056K
  class space    used 18532K, committed 19648K, reserved 425984K
}
Event: 516.412 GC heap before
{Heap before GC invocations=137 (full 0):
 garbage-first heap   total 588800K, used 536936K [0x0000000080000000, 0x0000000100000000)
  region size 1024K, 28 young (28672K), 4 survivors (4096K)
 Metaspace       used 135244K, committed 137600K, reserved 557056K
  class space    used 18533K, committed 19648K, reserved 425984K
}
Event: 516.425 GC heap after
{Heap after GC invocations=138 (full 0):
 garbage-first heap   total 588800K, used 518143K [0x0000000080000000, 0x0000000100000000)
  region size 1024K, 4 young (4096K), 4 survivors (4096K)
 Metaspace       used 135244K, committed 137600K, reserved 557056K
  class space    used 18533K, committed 19648K, reserved 425984K
}
Event: 517.514 GC heap before
{Heap before GC invocations=138 (full 0):
 garbage-first heap   total 588800K, used 542719K [0x0000000080000000, 0x0000000100000000)
  region size 1024K, 28 young (28672K), 4 survivors (4096K)
 Metaspace       used 135393K, committed 137728K, reserved 557056K
  class space    used 18546K, committed 19648K, reserved 425984K
}
Event: 517.530 GC heap after
{Heap after GC invocations=139 (full 0):
 garbage-first heap   total 588800K, used 522462K [0x0000000080000000, 0x0000000100000000)
  region size 1024K, 4 young (4096K), 4 survivors (4096K)
 Metaspace       used 135393K, committed 137728K, reserved 557056K
  class space    used 18546K, committed 19648K, reserved 425984K
}
Event: 518.377 GC heap before
{Heap before GC invocations=139 (full 0):
 garbage-first heap   total 588800K, used 547038K [0x0000000080000000, 0x0000000100000000)
  region size 1024K, 28 young (28672K), 4 survivors (4096K)
 Metaspace       used 135471K, committed 137792K, reserved 557056K
  class space    used 18547K, committed 19648K, reserved 425984K
}
Event: 518.409 GC heap after
{Heap after GC invocations=140 (full 0):
 garbage-first heap   total 588800K, used 529903K [0x0000000080000000, 0x0000000100000000)
  region size 1024K, 4 young (4096K), 4 survivors (4096K)
 Metaspace       used 135471K, committed 137792K, reserved 557056K
  class space    used 18547K, committed 19648K, reserved 425984K
}
Event: 518.914 GC heap before
{Heap before GC invocations=140 (full 0):
 garbage-first heap   total 588800K, used 553455K [0x0000000080000000, 0x0000000100000000)
  region size 1024K, 28 young (28672K), 4 survivors (4096K)
 Metaspace       used 135493K, committed 137856K, reserved 557056K
  class space    used 18547K, committed 19648K, reserved 425984K
}
Event: 518.931 GC heap after
{Heap after GC invocations=141 (full 0):
 garbage-first heap   total 588800K, used 534263K [0x0000000080000000, 0x0000000100000000)
  region size 1024K, 4 young (4096K), 4 survivors (4096K)
 Metaspace       used 135493K, committed 137856K, reserved 557056K
  class space    used 18547K, committed 19648K, reserved 425984K
}
Event: 525.992 GC heap before
{Heap before GC invocations=142 (full 0):
 garbage-first heap   total 862208K, used 543479K [0x0000000080000000, 0x0000000100000000)
  region size 1024K, 42 young (43008K), 4 survivors (4096K)
 Metaspace       used 135511K, committed 137856K, reserved 557056K
  class space    used 18547K, committed 19648K, reserved 425984K
}
Event: 526.019 GC heap after
{Heap after GC invocations=143 (full 0):
 garbage-first heap   total 862208K, used 512115K [0x0000000080000000, 0x0000000100000000)
  region size 1024K, 6 young (6144K), 6 survivors (6144K)
 Metaspace       used 135511K, committed 137856K, reserved 557056K
  class space    used 18547K, committed 19648K, reserved 425984K
}
Event: 527.711 GC heap before
{Heap before GC invocations=143 (full 0):
 garbage-first heap   total 862208K, used 548979K [0x0000000080000000, 0x0000000100000000)
  region size 1024K, 42 young (43008K), 6 survivors (6144K)
 Metaspace       used 135540K, committed 137856K, reserved 557056K
  class space    used 18548K, committed 19648K, reserved 425984K
}
Event: 527.767 GC heap after
{Heap after GC invocations=144 (full 0):
 garbage-first heap   total 862208K, used 434544K [0x0000000080000000, 0x0000000100000000)
  region size 1024K, 5 young (5120K), 5 survivors (5120K)
 Metaspace       used 135540K, committed 137856K, reserved 557056K
  class space    used 18548K, committed 19648K, reserved 425984K
}
Event: 531.742 GC heap before
{Heap before GC invocations=144 (full 0):
 garbage-first heap   total 862208K, used 472432K [0x0000000080000000, 0x0000000100000000)
  region size 1024K, 42 young (43008K), 5 survivors (5120K)
 Metaspace       used 135602K, committed 137920K, reserved 557056K
  class space    used 18549K, committed 19648K, reserved 425984K
}
Event: 531.845 GC heap after
{Heap after GC invocations=145 (full 0):
 garbage-first heap   total 862208K, used 379325K [0x0000000080000000, 0x0000000100000000)
  region size 1024K, 6 young (6144K), 6 survivors (6144K)
 Metaspace       used 135602K, committed 137920K, reserved 557056K
  class space    used 18549K, committed 19648K, reserved 425984K
}
Event: 534.062 GC heap before
{Heap before GC invocations=145 (full 0):
 garbage-first heap   total 862208K, used 416189K [0x0000000080000000, 0x0000000100000000)
  region size 1024K, 42 young (43008K), 6 survivors (6144K)
 Metaspace       used 135640K, committed 137984K, reserved 557056K
  class space    used 18549K, committed 19648K, reserved 425984K
}
Event: 534.176 GC heap after
{Heap after GC invocations=146 (full 0):
 garbage-first heap   total 862208K, used 363519K [0x0000000080000000, 0x0000000100000000)
  region size 1024K, 6 young (6144K), 6 survivors (6144K)
 Metaspace       used 135640K, committed 137984K, reserved 557056K
  class space    used 18549K, committed 19648K, reserved 425984K
}
Event: 551.332 GC heap before
{Heap before GC invocations=146 (full 0):
 garbage-first heap   total 862208K, used 621567K [0x0000000080000000, 0x0000000100000000)
  region size 1024K, 258 young (264192K), 6 survivors (6144K)
 Metaspace       used 140426K, committed 142912K, reserved 557056K
  class space    used 19191K, committed 20352K, reserved 425984K
}
Event: 551.607 GC heap after
{Heap after GC invocations=147 (full 0):
 garbage-first heap   total 862208K, used 411135K [0x0000000080000000, 0x0000000100000000)
  region size 1024K, 33 young (33792K), 33 survivors (33792K)
 Metaspace       used 140426K, committed 142912K, reserved 557056K
  class space    used 19191K, committed 20352K, reserved 425984K
}

Deoptimization events (20 events):
Event: 551.116 Thread 0x000002c633ebe3e0 Uncommon trap: trap_request=0xffffffde fr.pc=0x000002c60844e360 relative=0x0000000000001d40
Event: 551.116 Thread 0x000002c633ebe3e0 Uncommon trap: reason=class_check action=maybe_recompile pc=0x000002c60844e360 method=org.gradle.api.internal.artifacts.ivyservice.resolveengine.result.DesugaredAttributeContainerSerializer.read(Lorg/gradle/internal/serialize/Decoder;)Lorg/gradle/api/inte
Event: 551.116 Thread 0x000002c633ebe3e0 DEOPT PACKING pc=0x000002c60844e360 sp=0x000000cc818f9030
Event: 551.116 Thread 0x000002c633ebe3e0 DEOPT UNPACKING pc=0x000002c6075823a3 sp=0x000000cc818f9000 mode 2
Event: 551.782 Thread 0x000002c633ebe3e0 Uncommon trap: trap_request=0xffffffde fr.pc=0x000002c60844e360 relative=0x0000000000001d40
Event: 551.782 Thread 0x000002c633ebe3e0 Uncommon trap: reason=class_check action=maybe_recompile pc=0x000002c60844e360 method=org.gradle.api.internal.artifacts.ivyservice.resolveengine.result.DesugaredAttributeContainerSerializer.read(Lorg/gradle/internal/serialize/Decoder;)Lorg/gradle/api/inte
Event: 551.782 Thread 0x000002c633ebe3e0 DEOPT PACKING pc=0x000002c60844e360 sp=0x000000cc818f9230
Event: 551.782 Thread 0x000002c633ebe3e0 DEOPT UNPACKING pc=0x000002c6075823a3 sp=0x000000cc818f9200 mode 2
Event: 552.227 Thread 0x000002c633ebe3e0 Uncommon trap: trap_request=0xffffff45 fr.pc=0x000002c608a8a538 relative=0x0000000000000958
Event: 552.227 Thread 0x000002c633ebe3e0 Uncommon trap: reason=unstable_if action=reinterpret pc=0x000002c608a8a538 method=org.gradle.api.internal.artifacts.ivyservice.resolveengine.graph.builder.NodeState.addIncomingEdge(Lorg/gradle/api/internal/artifacts/ivyservice/resolveengine/graph/builder/
Event: 552.227 Thread 0x000002c633ebe3e0 DEOPT PACKING pc=0x000002c608a8a538 sp=0x000000cc818f8ba0
Event: 552.228 Thread 0x000002c633ebe3e0 DEOPT UNPACKING pc=0x000002c6075823a3 sp=0x000000cc818f8ba0 mode 2
Event: 554.614 Thread 0x000002c633ebe3e0 Uncommon trap: trap_request=0xffffff45 fr.pc=0x000002c608b63ff4 relative=0x0000000000001814
Event: 554.614 Thread 0x000002c633ebe3e0 Uncommon trap: reason=unstable_if action=reinterpret pc=0x000002c608b63ff4 method=org.gradle.api.internal.artifacts.ivyservice.resolveengine.graph.builder.EdgeState.findTargetNodes()Ljava/util/List; @ 11 c2
Event: 554.614 Thread 0x000002c633ebe3e0 DEOPT PACKING pc=0x000002c608b63ff4 sp=0x000000cc818f8a50
Event: 554.614 Thread 0x000002c633ebe3e0 DEOPT UNPACKING pc=0x000002c6075823a3 sp=0x000000cc818f8928 mode 2
Event: 554.796 Thread 0x000002c633ebe3e0 Uncommon trap: trap_request=0xffffff45 fr.pc=0x000002c608bad8dc relative=0x000000000000005c
Event: 554.796 Thread 0x000002c633ebe3e0 Uncommon trap: reason=unstable_if action=reinterpret pc=0x000002c608bad8dc method=org.gradle.api.internal.artifacts.ivyservice.resolveengine.excludes.simple.DefaultExcludeNothing.equals(Ljava/lang/Object;)Z @ 2 c2
Event: 554.796 Thread 0x000002c633ebe3e0 DEOPT PACKING pc=0x000002c608bad8dc sp=0x000000cc818f8d80
Event: 554.796 Thread 0x000002c633ebe3e0 DEOPT UNPACKING pc=0x000002c6075823a3 sp=0x000000cc818f8d08 mode 2

Classes unloaded (0 events):
No events

Classes redefined (0 events):
No events

Internal exceptions (20 events):
Event: 511.582 Thread 0x000002c633ebe3e0 Exception <a 'sun/nio/fs/WindowsException'{0x00000000a35a9310}> (0x00000000a35a9310) 
thrown [s\open\src\hotspot\share\prims\jni.cpp, line 516]
Event: 534.801 Thread 0x000002c633ebe3e0 Exception <a 'java/lang/ClassNotFoundException'{0x00000000b3a5d350}: org/gradle/internal/DefaultTaskExecutionRequestBeanInfo> (0x00000000b3a5d350) 
thrown [s\open\src\hotspot\share\classfile\systemDictionary.cpp, line 256]
Event: 534.809 Thread 0x000002c633ebe3e0 Exception <a 'java/lang/ClassNotFoundException'{0x00000000b3a781d8}: org/gradle/internal/DefaultTaskExecutionRequestCustomizer> (0x00000000b3a781d8) 
thrown [s\open\src\hotspot\share\classfile\systemDictionary.cpp, line 256]
Event: 538.568 Thread 0x000002c633ebe3e0 Implicit null exception at 0x000002c608506a71 to 0x000002c608507974
Event: 538.766 Thread 0x000002c633ebe3e0 Exception <a 'java/lang/IncompatibleClassChangeError'{0x00000000af1073e0}: Found class java.lang.Object, but interface was expected> (0x00000000af1073e0) 
thrown [s\open\src\hotspot\share\interpreter\linkResolver.cpp, line 826]
Event: 539.255 Thread 0x000002c633ebe3e0 Exception <a 'sun/nio/fs/WindowsException'{0x00000000aee7e298}> (0x00000000aee7e298) 
thrown [s\open\src\hotspot\share\prims\jni.cpp, line 516]
Event: 539.257 Thread 0x000002c633ebe3e0 Exception <a 'sun/nio/fs/WindowsException'{0x00000000aee7f7d8}> (0x00000000aee7f7d8) 
thrown [s\open\src\hotspot\share\prims\jni.cpp, line 516]
Event: 539.257 Thread 0x000002c633ebe3e0 Exception <a 'sun/nio/fs/WindowsException'{0x00000000aee80d68}> (0x00000000aee80d68) 
thrown [s\open\src\hotspot\share\prims\jni.cpp, line 516]
Event: 539.259 Thread 0x000002c633ebe3e0 Exception <a 'sun/nio/fs/WindowsException'{0x00000000aee822f8}> (0x00000000aee822f8) 
thrown [s\open\src\hotspot\share\prims\jni.cpp, line 516]
Event: 540.103 Thread 0x000002c633ebe3e0 Exception <a 'java/lang/NullPointerException'{0x00000000ae250e30}> (0x00000000ae250e30) 
thrown [s\open\src\hotspot\share\interpreter\linkResolver.cpp, line 1433]
Event: 540.836 Thread 0x000002c633ebe3e0 Implicit null exception at 0x000002c607e7e2f9 to 0x000002c607e861d4
Event: 541.049 Thread 0x000002c633ebe3e0 Implicit null exception at 0x000002c607fe9f19 to 0x000002c607ff209c
Event: 543.062 Thread 0x000002c633ebe3e0 Implicit null exception at 0x000002c608ad29aa to 0x000002c608ad32c4
Event: 543.353 Thread 0x000002c633ebe3e0 Exception <a 'java/lang/NoSuchMethodError'{0x00000000ac142fb8}: 'int java.lang.invoke.DirectMethodHandle$Holder.invokeSpecial(java.lang.Object, java.lang.Object, int)'> (0x00000000ac142fb8) 
thrown [s\open\src\hotspot\share\interpreter\linkResolver.cpp, line 759]
Event: 548.663 Thread 0x000002c633ebe3e0 Implicit null exception at 0x000002c608a1b80e to 0x000002c608a24508
Event: 548.664 Thread 0x000002c633ebe3e0 Implicit null exception at 0x000002c608a2afa2 to 0x000002c608a32f80
Event: 549.933 Thread 0x000002c633ebe3e0 Exception <a 'sun/nio/fs/WindowsException'{0x00000000a5c8b580}> (0x00000000a5c8b580) 
thrown [s\open\src\hotspot\share\prims\jni.cpp, line 516]
Event: 549.933 Thread 0x000002c633ebe3e0 Exception <a 'sun/nio/fs/WindowsException'{0x00000000a5c8cac0}> (0x00000000a5c8cac0) 
thrown [s\open\src\hotspot\share\prims\jni.cpp, line 516]
Event: 549.934 Thread 0x000002c633ebe3e0 Exception <a 'sun/nio/fs/WindowsException'{0x00000000a5c8e050}> (0x00000000a5c8e050) 
thrown [s\open\src\hotspot\share\prims\jni.cpp, line 516]
Event: 549.934 Thread 0x000002c633ebe3e0 Exception <a 'sun/nio/fs/WindowsException'{0x00000000a5c8f5e0}> (0x00000000a5c8f5e0) 
thrown [s\open\src\hotspot\share\prims\jni.cpp, line 516]

VM Operations (20 events):
Event: 547.750 Executing VM operation: HandshakeAllThreads
Event: 547.753 Executing VM operation: HandshakeAllThreads done
Event: 547.951 Executing VM operation: HandshakeAllThreads
Event: 547.958 Executing VM operation: HandshakeAllThreads done
Event: 547.958 Executing VM operation: Cleanup
Event: 547.959 Executing VM operation: Cleanup done
Event: 548.959 Executing VM operation: Cleanup
Event: 548.961 Executing VM operation: Cleanup done
Event: 549.961 Executing VM operation: Cleanup
Event: 549.961 Executing VM operation: Cleanup done
Event: 550.961 Executing VM operation: Cleanup
Event: 550.961 Executing VM operation: Cleanup done
Event: 551.330 Executing VM operation: G1CollectForAllocation
Event: 551.609 Executing VM operation: G1CollectForAllocation done
Event: 553.609 Executing VM operation: Cleanup
Event: 553.616 Executing VM operation: Cleanup done
Event: 554.616 Executing VM operation: Cleanup
Event: 554.617 Executing VM operation: Cleanup done
Event: 555.617 Executing VM operation: Cleanup
Event: 555.618 Executing VM operation: Cleanup done

Events (20 events):
Event: 548.010 Thread 0x000002c67e81f050 flushing nmethod 0x000002c601c6b990
Event: 548.011 Thread 0x000002c67e81f050 flushing nmethod 0x000002c601c94f10
Event: 548.013 Thread 0x000002c67e81f050 flushing nmethod 0x000002c601e8e790
Event: 548.013 Thread 0x000002c67e81f050 flushing nmethod 0x000002c601ee0d10
Event: 548.013 Thread 0x000002c67e81f050 flushing nmethod 0x000002c601ef7310
Event: 548.013 Thread 0x000002c67e81f050 flushing nmethod 0x000002c601f04490
Event: 548.016 Thread 0x000002c67e81f050 flushing nmethod 0x000002c6021fe110
Event: 548.016 Thread 0x000002c67e81f050 flushing nmethod 0x000002c602211290
Event: 548.017 Thread 0x000002c67e81f050 flushing nmethod 0x000002c602326990
Event: 548.018 Thread 0x000002c67e81f050 flushing nmethod 0x000002c602433190
Event: 548.019 Thread 0x000002c67e81f050 flushing nmethod 0x000002c602538490
Event: 548.019 Thread 0x000002c67e81f050 flushing nmethod 0x000002c60256bc10
Event: 548.020 Thread 0x000002c67e81f050 flushing nmethod 0x000002c602618290
Event: 548.021 Thread 0x000002c67e81f050 flushing nmethod 0x000002c602726910
Event: 548.021 Thread 0x000002c67e81f050 flushing nmethod 0x000002c602785790
Event: 548.021 Thread 0x000002c67e81f050 flushing nmethod 0x000002c602785b10
Event: 548.022 Thread 0x000002c67e81f050 flushing nmethod 0x000002c6027ee090
Event: 548.022 Thread 0x000002c67e81f050 flushing nmethod 0x000002c602871c90
Event: 548.022 Thread 0x000002c67e81f050 flushing nmethod 0x000002c602872b10
Event: 552.039 Thread 0x000002c630522170 Thread exited: 0x000002c630522170


Dynamic libraries:
0x00007ff713da0000 - 0x00007ff713db0000 	C:\Program Files\Java\jdk-17\bin\java.exe
0x00007ffc08020000 - 0x00007ffc08287000 	C:\WINDOWS\SYSTEM32\ntdll.dll
0x00007ffc06100000 - 0x00007ffc061cb000 	C:\WINDOWS\System32\KERNEL32.DLL
0x00007ffc055f0000 - 0x00007ffc059f2000 	C:\WINDOWS\System32\KERNELBASE.dll
0x00007ffc05220000 - 0x00007ffc0536c000 	C:\WINDOWS\System32\ucrtbase.dll
0x00007ffbfee50000 - 0x00007ffbfee69000 	C:\Program Files\Java\jdk-17\bin\jli.dll
0x00007ffc06650000 - 0x00007ffc0670c000 	C:\WINDOWS\System32\ADVAPI32.dll
0x00007ffbfe030000 - 0x00007ffbfe04b000 	C:\Program Files\Java\jdk-17\bin\VCRUNTIME140.dll
0x00007ffc06030000 - 0x00007ffc060d9000 	C:\WINDOWS\System32\msvcrt.dll
0x00007ffc07e70000 - 0x00007ffc07f19000 	C:\WINDOWS\System32\sechost.dll
0x00007ffc07060000 - 0x00007ffc07178000 	C:\WINDOWS\System32\RPCRT4.dll
0x00007ffc07190000 - 0x00007ffc0735f000 	C:\WINDOWS\System32\USER32.dll
0x00007ffc05380000 - 0x00007ffc053a7000 	C:\WINDOWS\System32\win32u.dll
0x00007ffbdb940000 - 0x00007ffbdbbd0000 	C:\WINDOWS\WinSxS\amd64_microsoft.windows.common-controls_6595b64144ccf1df_6.0.26100.9278_none_3e0d1ba8e3303201\COMCTL32.dll
0x00007ffc062b0000 - 0x00007ffc062db000 	C:\WINDOWS\System32\GDI32.dll
0x00007ffc05b50000 - 0x00007ffc05c79000 	C:\WINDOWS\System32\gdi32full.dll
0x00007ffc05540000 - 0x00007ffc055e3000 	C:\WINDOWS\System32\msvcp_win.dll
0x00007ffbfc4f0000 - 0x00007ffbfc4fb000 	C:\WINDOWS\SYSTEM32\VERSION.dll
0x00007ffc06720000 - 0x00007ffc06751000 	C:\WINDOWS\System32\IMM32.DLL
0x00007ffc014a0000 - 0x00007ffc014ac000 	C:\Program Files\Java\jdk-17\bin\vcruntime140_1.dll
0x00007ffb73ad0000 - 0x00007ffb73b5e000 	C:\Program Files\Java\jdk-17\bin\msvcp140.dll
0x00007ffb24fc0000 - 0x00007ffb25ba0000 	C:\Program Files\Java\jdk-17\bin\server\jvm.dll
0x00007ffc05d40000 - 0x00007ffc05d48000 	C:\WINDOWS\System32\PSAPI.DLL
0x00007ffc01360000 - 0x00007ffc0136a000 	C:\WINDOWS\SYSTEM32\WSOCK32.dll
0x00007ffbfefe0000 - 0x00007ffbff016000 	C:\WINDOWS\SYSTEM32\WINMM.dll
0x00007ffc064c0000 - 0x00007ffc06540000 	C:\WINDOWS\System32\WS2_32.dll
0x00007ffc03d80000 - 0x00007ffc03d9b000 	C:\WINDOWS\SYSTEM32\kernel.appcore.dll
0x00007ffc008f0000 - 0x00007ffc008fa000 	C:\Program Files\Java\jdk-17\bin\jimage.dll
0x00007ffc02590000 - 0x00007ffc027dc000 	C:\WINDOWS\SYSTEM32\DBGHELP.DLL
0x00007ffc079e0000 - 0x00007ffc07d65000 	C:\WINDOWS\System32\combase.dll
0x00007ffc061d0000 - 0x00007ffc062a9000 	C:\WINDOWS\System32\OLEAUT32.dll
0x00007ffbc4440000 - 0x00007ffbc447b000 	C:\WINDOWS\SYSTEM32\dbgcore.DLL
0x00007ffc05a00000 - 0x00007ffc05aac000 	C:\WINDOWS\System32\bcryptPrimitives.dll
0x00007ffbfee70000 - 0x00007ffbfee7e000 	C:\Program Files\Java\jdk-17\bin\instrument.dll
0x00007ffbf3bb0000 - 0x00007ffbf3bd5000 	C:\Program Files\Java\jdk-17\bin\java.dll
0x00007ffb6e6f0000 - 0x00007ffb6e7c7000 	C:\Program Files\Java\jdk-17\bin\jsvml.dll
0x00007ffc06760000 - 0x00007ffc06ef8000 	C:\WINDOWS\System32\SHELL32.dll
0x00007ffc027f0000 - 0x00007ffc0309e000 	C:\WINDOWS\SYSTEM32\windows.storage.dll
0x00007ffc07d70000 - 0x00007ffc07e6b000 	C:\WINDOWS\System32\SHCORE.dll
0x00007ffc07910000 - 0x00007ffc07976000 	C:\WINDOWS\System32\shlwapi.dll
0x00007ffc05140000 - 0x00007ffc05169000 	C:\WINDOWS\SYSTEM32\profapi.dll
0x00007ffbf4100000 - 0x00007ffbf4118000 	C:\Program Files\Java\jdk-17\bin\zip.dll
0x00007ffbf42f0000 - 0x00007ffbf4309000 	C:\Program Files\Java\jdk-17\bin\net.dll
0x00007ffc03da0000 - 0x00007ffc03eca000 	C:\WINDOWS\SYSTEM32\WINHTTP.dll
0x00007ffc04450000 - 0x00007ffc044bc000 	C:\WINDOWS\system32\mswsock.dll
0x00007ffbf4150000 - 0x00007ffbf4166000 	C:\Program Files\Java\jdk-17\bin\nio.dll
0x00007ffbfee30000 - 0x00007ffbfee40000 	C:\Program Files\Java\jdk-17\bin\verify.dll
0x00007ffbf15c0000 - 0x00007ffbf15e7000 	C:\Users\VivekrajThakur\.gradle\native\1def1411415f61bf3af743bc5b6707747c0891f09f0c88961ee8f79bc544acac\windows-amd64\native-platform.dll
0x00007ffbdfc10000 - 0x00007ffbdfc88000 	C:\Users\VivekrajThakur\.gradle\native\0.2.7\x86_64-windows-gnu\gradle-fileevents.dll
0x00007ffbf4e10000 - 0x00007ffbf4e1a000 	C:\Program Files\Java\jdk-17\bin\management.dll
0x00007ffbf42a0000 - 0x00007ffbf42ab000 	C:\Program Files\Java\jdk-17\bin\management_ext.dll
0x00007ffc034b0000 - 0x00007ffc034e3000 	C:\WINDOWS\SYSTEM32\IPHLPAPI.DLL
0x00007ffc07180000 - 0x00007ffc0718a000 	C:\WINDOWS\System32\NSI.dll
0x00007ffbfe320000 - 0x00007ffbfe33d000 	C:\WINDOWS\SYSTEM32\dhcpcsvc6.DLL
0x00007ffbfe2f0000 - 0x00007ffbfe315000 	C:\WINDOWS\SYSTEM32\dhcpcsvc.DLL
0x00007ffc034f0000 - 0x00007ffc03648000 	C:\WINDOWS\SYSTEM32\DNSAPI.dll
0x00007ffc04270000 - 0x00007ffc0427d000 	C:\WINDOWS\SYSTEM32\DSPARSE.dll
0x00007ffc04870000 - 0x00007ffc0488b000 	C:\WINDOWS\SYSTEM32\CRYPTSP.dll
0x00007ffc03ce0000 - 0x00007ffc03d19000 	C:\WINDOWS\system32\rsaenh.dll
0x00007ffc04500000 - 0x00007ffc04534000 	C:\WINDOWS\SYSTEM32\USERENV.dll
0x00007ffc05110000 - 0x00007ffc0513a000 	C:\WINDOWS\SYSTEM32\bcrypt.dll
0x00007ffc046b0000 - 0x00007ffc046bc000 	C:\WINDOWS\SYSTEM32\CRYPTBASE.dll
0x00007ffbf3ba0000 - 0x00007ffbf3bae000 	C:\Program Files\Java\jdk-17\bin\sunmscapi.dll
0x00007ffc053b0000 - 0x00007ffc0552e000 	C:\WINDOWS\System32\CRYPT32.dll
0x00007ffc049e0000 - 0x00007ffc04a10000 	C:\WINDOWS\SYSTEM32\ncrypt.dll
0x00007ffc04990000 - 0x00007ffc049cf000 	C:\WINDOWS\SYSTEM32\NTASN1.dll
0x00007ffbc8430000 - 0x00007ffbc8438000 	C:\WINDOWS\system32\wshunix.dll
0x00007ffbfa240000 - 0x00007ffbfa247000 	C:\Program Files\Java\jdk-17\bin\rmi.dll

dbghelp: loaded successfully - version: 4.0.5 - missing functions: none
symbol engine: initialized successfully - sym options: 0x614 - pdb path: .;C:\Program Files\Java\jdk-17\bin;C:\WINDOWS\SYSTEM32;C:\WINDOWS\WinSxS\amd64_microsoft.windows.common-controls_6595b64144ccf1df_6.0.26100.9278_none_3e0d1ba8e3303201;C:\Program Files\Java\jdk-17\bin\server;C:\Users\VivekrajThakur\.gradle\native\1def1411415f61bf3af743bc5b6707747c0891f09f0c88961ee8f79bc544acac\windows-amd64;C:\Users\VivekrajThakur\.gradle\native\0.2.7\x86_64-windows-gnu

VM Arguments:
jvm_args: --add-opens=java.base/java.lang=ALL-UNNAMED --add-opens=java.base/java.lang.invoke=ALL-UNNAMED --add-opens=java.base/java.util=ALL-UNNAMED --add-opens=java.prefs/java.util.prefs=ALL-UNNAMED --add-exports=jdk.compiler/com.sun.tools.javac.api=ALL-UNNAMED --add-exports=jdk.compiler/com.sun.tools.javac.util=ALL-UNNAMED --add-opens=java.base/java.util=ALL-UNNAMED --add-opens=java.prefs/java.util.prefs=ALL-UNNAMED --add-opens=java.base/java.nio.charset=ALL-UNNAMED --add-opens=java.base/java.net=ALL-UNNAMED --add-opens=java.base/java.util.concurrent.atomic=ALL-UNNAMED --add-opens=java.xml/javax.xml.namespace=ALL-UNNAMED -XX:MaxMetaspaceSize=512m -Xmx2048m -Dfile.encoding=UTF-8 -Duser.country=IN -Duser.language=en -Duser.variant -javaagent:C:\Users\VivekrajThakur\.gradle\wrapper\dists\gradle-8.14.3-bin\cv11ve7ro1n3o1j4so8xd9n66\gradle-8.14.3\lib\agents\gradle-instrumentation-agent-8.14.3.jar 
java_command: org.gradle.launcher.daemon.bootstrap.GradleDaemon 8.14.3
java_class_path (initial): C:\Users\VivekrajThakur\.gradle\wrapper\dists\gradle-8.14.3-bin\cv11ve7ro1n3o1j4so8xd9n66\gradle-8.14.3\lib\gradle-daemon-main-8.14.3.jar
Launcher Type: SUN_STANDARD

[Global flags]
     intx CICompilerCount                          = 4                                         {product} {ergonomic}
   size_t CompressedClassSpaceSize                 = 436207616                                 {product} {ergonomic}
     uint ConcGCThreads                            = 2                                         {product} {ergonomic}
     uint G1ConcRefinementThreads                  = 8                                         {product} {ergonomic}
   size_t G1HeapRegionSize                         = 1048576                                   {product} {ergonomic}
    uintx GCDrainStackTargetSize                   = 64                                        {product} {ergonomic}
   size_t InitialHeapSize                          = 130023424                                 {product} {ergonomic}
   size_t MarkStackSize                            = 4194304                                   {product} {ergonomic}
   size_t MaxHeapSize                              = 2147483648                                {product} {command line}
   size_t MaxMetaspaceSize                         = 536870912                                 {product} {command line}
   size_t MaxNewSize                               = 1287651328                                {product} {ergonomic}
   size_t MinHeapDeltaBytes                        = 1048576                                   {product} {ergonomic}
   size_t MinHeapSize                              = 8388608                                   {product} {ergonomic}
    uintx NonNMethodCodeHeapSize                   = 5839372                                {pd product} {ergonomic}
    uintx NonProfiledCodeHeapSize                  = 122909434                              {pd product} {ergonomic}
    uintx ProfiledCodeHeapSize                     = 122909434                              {pd product} {ergonomic}
    uintx ReservedCodeCacheSize                    = 251658240                              {pd product} {ergonomic}
     bool SegmentedCodeCache                       = true                                      {product} {ergonomic}
   size_t SoftMaxHeapSize                          = 2147483648                             {manageable} {ergonomic}
     bool UseCompressedClassPointers               = true                           {product lp64_product} {ergonomic}
     bool UseCompressedOops                        = true                           {product lp64_product} {ergonomic}
     bool UseG1GC                                  = true                                      {product} {ergonomic}
     bool UseLargePagesIndividualAllocation        = false                                  {pd product} {ergonomic}

Logging:
Log output configuration:
 #0: stdout all=warning uptime,level,tags
 #1: stderr all=off uptime,level,tags

Environment Variables:
JAVA_HOME=C:\Program Files\Java\jdk-17
CLASSPATH=c:\Users\VivekrajThakur\.vscode\extensions\vscjava.vscode-gradle-3.18.0\lib\gradle-server.jar
PATH=C:\Program Files\Common Files\Oracle\Java\javapath;C:\WINDOWS\system32;C:\WINDOWS;C:\WINDOWS\System32\Wbem;C:\WINDOWS\System32\WindowsPowerShell\v1.0\;C:\WINDOWS\System32\OpenSSH\;C:\Program Files\nodejs\;C:\Program Files\Java\jdk-17;C:\Program Files\Git\bin;C:\Users\VivekrajThakur\AppData\Local\Android\Sdk;C:\Users\VivekrajThakur\AppData\Local\Android\Sdk\emulator;C:\Users\VivekrajThakur\AppData\Local\Android\Sdk\platform-tools;C:\Users\VivekrajThakur\AppData\Local\Microsoft\WindowsApps;C:\Users\VivekrajThakur\AppData\Local\Programs\Microsoft VS Code\bin;C:\Users\VivekrajThakur\AppData\Roaming\npm;C:\Program Files\Git\bin;C:\Users\VivekrajThakur\AppData\Local\Android\Sdk;C:\Users\VivekrajThakur\AppData\Local\Android\Sdk\platform-tools;C:\Users\VivekrajThakur\AppData\Local\Android\Sdk\emulator;C:\Users\VivekrajThakur\AppData\Local\Python\bin
USERNAME=VivekrajThakur
OS=Windows_NT
PROCESSOR_IDENTIFIER=Intel64 Family 6 Model 154 Stepping 4, GenuineIntel



---------------  S Y S T E M  ---------------

OS:
 Windows 11 , 64 bit Build 26100 (10.0.26100.9444)
OS uptime: 5 days 6:27 hours
Hyper-V role detected

CPU: total 8 (initial active 8) (4 cores per cpu, 2 threads per core) family 6 model 154 stepping 4 microcode 0x43b, cx8, cmov, fxsr, ht, mmx, 3dnowpref, sse, sse2, sse3, ssse3, sse4.1, sse4.2, popcnt, lzcnt, tsc, tscinvbit, avx, avx2, aes, erms, clmul, bmi1, bmi2, adx, sha, fma, vzeroupper, clflush, clflushopt, clwb, hv

Memory: 4k page, system-wide physical 7867M (88M free)
TotalPageFile size 32443M (AvailPageFile size 14M)
current process WorkingSet (physical memory assigned to process): 487M, peak: 751M
current process commit charge ("private bytes"): 1330M, peak: 1332M

vm_info: Java HotSpot(TM) 64-Bit Server VM (17.0.12+8-LTS-286) for windows-amd64 JRE (17.0.12+8-LTS-286), built on Jun  5 2024 06:46:59 by "mach5one" with MS VC++ 17.6 (VS2022)

END.
